alpha,dummy_input,framework,inversion_warning,kernel,log_lengthscale_init,output_dim,seed,test_score,training_time
0.0,0.0,pytorch,0.0,rbf,auto,10.0,0.0,0.5575,0.6650114059448242
0.0,0.0,pytorch,0.0,rbf,auto,10.0,1.0,0.5251,0.05516767501831055
0.0,0.0,pytorch,0.0,rbf,auto,10.0,2.0,0.5682,0.08176136016845703
0.0,0.0,pytorch,0.0,rbf,auto,10.0,3.0,0.5769,0.03437328338623047
0.0,0.0,pytorch,0.0,rbf,auto,10.0,4.0,0.5331,0.034812211990356445
0.0,0.0,pytorch,0.0,rbf,auto,20.0,0.0,0.6486,0.0659637451171875
0.0,0.0,pytorch,0.0,rbf,auto,20.0,1.0,0.6642,0.0564727783203125
0.0,0.0,pytorch,0.0,rbf,auto,20.0,2.0,0.6493,0.0576784610748291
0.0,0.0,pytorch,0.0,rbf,auto,20.0,3.0,0.6457,0.06847572326660156
0.0,0.0,pytorch,0.0,rbf,auto,20.0,4.0,0.6593,0.06699728965759277
0.0,0.0,pytorch,0.0,rbf,auto,30.0,0.0,0.6969,0.09812140464782715
0.0,0.0,pytorch,0.0,rbf,auto,30.0,1.0,0.7078,0.06379127502441406
0.0,0.0,pytorch,0.0,rbf,auto,30.0,2.0,0.701,0.05190873146057129
0.0,0.0,pytorch,0.0,rbf,auto,30.0,3.0,0.7082,0.05633115768432617
0.0,0.0,pytorch,0.0,rbf,auto,30.0,4.0,0.6904,0.05809473991394043
0.0,0.0,pytorch,0.0,rbf,auto,40.0,0.0,0.7249,0.09309887886047363
0.0,0.0,pytorch,0.0,rbf,auto,40.0,1.0,0.7212,0.07614612579345703
0.0,0.0,pytorch,0.0,rbf,auto,40.0,2.0,0.7368,0.06646847724914551
0.0,0.0,pytorch,0.0,rbf,auto,40.0,3.0,0.7162,0.09677362442016602
0.0,0.0,pytorch,0.0,rbf,auto,40.0,4.0,0.7184,0.0962367057800293
0.0,0.0,pytorch,0.0,rbf,auto,50.0,0.0,0.7423,0.07920956611633301
0.0,0.0,pytorch,0.0,rbf,auto,50.0,1.0,0.7434,0.0817866325378418
0.0,0.0,pytorch,0.0,rbf,auto,50.0,2.0,0.7533,0.07851529121398926
0.0,0.0,pytorch,0.0,rbf,auto,50.0,3.0,0.727,0.07119417190551758
0.0,0.0,pytorch,0.0,rbf,auto,50.0,4.0,0.7237,0.10336709022521973
0.0,0.0,pytorch,0.0,rbf,auto,60.0,0.0,0.7549,0.09292268753051758
0.0,0.0,pytorch,0.0,rbf,auto,60.0,1.0,0.7583,0.14067935943603516
0.0,0.0,pytorch,0.0,rbf,auto,60.0,2.0,0.7557,0.09465217590332031
0.0,0.0,pytorch,0.0,rbf,auto,60.0,3.0,0.745,0.12879633903503418
0.0,0.0,pytorch,0.0,rbf,auto,60.0,4.0,0.7541,0.15748214721679688
0.0,0.0,pytorch,0.0,rbf,auto,70.0,0.0,0.7633,0.11132168769836426
0.0,0.0,pytorch,0.0,rbf,auto,70.0,1.0,0.7707,0.14535117149353027
0.0,0.0,pytorch,0.0,rbf,auto,70.0,2.0,0.7563,0.10207414627075195
0.0,0.0,pytorch,0.0,rbf,auto,70.0,3.0,0.7656,0.1692817211151123
0.0,0.0,pytorch,0.0,rbf,auto,70.0,4.0,0.7699,0.23591852188110352
0.0,0.0,pytorch,0.0,rbf,auto,80.0,0.0,0.7685,0.19935131072998047
0.0,0.0,pytorch,0.0,rbf,auto,80.0,1.0,0.775,0.18666481971740723
0.0,0.0,pytorch,0.0,rbf,auto,80.0,2.0,0.7646,0.1943342685699463
0.0,0.0,pytorch,0.0,rbf,auto,80.0,3.0,0.7707,0.19263505935668945
0.0,0.0,pytorch,0.0,rbf,auto,80.0,4.0,0.7781,0.22068285942077637
0.0,0.0,pytorch,0.0,rbf,auto,90.0,0.0,0.779,0.1920309066772461
0.0,0.0,pytorch,0.0,rbf,auto,90.0,1.0,0.7824,0.21474099159240723
0.0,0.0,pytorch,0.0,rbf,auto,90.0,2.0,0.7742,0.21832871437072754
0.0,0.0,pytorch,0.0,rbf,auto,90.0,3.0,0.7805,0.1925523281097412
0.0,0.0,pytorch,0.0,rbf,auto,90.0,4.0,0.779,0.2527737617492676
0.0,0.0,pytorch,0.0,rbf,auto,100.0,0.0,0.7822,0.2306811809539795
0.0,0.0,pytorch,0.0,rbf,auto,100.0,1.0,0.7815,0.21986627578735352
0.0,0.0,pytorch,0.0,rbf,auto,100.0,2.0,0.7833,0.2659482955932617
0.0,0.0,pytorch,0.0,rbf,auto,100.0,3.0,0.7861,0.27732253074645996
0.0,0.0,pytorch,0.0,rbf,auto,100.0,4.0,0.7808,0.2712838649749756
0.0,0.0,pytorch,0.0,rbf,auto,200.0,0.0,0.8093,0.43987059593200684
0.0,0.0,pytorch,0.0,rbf,auto,200.0,1.0,0.8089,0.39020705223083496
0.0,0.0,pytorch,0.0,rbf,auto,200.0,2.0,0.8052,0.4953806400299072
0.0,0.0,pytorch,0.0,rbf,auto,200.0,3.0,0.802,0.3787498474121094
0.0,0.0,pytorch,0.0,rbf,auto,200.0,4.0,0.8092,0.38594746589660645
0.0,0.0,pytorch,0.0,rbf,auto,300.0,0.0,0.8234,0.4267909526824951
0.0,0.0,pytorch,0.0,rbf,auto,300.0,1.0,0.8192,0.5005578994750977
0.0,0.0,pytorch,0.0,rbf,auto,300.0,2.0,0.8219,0.49773287773132324
0.0,0.0,pytorch,0.0,rbf,auto,300.0,3.0,0.822,0.4159080982208252
0.0,0.0,pytorch,0.0,rbf,auto,300.0,4.0,0.8193,0.38806867599487305
0.0,0.0,pytorch,0.0,rbf,auto,400.0,0.0,0.8309,0.517134428024292
0.0,0.0,pytorch,0.0,rbf,auto,400.0,1.0,0.8287,0.5020120143890381
0.0,0.0,pytorch,0.0,rbf,auto,400.0,2.0,0.8292,0.42733311653137207
0.0,0.0,pytorch,0.0,rbf,auto,400.0,3.0,0.8269,0.5001230239868164
0.0,0.0,pytorch,0.0,rbf,auto,400.0,4.0,0.828,0.7699010372161865
0.0,0.0,pytorch,0.0,rbf,auto,500.0,0.0,0.8359,0.7468502521514893
0.0,0.0,pytorch,0.0,rbf,auto,500.0,1.0,0.837,0.5315089225769043
0.0,0.0,pytorch,0.0,rbf,auto,500.0,2.0,0.8329,1.398686408996582
0.0,0.0,pytorch,0.0,rbf,auto,500.0,3.0,0.8352,0.5852212905883789
0.0,0.0,pytorch,0.0,rbf,auto,500.0,4.0,0.8345,0.6946315765380859
0.0,0.0,pytorch,0.0,rbf,auto,600.0,0.0,0.8407,0.8300151824951172
0.0,0.0,pytorch,0.0,rbf,auto,600.0,1.0,0.8403,0.6743631362915039
0.0,0.0,pytorch,0.0,rbf,auto,600.0,2.0,0.8389,0.7580642700195312
0.0,0.0,pytorch,0.0,rbf,auto,600.0,3.0,0.8384,0.686497688293457
0.0,0.0,pytorch,0.0,rbf,auto,600.0,4.0,0.8427,1.3677072525024414
0.0,0.0,pytorch,0.0,rbf,auto,700.0,0.0,0.843,0.9606750011444092
0.0,0.0,pytorch,0.0,rbf,auto,700.0,1.0,0.8434,0.7719254493713379
0.0,0.0,pytorch,0.0,rbf,auto,700.0,2.0,0.8416,0.8033733367919922
0.0,0.0,pytorch,0.0,rbf,auto,700.0,3.0,0.843,0.8222618103027344
0.0,0.0,pytorch,0.0,rbf,auto,700.0,4.0,0.8463,0.7669448852539062
0.0,0.0,pytorch,0.0,rbf,auto,800.0,0.0,0.8466,0.869835615158081
0.0,0.0,pytorch,0.0,rbf,auto,800.0,1.0,0.8447,1.0447475910186768
0.0,0.0,pytorch,0.0,rbf,auto,800.0,2.0,0.8469,1.1554105281829834
0.0,0.0,pytorch,0.0,rbf,auto,800.0,3.0,0.851,1.0202689170837402
0.0,0.0,pytorch,0.0,rbf,auto,800.0,4.0,0.8469,1.0333702564239502
0.0,0.0,pytorch,0.0,rbf,auto,900.0,0.0,0.8514,1.0567193031311035
0.0,0.0,pytorch,0.0,rbf,auto,900.0,1.0,0.8486,0.9760665893554688
0.0,0.0,pytorch,0.0,rbf,auto,900.0,2.0,0.8498,0.9404547214508057
0.0,0.0,pytorch,0.0,rbf,auto,900.0,3.0,0.8518,1.0104050636291504
0.0,0.0,pytorch,0.0,rbf,auto,900.0,4.0,0.8504,1.2524158954620361
0.0,0.0,pytorch,0.0,rbf,auto,1000.0,0.0,0.8534,1.3030002117156982
0.0,0.0,pytorch,0.0,rbf,auto,1000.0,1.0,0.8517,1.3324265480041504
0.0,0.0,pytorch,0.0,rbf,auto,1000.0,2.0,0.8522,1.2365517616271973
0.0,0.0,pytorch,0.0,rbf,auto,1000.0,3.0,0.8523,1.2353644371032715
0.0,0.0,pytorch,0.0,rbf,auto,1000.0,4.0,0.8534,1.230717658996582
0.0,0.0,pytorch,0.0,rbf,auto,2000.0,0.0,0.8631,5.028209209442139
0.0,0.0,pytorch,0.0,rbf,auto,2000.0,1.0,0.8654,2.9810798168182373
0.0,0.0,pytorch,0.0,rbf,auto,2000.0,2.0,0.8655,3.058316946029663
0.0,0.0,pytorch,0.0,rbf,auto,2000.0,3.0,0.8659,2.8949806690216064
0.0,0.0,pytorch,0.0,rbf,auto,2000.0,4.0,0.8659,3.0565226078033447
0.0,0.0,pytorch,0.0,rbf,auto,3000.0,0.0,0.8692,5.540634393692017
0.0,0.0,pytorch,0.0,rbf,auto,3000.0,1.0,0.8712,5.413164138793945
0.0,0.0,pytorch,0.0,rbf,auto,3000.0,2.0,0.8697,5.152535676956177
0.0,0.0,pytorch,0.0,rbf,auto,3000.0,3.0,0.8718,5.716628551483154
0.0,0.0,pytorch,0.0,rbf,auto,3000.0,4.0,0.8705,5.890009641647339
0.0,0.0,pytorch,0.0,rbf,auto,4000.0,0.0,0.8739,8.180751323699951
0.0,0.0,pytorch,0.0,rbf,auto,4000.0,1.0,0.8746,8.137085676193237
0.0,0.0,pytorch,0.0,rbf,auto,4000.0,2.0,0.8762,8.048444032669067
0.0,0.0,pytorch,0.0,rbf,auto,4000.0,3.0,0.8735,8.07232117652893
0.0,0.0,pytorch,0.0,rbf,auto,4000.0,4.0,0.8751,7.900160789489746
0.0,0.0,pytorch,1.0,rbf,auto,5000.0,0.0,0.8763,12.335994720458984
0.0,0.0,pytorch,1.0,rbf,auto,5000.0,1.0,0.8767,11.992276430130005
0.0,0.0,pytorch,1.0,rbf,auto,5000.0,2.0,0.8782,12.131519079208374
0.0,0.0,pytorch,1.0,rbf,auto,5000.0,3.0,0.8805,11.243467569351196
0.0,0.0,pytorch,0.0,rbf,auto,5000.0,4.0,0.8784,11.593033790588379
0.0,0.0,pytorch,1.0,rbf,auto,10000.0,0.0,0.8818,37.24659252166748
0.0,0.0,pytorch,1.0,rbf,auto,10000.0,1.0,0.8854,37.44955015182495
0.0,0.0,pytorch,1.0,rbf,auto,10000.0,2.0,0.8841,35.18212914466858
0.0,0.0,pytorch,1.0,rbf,auto,10000.0,3.0,0.8852,35.02898025512695
0.0,0.0,pytorch,1.0,rbf,auto,10000.0,4.0,0.8809,33.07774090766907
0.05,0.0,pytorch,0.0,rbf,auto,10.0,0.0,0.5575,0.13121461868286133
0.05,0.0,pytorch,0.0,rbf,auto,10.0,1.0,0.5251,0.05561089515686035
0.05,0.0,pytorch,0.0,rbf,auto,10.0,2.0,0.5682,0.040320396423339844
0.05,0.0,pytorch,0.0,rbf,auto,10.0,3.0,0.5769,0.049009084701538086
0.05,0.0,pytorch,0.0,rbf,auto,10.0,4.0,0.5331,0.05141878128051758
0.05,0.0,pytorch,0.0,rbf,auto,20.0,0.0,0.6486,0.049657583236694336
0.05,0.0,pytorch,0.0,rbf,auto,20.0,1.0,0.6642,0.04317069053649902
0.05,0.0,pytorch,0.0,rbf,auto,20.0,2.0,0.6493,0.03741955757141113
0.05,0.0,pytorch,0.0,rbf,auto,20.0,3.0,0.6457,0.039073944091796875
0.05,0.0,pytorch,0.0,rbf,auto,20.0,4.0,0.6593,0.06259608268737793
0.05,0.0,pytorch,0.0,rbf,auto,30.0,0.0,0.6969,0.061527252197265625
0.05,0.0,pytorch,0.0,rbf,auto,30.0,1.0,0.7078,0.04245257377624512
0.05,0.0,pytorch,0.0,rbf,auto,30.0,2.0,0.701,0.04522085189819336
0.05,0.0,pytorch,0.0,rbf,auto,30.0,3.0,0.7082,0.046230316162109375
0.05,0.0,pytorch,0.0,rbf,auto,30.0,4.0,0.6904,0.0509943962097168
0.05,0.0,pytorch,0.0,rbf,auto,40.0,0.0,0.7249,0.058917999267578125
0.05,0.0,pytorch,0.0,rbf,auto,40.0,1.0,0.7212,0.057859182357788086
0.05,0.0,pytorch,0.0,rbf,auto,40.0,2.0,0.7368,0.05771517753601074
0.05,0.0,pytorch,0.0,rbf,auto,40.0,3.0,0.7162,0.08615684509277344
0.05,0.0,pytorch,0.0,rbf,auto,40.0,4.0,0.7184,0.08701229095458984
0.05,0.0,pytorch,0.0,rbf,auto,50.0,0.0,0.7423,0.08550548553466797
0.05,0.0,pytorch,0.0,rbf,auto,50.0,1.0,0.7435,0.07544422149658203
0.05,0.0,pytorch,0.0,rbf,auto,50.0,2.0,0.7533,0.09264087677001953
0.05,0.0,pytorch,0.0,rbf,auto,50.0,3.0,0.727,0.10645127296447754
0.05,0.0,pytorch,0.0,rbf,auto,50.0,4.0,0.7237,0.09375834465026855
0.05,0.0,pytorch,0.0,rbf,auto,60.0,0.0,0.7549,0.08998322486877441
0.05,0.0,pytorch,0.0,rbf,auto,60.0,1.0,0.7583,0.11840319633483887
0.05,0.0,pytorch,0.0,rbf,auto,60.0,2.0,0.7557,0.10639524459838867
0.05,0.0,pytorch,0.0,rbf,auto,60.0,3.0,0.745,0.11966896057128906
0.05,0.0,pytorch,0.0,rbf,auto,60.0,4.0,0.7541,0.11408662796020508
0.05,0.0,pytorch,0.0,rbf,auto,70.0,0.0,0.7633,0.1302022933959961
0.05,0.0,pytorch,0.0,rbf,auto,70.0,1.0,0.7707,0.16350579261779785
0.05,0.0,pytorch,0.0,rbf,auto,70.0,2.0,0.7563,0.13538002967834473
0.05,0.0,pytorch,0.0,rbf,auto,70.0,3.0,0.7656,0.18412160873413086
0.05,0.0,pytorch,0.0,rbf,auto,70.0,4.0,0.7699,0.20313763618469238
0.05,0.0,pytorch,0.0,rbf,auto,80.0,0.0,0.7685,0.16094422340393066
0.05,0.0,pytorch,0.0,rbf,auto,80.0,1.0,0.775,0.18047666549682617
0.05,0.0,pytorch,0.0,rbf,auto,80.0,2.0,0.7646,0.1709275245666504
0.05,0.0,pytorch,0.0,rbf,auto,80.0,3.0,0.7707,0.16253447532653809
0.05,0.0,pytorch,0.0,rbf,auto,80.0,4.0,0.7781,0.19085097312927246
0.05,0.0,pytorch,0.0,rbf,auto,90.0,0.0,0.779,0.21634745597839355
0.05,0.0,pytorch,0.0,rbf,auto,90.0,1.0,0.7824,0.2243361473083496
0.05,0.0,pytorch,0.0,rbf,auto,90.0,2.0,0.7742,0.1630079746246338
0.05,0.0,pytorch,0.0,rbf,auto,90.0,3.0,0.7805,0.1918952465057373
0.05,0.0,pytorch,0.0,rbf,auto,90.0,4.0,0.779,0.21342849731445312
0.05,0.0,pytorch,0.0,rbf,auto,100.0,0.0,0.7822,0.20866084098815918
0.05,0.0,pytorch,0.0,rbf,auto,100.0,1.0,0.7815,0.22116994857788086
0.05,0.0,pytorch,0.0,rbf,auto,100.0,2.0,0.7833,0.2715120315551758
0.05,0.0,pytorch,0.0,rbf,auto,100.0,3.0,0.7861,0.2522873878479004
0.05,0.0,pytorch,0.0,rbf,auto,100.0,4.0,0.7808,0.2564699649810791
0.05,0.0,pytorch,0.0,rbf,auto,200.0,0.0,0.8093,0.41364526748657227
0.05,0.0,pytorch,0.0,rbf,auto,200.0,1.0,0.8089,0.4230794906616211
0.05,0.0,pytorch,0.0,rbf,auto,200.0,2.0,0.8052,0.42255306243896484
0.05,0.0,pytorch,0.0,rbf,auto,200.0,3.0,0.802,0.43150806427001953
0.05,0.0,pytorch,0.0,rbf,auto,200.0,4.0,0.8092,0.47115206718444824
0.05,0.0,pytorch,0.0,rbf,auto,300.0,0.0,0.8234,0.37279200553894043
0.05,0.0,pytorch,0.0,rbf,auto,300.0,1.0,0.8192,0.356304407119751
0.05,0.0,pytorch,0.0,rbf,auto,300.0,2.0,0.8219,0.43154025077819824
0.05,0.0,pytorch,0.0,rbf,auto,300.0,3.0,0.822,0.42770886421203613
0.05,0.0,pytorch,0.0,rbf,auto,300.0,4.0,0.8193,0.5690293312072754
0.05,0.0,pytorch,0.0,rbf,auto,400.0,0.0,0.8309,0.5393121242523193
0.05,0.0,pytorch,0.0,rbf,auto,400.0,1.0,0.8287,0.5040755271911621
0.05,0.0,pytorch,0.0,rbf,auto,400.0,2.0,0.8292,0.41283464431762695
0.05,0.0,pytorch,0.0,rbf,auto,400.0,3.0,0.8269,0.4493093490600586
0.05,0.0,pytorch,0.0,rbf,auto,400.0,4.0,0.828,0.5152251720428467
0.05,0.0,pytorch,0.0,rbf,auto,500.0,0.0,0.8359,0.6023917198181152
0.05,0.0,pytorch,0.0,rbf,auto,500.0,1.0,0.837,0.6100504398345947
0.05,0.0,pytorch,0.0,rbf,auto,500.0,2.0,0.8329,0.5995044708251953
0.05,0.0,pytorch,0.0,rbf,auto,500.0,3.0,0.8352,0.6642923355102539
0.05,0.0,pytorch,0.0,rbf,auto,500.0,4.0,0.8345,0.617877721786499
0.05,0.0,pytorch,0.0,rbf,auto,600.0,0.0,0.8407,0.6623218059539795
0.05,0.0,pytorch,0.0,rbf,auto,600.0,1.0,0.8403,0.6758675575256348
0.05,0.0,pytorch,0.0,rbf,auto,600.0,2.0,0.8389,0.5741348266601562
0.05,0.0,pytorch,0.0,rbf,auto,600.0,3.0,0.8384,0.5899603366851807
0.05,0.0,pytorch,0.0,rbf,auto,600.0,4.0,0.8427,0.5808346271514893
0.05,0.0,pytorch,0.0,rbf,auto,700.0,0.0,0.843,0.7607648372650146
0.05,0.0,pytorch,0.0,rbf,auto,700.0,1.0,0.8434,0.711266279220581
0.05,0.0,pytorch,0.0,rbf,auto,700.0,2.0,0.8416,0.6966087818145752
0.05,0.0,pytorch,0.0,rbf,auto,700.0,3.0,0.843,0.7798819541931152
0.05,0.0,pytorch,0.0,rbf,auto,700.0,4.0,0.8463,0.8696815967559814
0.05,0.0,pytorch,0.0,rbf,auto,800.0,0.0,0.8466,1.0338554382324219
0.05,0.0,pytorch,0.0,rbf,auto,800.0,1.0,0.8447,0.9625053405761719
0.05,0.0,pytorch,0.0,rbf,auto,800.0,2.0,0.8469,0.9575929641723633
0.05,0.0,pytorch,0.0,rbf,auto,800.0,3.0,0.851,0.9202568531036377
0.05,0.0,pytorch,0.0,rbf,auto,800.0,4.0,0.8469,0.9411792755126953
0.05,0.0,pytorch,0.0,rbf,auto,900.0,0.0,0.8514,1.1330101490020752
0.05,0.0,pytorch,0.0,rbf,auto,900.0,1.0,0.8486,0.9490518569946289
0.05,0.0,pytorch,0.0,rbf,auto,900.0,2.0,0.8498,0.9527487754821777
0.05,0.0,pytorch,0.0,rbf,auto,900.0,3.0,0.8518,0.9617338180541992
0.05,0.0,pytorch,0.0,rbf,auto,900.0,4.0,0.8504,1.0558135509490967
0.05,0.0,pytorch,0.0,rbf,auto,1000.0,0.0,0.8534,1.2497453689575195
0.05,0.0,pytorch,0.0,rbf,auto,1000.0,1.0,0.8517,1.1273653507232666
0.05,0.0,pytorch,0.0,rbf,auto,1000.0,2.0,0.8522,1.3493921756744385
0.05,0.0,pytorch,0.0,rbf,auto,1000.0,3.0,0.8523,1.2186951637268066
0.05,0.0,pytorch,0.0,rbf,auto,1000.0,4.0,0.8533,1.0721826553344727
0.05,0.0,pytorch,0.0,rbf,auto,2000.0,0.0,0.8631,2.989914655685425
0.05,0.0,pytorch,0.0,rbf,auto,2000.0,1.0,0.8654,2.8518731594085693
0.05,0.0,pytorch,0.0,rbf,auto,2000.0,2.0,0.8655,3.2065176963806152
0.05,0.0,pytorch,0.0,rbf,auto,2000.0,3.0,0.8659,3.1006853580474854
0.05,0.0,pytorch,0.0,rbf,auto,2000.0,4.0,0.8659,2.994305372238159
0.05,0.0,pytorch,0.0,rbf,auto,3000.0,0.0,0.8692,5.53790283203125
0.05,0.0,pytorch,0.0,rbf,auto,3000.0,1.0,0.8712,7.693641901016235
0.05,0.0,pytorch,0.0,rbf,auto,3000.0,2.0,0.8697,5.554569244384766
0.05,0.0,pytorch,0.0,rbf,auto,3000.0,3.0,0.8717,6.2386298179626465
0.05,0.0,pytorch,0.0,rbf,auto,3000.0,4.0,0.8705,6.0069053173065186
0.05,0.0,pytorch,0.0,rbf,auto,4000.0,0.0,0.8739,8.499988794326782
0.05,0.0,pytorch,0.0,rbf,auto,4000.0,1.0,0.8746,8.074772119522095
0.05,0.0,pytorch,0.0,rbf,auto,4000.0,2.0,0.8763,8.561879634857178
0.05,0.0,pytorch,0.0,rbf,auto,4000.0,3.0,0.8735,8.315287113189697
0.05,0.0,pytorch,0.0,rbf,auto,4000.0,4.0,0.8751,7.966315269470215
0.05,0.0,pytorch,1.0,rbf,auto,5000.0,0.0,0.8763,12.19889235496521
0.05,0.0,pytorch,1.0,rbf,auto,5000.0,1.0,0.8767,11.573561429977417
0.05,0.0,pytorch,1.0,rbf,auto,5000.0,2.0,0.8782,11.932492733001709
0.05,0.0,pytorch,1.0,rbf,auto,5000.0,3.0,0.8805,13.17031216621399
0.05,0.0,pytorch,0.0,rbf,auto,5000.0,4.0,0.8784,12.62412166595459
0.05,0.0,pytorch,1.0,rbf,auto,10000.0,0.0,0.882,38.095242738723755
0.05,0.0,pytorch,1.0,rbf,auto,10000.0,1.0,0.8853,33.4842312335968
0.05,0.0,pytorch,1.0,rbf,auto,10000.0,2.0,0.8841,33.754549980163574
0.05,0.0,pytorch,1.0,rbf,auto,10000.0,3.0,0.8852,34.182703256607056
0.05,0.0,pytorch,1.0,rbf,auto,10000.0,4.0,0.8809,33.28389883041382
0.1,0.0,pytorch,0.0,rbf,auto,10.0,0.0,0.5575,0.08389997482299805
0.1,0.0,pytorch,0.0,rbf,auto,10.0,1.0,0.5251,0.05212664604187012
0.1,0.0,pytorch,0.0,rbf,auto,10.0,2.0,0.5682,0.03993964195251465
0.1,0.0,pytorch,0.0,rbf,auto,10.0,3.0,0.5769,0.03323769569396973
0.1,0.0,pytorch,0.0,rbf,auto,10.0,4.0,0.5331,0.03390669822692871
0.1,0.0,pytorch,0.0,rbf,auto,20.0,0.0,0.6486,0.04406428337097168
0.1,0.0,pytorch,0.0,rbf,auto,20.0,1.0,0.6642,0.0425570011138916
0.1,0.0,pytorch,0.0,rbf,auto,20.0,2.0,0.6493,0.04332399368286133
0.1,0.0,pytorch,0.0,rbf,auto,20.0,3.0,0.6457,0.04592108726501465
0.1,0.0,pytorch,0.0,rbf,auto,20.0,4.0,0.6593,0.04618501663208008
0.1,0.0,pytorch,0.0,rbf,auto,30.0,0.0,0.6969,0.08091020584106445
0.1,0.0,pytorch,0.0,rbf,auto,30.0,1.0,0.7078,0.05331301689147949
0.1,0.0,pytorch,0.0,rbf,auto,30.0,2.0,0.701,0.05559062957763672
0.1,0.0,pytorch,0.0,rbf,auto,30.0,3.0,0.7082,0.05480194091796875
0.1,0.0,pytorch,0.0,rbf,auto,30.0,4.0,0.6904,0.05752253532409668
0.1,0.0,pytorch,0.0,rbf,auto,40.0,0.0,0.7249,0.06439018249511719
0.1,0.0,pytorch,0.0,rbf,auto,40.0,1.0,0.7212,0.07398629188537598
0.1,0.0,pytorch,0.0,rbf,auto,40.0,2.0,0.7368,0.06513023376464844
0.1,0.0,pytorch,0.0,rbf,auto,40.0,3.0,0.7162,0.0717172622680664
0.1,0.0,pytorch,0.0,rbf,auto,40.0,4.0,0.7184,0.0710134506225586
0.1,0.0,pytorch,0.0,rbf,auto,50.0,0.0,0.7423,0.07791495323181152
0.1,0.0,pytorch,0.0,rbf,auto,50.0,1.0,0.7435,0.09906363487243652
0.1,0.0,pytorch,0.0,rbf,auto,50.0,2.0,0.7533,0.09372639656066895
0.1,0.0,pytorch,0.0,rbf,auto,50.0,3.0,0.727,0.10133814811706543
0.1,0.0,pytorch,0.0,rbf,auto,50.0,4.0,0.7237,0.08322548866271973
0.1,0.0,pytorch,0.0,rbf,auto,60.0,0.0,0.7549,0.09571313858032227
0.1,0.0,pytorch,0.0,rbf,auto,60.0,1.0,0.7583,0.11079907417297363
0.1,0.0,pytorch,0.0,rbf,auto,60.0,2.0,0.7557,0.1202845573425293
0.1,0.0,pytorch,0.0,rbf,auto,60.0,3.0,0.745,0.12518954277038574
0.1,0.0,pytorch,0.0,rbf,auto,60.0,4.0,0.7541,0.12865304946899414
0.1,0.0,pytorch,0.0,rbf,auto,70.0,0.0,0.7633,0.13835740089416504
0.1,0.0,pytorch,0.0,rbf,auto,70.0,1.0,0.7707,0.13134241104125977
0.1,0.0,pytorch,0.0,rbf,auto,70.0,2.0,0.7563,0.15858149528503418
0.1,0.0,pytorch,0.0,rbf,auto,70.0,3.0,0.7656,0.16692876815795898
0.1,0.0,pytorch,0.0,rbf,auto,70.0,4.0,0.7699,0.18723082542419434
0.1,0.0,pytorch,0.0,rbf,auto,80.0,0.0,0.7685,0.1768968105316162
0.1,0.0,pytorch,0.0,rbf,auto,80.0,1.0,0.775,0.1894974708557129
0.1,0.0,pytorch,0.0,rbf,auto,80.0,2.0,0.7646,0.17293119430541992
0.1,0.0,pytorch,0.0,rbf,auto,80.0,3.0,0.7707,0.17974019050598145
0.1,0.0,pytorch,0.0,rbf,auto,80.0,4.0,0.7781,0.196486234664917
0.1,0.0,pytorch,0.0,rbf,auto,90.0,0.0,0.779,0.16184258460998535
0.1,0.0,pytorch,0.0,rbf,auto,90.0,1.0,0.7824,0.19191551208496094
0.1,0.0,pytorch,0.0,rbf,auto,90.0,2.0,0.7742,0.20031142234802246
0.1,0.0,pytorch,0.0,rbf,auto,90.0,3.0,0.7805,0.2165050506591797
0.1,0.0,pytorch,0.0,rbf,auto,90.0,4.0,0.779,0.23186635971069336
0.1,0.0,pytorch,0.0,rbf,auto,100.0,0.0,0.7822,0.20180749893188477
0.1,0.0,pytorch,0.0,rbf,auto,100.0,1.0,0.7815,0.25317835807800293
0.1,0.0,pytorch,0.0,rbf,auto,100.0,2.0,0.7833,0.29634642601013184
0.1,0.0,pytorch,0.0,rbf,auto,100.0,3.0,0.7861,0.2233123779296875
0.1,0.0,pytorch,0.0,rbf,auto,100.0,4.0,0.7808,0.23312163352966309
0.1,0.0,pytorch,0.0,rbf,auto,200.0,0.0,0.8093,0.4967646598815918
0.1,0.0,pytorch,0.0,rbf,auto,200.0,1.0,0.8089,0.39609837532043457
0.1,0.0,pytorch,0.0,rbf,auto,200.0,2.0,0.8052,0.43285226821899414
0.1,0.0,pytorch,0.0,rbf,auto,200.0,3.0,0.802,0.43723392486572266
0.1,0.0,pytorch,0.0,rbf,auto,200.0,4.0,0.8092,0.43450212478637695
0.1,0.0,pytorch,0.0,rbf,auto,300.0,0.0,0.8234,0.41483187675476074
0.1,0.0,pytorch,0.0,rbf,auto,300.0,1.0,0.8192,0.3847808837890625
0.1,0.0,pytorch,0.0,rbf,auto,300.0,2.0,0.8219,0.5051143169403076
0.1,0.0,pytorch,0.0,rbf,auto,300.0,3.0,0.822,0.5105211734771729
0.1,0.0,pytorch,0.0,rbf,auto,300.0,4.0,0.8193,0.40614748001098633
0.1,0.0,pytorch,0.0,rbf,auto,400.0,0.0,0.8309,0.5169944763183594
0.1,0.0,pytorch,0.0,rbf,auto,400.0,1.0,0.8287,0.5209612846374512
0.1,0.0,pytorch,0.0,rbf,auto,400.0,2.0,0.8292,0.5164291858673096
0.1,0.0,pytorch,0.0,rbf,auto,400.0,3.0,0.8269,0.4498007297515869
0.1,0.0,pytorch,0.0,rbf,auto,400.0,4.0,0.828,0.4473721981048584
0.1,0.0,pytorch,0.0,rbf,auto,500.0,0.0,0.8359,0.6274282932281494
0.1,0.0,pytorch,0.0,rbf,auto,500.0,1.0,0.837,0.7951264381408691
0.1,0.0,pytorch,0.0,rbf,auto,500.0,2.0,0.8329,0.6824102401733398
0.1,0.0,pytorch,0.0,rbf,auto,500.0,3.0,0.8352,0.6504189968109131
0.1,0.0,pytorch,0.0,rbf,auto,500.0,4.0,0.8345,0.6750438213348389
0.1,0.0,pytorch,0.0,rbf,auto,600.0,0.0,0.8407,0.7605795860290527
0.1,0.0,pytorch,0.0,rbf,auto,600.0,1.0,0.8403,0.7562675476074219
0.1,0.0,pytorch,0.0,rbf,auto,600.0,2.0,0.8389,0.6709802150726318
0.1,0.0,pytorch,0.0,rbf,auto,600.0,3.0,0.8384,0.5958659648895264
0.1,0.0,pytorch,0.0,rbf,auto,600.0,4.0,0.8427,0.7708714008331299
0.1,0.0,pytorch,0.0,rbf,auto,700.0,0.0,0.843,0.951951265335083
0.1,0.0,pytorch,0.0,rbf,auto,700.0,1.0,0.8434,0.7560272216796875
0.1,0.0,pytorch,0.0,rbf,auto,700.0,2.0,0.8416,0.6853654384613037
0.1,0.0,pytorch,0.0,rbf,auto,700.0,3.0,0.843,0.6739058494567871
0.1,0.0,pytorch,0.0,rbf,auto,700.0,4.0,0.8463,0.7752583026885986
0.1,0.0,pytorch,0.0,rbf,auto,800.0,0.0,0.8466,0.9370644092559814
0.1,0.0,pytorch,0.0,rbf,auto,800.0,1.0,0.8447,0.8887865543365479
0.1,0.0,pytorch,0.0,rbf,auto,800.0,2.0,0.8469,0.7710866928100586
0.1,0.0,pytorch,0.0,rbf,auto,800.0,3.0,0.851,0.9620311260223389
0.1,0.0,pytorch,0.0,rbf,auto,800.0,4.0,0.8469,0.9607176780700684
0.1,0.0,pytorch,0.0,rbf,auto,900.0,0.0,0.8514,0.9447727203369141
0.1,0.0,pytorch,0.0,rbf,auto,900.0,1.0,0.8486,0.9576013088226318
0.1,0.0,pytorch,0.0,rbf,auto,900.0,2.0,0.8498,0.8900001049041748
0.1,0.0,pytorch,0.0,rbf,auto,900.0,3.0,0.8518,1.4519789218902588
0.1,0.0,pytorch,0.0,rbf,auto,900.0,4.0,0.8504,1.3554942607879639
0.1,0.0,pytorch,0.0,rbf,auto,1000.0,0.0,0.8534,1.2895746231079102
0.1,0.0,pytorch,0.0,rbf,auto,1000.0,1.0,0.8517,1.1651592254638672
0.1,0.0,pytorch,0.0,rbf,auto,1000.0,2.0,0.8521,1.221407413482666
0.1,0.0,pytorch,0.0,rbf,auto,1000.0,3.0,0.8523,1.4335732460021973
0.1,0.0,pytorch,0.0,rbf,auto,1000.0,4.0,0.8533,1.3255271911621094
0.1,0.0,pytorch,0.0,rbf,auto,2000.0,0.0,0.863,3.0511696338653564
0.1,0.0,pytorch,0.0,rbf,auto,2000.0,1.0,0.8654,3.121856451034546
0.1,0.0,pytorch,0.0,rbf,auto,2000.0,2.0,0.8655,3.1428349018096924
0.1,0.0,pytorch,0.0,rbf,auto,2000.0,3.0,0.8659,3.286965847015381
0.1,0.0,pytorch,0.0,rbf,auto,2000.0,4.0,0.8659,3.0942976474761963
0.1,0.0,pytorch,0.0,rbf,auto,3000.0,0.0,0.8692,5.728153705596924
0.1,0.0,pytorch,0.0,rbf,auto,3000.0,1.0,0.8712,7.406911849975586
0.1,0.0,pytorch,0.0,rbf,auto,3000.0,2.0,0.8697,5.43720269203186
0.1,0.0,pytorch,0.0,rbf,auto,3000.0,3.0,0.8717,5.365812301635742
0.1,0.0,pytorch,0.0,rbf,auto,3000.0,4.0,0.8705,5.562396049499512
0.1,0.0,pytorch,0.0,rbf,auto,4000.0,0.0,0.8739,8.33680272102356
0.1,0.0,pytorch,0.0,rbf,auto,4000.0,1.0,0.8746,9.298514366149902
0.1,0.0,pytorch,0.0,rbf,auto,4000.0,2.0,0.8762,8.312931537628174
0.1,0.0,pytorch,0.0,rbf,auto,4000.0,3.0,0.8735,8.278464555740356
0.1,0.0,pytorch,0.0,rbf,auto,4000.0,4.0,0.8751,8.000914096832275
0.1,0.0,pytorch,1.0,rbf,auto,5000.0,0.0,0.8763,11.675095558166504
0.1,0.0,pytorch,1.0,rbf,auto,5000.0,1.0,0.8767,11.566604375839233
0.1,0.0,pytorch,1.0,rbf,auto,5000.0,2.0,0.8782,11.103509187698364
0.1,0.0,pytorch,1.0,rbf,auto,5000.0,3.0,0.8805,12.510602474212646
0.1,0.0,pytorch,0.0,rbf,auto,5000.0,4.0,0.8783,12.227578401565552
0.1,0.0,pytorch,1.0,rbf,auto,10000.0,0.0,0.8819,38.004420042037964
0.1,0.0,pytorch,1.0,rbf,auto,10000.0,1.0,0.8854,36.05234098434448
0.1,0.0,pytorch,1.0,rbf,auto,10000.0,2.0,0.884,35.6071994304657
0.1,0.0,pytorch,1.0,rbf,auto,10000.0,3.0,0.8852,34.778484582901
0.1,0.0,pytorch,1.0,rbf,auto,10000.0,4.0,0.8809,34.53581523895264
0.5,0.0,pytorch,0.0,rbf,auto,10.0,0.0,0.5575,0.08617854118347168
0.5,0.0,pytorch,0.0,rbf,auto,10.0,1.0,0.5251,0.05167436599731445
0.5,0.0,pytorch,0.0,rbf,auto,10.0,2.0,0.5682,0.04071855545043945
0.5,0.0,pytorch,0.0,rbf,auto,10.0,3.0,0.5769,0.034017086029052734
0.5,0.0,pytorch,0.0,rbf,auto,10.0,4.0,0.5331,0.03406572341918945
0.5,0.0,pytorch,0.0,rbf,auto,20.0,0.0,0.6486,0.04479050636291504
0.5,0.0,pytorch,0.0,rbf,auto,20.0,1.0,0.6642,0.042174577713012695
0.5,0.0,pytorch,0.0,rbf,auto,20.0,2.0,0.6493,0.041796207427978516
0.5,0.0,pytorch,0.0,rbf,auto,20.0,3.0,0.6457,0.04561042785644531
0.5,0.0,pytorch,0.0,rbf,auto,20.0,4.0,0.6593,0.05612516403198242
0.5,0.0,pytorch,0.0,rbf,auto,30.0,0.0,0.6969,0.06618690490722656
0.5,0.0,pytorch,0.0,rbf,auto,30.0,1.0,0.7078,0.05257272720336914
0.5,0.0,pytorch,0.0,rbf,auto,30.0,2.0,0.7012,0.04132699966430664
0.5,0.0,pytorch,0.0,rbf,auto,30.0,3.0,0.7083,0.04302692413330078
0.5,0.0,pytorch,0.0,rbf,auto,30.0,4.0,0.6904,0.04563617706298828
0.5,0.0,pytorch,0.0,rbf,auto,40.0,0.0,0.7249,0.07797598838806152
0.5,0.0,pytorch,0.0,rbf,auto,40.0,1.0,0.7212,0.06271982192993164
0.5,0.0,pytorch,0.0,rbf,auto,40.0,2.0,0.7368,0.11656618118286133
0.5,0.0,pytorch,0.0,rbf,auto,40.0,3.0,0.7162,0.06499719619750977
0.5,0.0,pytorch,0.0,rbf,auto,40.0,4.0,0.7184,0.06359624862670898
0.5,0.0,pytorch,0.0,rbf,auto,50.0,0.0,0.7423,0.08862805366516113
0.5,0.0,pytorch,0.0,rbf,auto,50.0,1.0,0.7435,0.07699203491210938
0.5,0.0,pytorch,0.0,rbf,auto,50.0,2.0,0.7533,0.08796882629394531
0.5,0.0,pytorch,0.0,rbf,auto,50.0,3.0,0.727,0.08548331260681152
0.5,0.0,pytorch,0.0,rbf,auto,50.0,4.0,0.7237,0.06590843200683594
0.5,0.0,pytorch,0.0,rbf,auto,60.0,0.0,0.7549,0.07993483543395996
0.5,0.0,pytorch,0.0,rbf,auto,60.0,1.0,0.7583,0.11781716346740723
0.5,0.0,pytorch,0.0,rbf,auto,60.0,2.0,0.7557,0.11073184013366699
0.5,0.0,pytorch,0.0,rbf,auto,60.0,3.0,0.745,0.10492920875549316
0.5,0.0,pytorch,0.0,rbf,auto,60.0,4.0,0.7541,0.13751578330993652
0.5,0.0,pytorch,0.0,rbf,auto,70.0,0.0,0.7633,0.14553356170654297
0.5,0.0,pytorch,0.0,rbf,auto,70.0,1.0,0.7707,0.1706678867340088
0.5,0.0,pytorch,0.0,rbf,auto,70.0,2.0,0.7563,0.17104339599609375
0.5,0.0,pytorch,0.0,rbf,auto,70.0,3.0,0.7656,0.17055487632751465
0.5,0.0,pytorch,0.0,rbf,auto,70.0,4.0,0.7699,0.1876521110534668
0.5,0.0,pytorch,0.0,rbf,auto,80.0,0.0,0.7685,0.19301128387451172
0.5,0.0,pytorch,0.0,rbf,auto,80.0,1.0,0.775,0.20293164253234863
0.5,0.0,pytorch,0.0,rbf,auto,80.0,2.0,0.7646,0.22747230529785156
0.5,0.0,pytorch,0.0,rbf,auto,80.0,3.0,0.7707,0.17046666145324707
0.5,0.0,pytorch,0.0,rbf,auto,80.0,4.0,0.7781,0.19088125228881836
0.5,0.0,pytorch,0.0,rbf,auto,90.0,0.0,0.7789,0.20551633834838867
0.5,0.0,pytorch,0.0,rbf,auto,90.0,1.0,0.7824,0.20873808860778809
0.5,0.0,pytorch,0.0,rbf,auto,90.0,2.0,0.7741,0.2154226303100586
0.5,0.0,pytorch,0.0,rbf,auto,90.0,3.0,0.7805,0.18550682067871094
0.5,0.0,pytorch,0.0,rbf,auto,90.0,4.0,0.779,0.26379871368408203
0.5,0.0,pytorch,0.0,rbf,auto,100.0,0.0,0.7822,0.21040081977844238
0.5,0.0,pytorch,0.0,rbf,auto,100.0,1.0,0.7815,0.20849609375
0.5,0.0,pytorch,0.0,rbf,auto,100.0,2.0,0.7833,0.20970511436462402
0.5,0.0,pytorch,0.0,rbf,auto,100.0,3.0,0.7861,0.2533302307128906
0.5,0.0,pytorch,0.0,rbf,auto,100.0,4.0,0.7808,0.24084711074829102
0.5,0.0,pytorch,0.0,rbf,auto,200.0,0.0,0.8092,0.5178945064544678
0.5,0.0,pytorch,0.0,rbf,auto,200.0,1.0,0.8089,0.4700295925140381
0.5,0.0,pytorch,0.0,rbf,auto,200.0,2.0,0.8052,0.4300510883331299
0.5,0.0,pytorch,0.0,rbf,auto,200.0,3.0,0.802,0.3627660274505615
0.5,0.0,pytorch,0.0,rbf,auto,200.0,4.0,0.8092,0.4086432456970215
0.5,0.0,pytorch,0.0,rbf,auto,300.0,0.0,0.8234,0.42755889892578125
0.5,0.0,pytorch,0.0,rbf,auto,300.0,1.0,0.8192,0.4158651828765869
0.5,0.0,pytorch,0.0,rbf,auto,300.0,2.0,0.8219,0.42626214027404785
0.5,0.0,pytorch,0.0,rbf,auto,300.0,3.0,0.822,0.38016557693481445
0.5,0.0,pytorch,0.0,rbf,auto,300.0,4.0,0.8193,0.45546817779541016
0.5,0.0,pytorch,0.0,rbf,auto,400.0,0.0,0.8309,0.6873431205749512
0.5,0.0,pytorch,0.0,rbf,auto,400.0,1.0,0.8287,0.46819591522216797
0.5,0.0,pytorch,0.0,rbf,auto,400.0,2.0,0.8292,0.516822099685669
0.5,0.0,pytorch,0.0,rbf,auto,400.0,3.0,0.8269,0.48124098777770996
0.5,0.0,pytorch,0.0,rbf,auto,400.0,4.0,0.828,0.5903103351593018
0.5,0.0,pytorch,0.0,rbf,auto,500.0,0.0,0.8359,0.58384108543396
0.5,0.0,pytorch,0.0,rbf,auto,500.0,1.0,0.837,0.6449215412139893
0.5,0.0,pytorch,0.0,rbf,auto,500.0,2.0,0.8329,0.6036376953125
0.5,0.0,pytorch,0.0,rbf,auto,500.0,3.0,0.8352,0.5766994953155518
0.5,0.0,pytorch,0.0,rbf,auto,500.0,4.0,0.8345,0.5981428623199463
0.5,0.0,pytorch,0.0,rbf,auto,600.0,0.0,0.8407,1.3870398998260498
0.5,0.0,pytorch,0.0,rbf,auto,600.0,1.0,0.8403,0.7168560028076172
0.5,0.0,pytorch,0.0,rbf,auto,600.0,2.0,0.8389,0.7348544597625732
0.5,0.0,pytorch,0.0,rbf,auto,600.0,3.0,0.8384,0.79298996925354
0.5,0.0,pytorch,0.0,rbf,auto,600.0,4.0,0.8427,0.7555975914001465
0.5,0.0,pytorch,0.0,rbf,auto,700.0,0.0,0.843,0.7728590965270996
0.5,0.0,pytorch,0.0,rbf,auto,700.0,1.0,0.8433,1.1043939590454102
0.5,0.0,pytorch,0.0,rbf,auto,700.0,2.0,0.8416,0.7750406265258789
0.5,0.0,pytorch,0.0,rbf,auto,700.0,3.0,0.843,0.8744380474090576
0.5,0.0,pytorch,0.0,rbf,auto,700.0,4.0,0.8462,0.7903823852539062
0.5,0.0,pytorch,0.0,rbf,auto,800.0,0.0,0.8466,1.0591785907745361
0.5,0.0,pytorch,0.0,rbf,auto,800.0,1.0,0.8447,0.890615701675415
0.5,0.0,pytorch,0.0,rbf,auto,800.0,2.0,0.8469,0.7858636379241943
0.5,0.0,pytorch,0.0,rbf,auto,800.0,3.0,0.851,0.8419573307037354
0.5,0.0,pytorch,0.0,rbf,auto,800.0,4.0,0.8469,0.8715779781341553
0.5,0.0,pytorch,0.0,rbf,auto,900.0,0.0,0.8514,1.039654016494751
0.5,0.0,pytorch,0.0,rbf,auto,900.0,1.0,0.8486,1.0819072723388672
0.5,0.0,pytorch,0.0,rbf,auto,900.0,2.0,0.8498,1.2304506301879883
0.5,0.0,pytorch,0.0,rbf,auto,900.0,3.0,0.8518,1.233276128768921
0.5,0.0,pytorch,0.0,rbf,auto,900.0,4.0,0.8504,1.2164034843444824
0.5,0.0,pytorch,0.0,rbf,auto,1000.0,0.0,0.8534,1.403573751449585
0.5,0.0,pytorch,0.0,rbf,auto,1000.0,1.0,0.8517,1.3888745307922363
0.5,0.0,pytorch,0.0,rbf,auto,1000.0,2.0,0.8521,1.4336881637573242
0.5,0.0,pytorch,0.0,rbf,auto,1000.0,3.0,0.8523,1.2363762855529785
0.5,0.0,pytorch,0.0,rbf,auto,1000.0,4.0,0.8532,1.2440743446350098
0.5,0.0,pytorch,0.0,rbf,auto,2000.0,0.0,0.863,2.7940545082092285
0.5,0.0,pytorch,0.0,rbf,auto,2000.0,1.0,0.8653,3.0051379203796387
0.5,0.0,pytorch,0.0,rbf,auto,2000.0,2.0,0.8655,2.9487321376800537
0.5,0.0,pytorch,0.0,rbf,auto,2000.0,3.0,0.8659,2.90077805519104
0.5,0.0,pytorch,0.0,rbf,auto,2000.0,4.0,0.8659,3.0225930213928223
0.5,0.0,pytorch,0.0,rbf,auto,3000.0,0.0,0.8692,5.512246370315552
0.5,0.0,pytorch,0.0,rbf,auto,3000.0,1.0,0.8712,5.380828619003296
0.5,0.0,pytorch,0.0,rbf,auto,3000.0,2.0,0.8697,5.160167217254639
0.5,0.0,pytorch,0.0,rbf,auto,3000.0,3.0,0.8717,5.492981433868408
0.5,0.0,pytorch,0.0,rbf,auto,3000.0,4.0,0.8705,5.9273130893707275
0.5,0.0,pytorch,0.0,rbf,auto,4000.0,0.0,0.874,8.619921445846558
0.5,0.0,pytorch,0.0,rbf,auto,4000.0,1.0,0.8746,8.12935996055603
0.5,0.0,pytorch,0.0,rbf,auto,4000.0,2.0,0.8762,8.15057635307312
0.5,0.0,pytorch,0.0,rbf,auto,4000.0,3.0,0.8735,8.242031574249268
0.5,0.0,pytorch,0.0,rbf,auto,4000.0,4.0,0.875,8.449692964553833
0.5,0.0,pytorch,1.0,rbf,auto,5000.0,0.0,0.8763,12.932833433151245
0.5,0.0,pytorch,1.0,rbf,auto,5000.0,1.0,0.8767,11.688476800918579
0.5,0.0,pytorch,1.0,rbf,auto,5000.0,2.0,0.8782,11.59905481338501
0.5,0.0,pytorch,1.0,rbf,auto,5000.0,3.0,0.8805,11.181215286254883
0.5,0.0,pytorch,0.0,rbf,auto,5000.0,4.0,0.8784,11.661578178405762
0.5,0.0,pytorch,1.0,rbf,auto,10000.0,0.0,0.8821,33.530170917510986
0.5,0.0,pytorch,1.0,rbf,auto,10000.0,1.0,0.8855,38.15907049179077
0.5,0.0,pytorch,1.0,rbf,auto,10000.0,2.0,0.8841,34.69040584564209
0.5,0.0,pytorch,1.0,rbf,auto,10000.0,3.0,0.8852,33.367592573165894
0.5,0.0,pytorch,1.0,rbf,auto,10000.0,4.0,0.8809,34.47687530517578
1.0,0.0,pytorch,0.0,rbf,auto,10.0,0.0,0.5575,0.21308279037475586
1.0,0.0,pytorch,0.0,rbf,auto,10.0,1.0,0.5252,0.0520937442779541
1.0,0.0,pytorch,0.0,rbf,auto,10.0,2.0,0.5682,0.03888082504272461
1.0,0.0,pytorch,0.0,rbf,auto,10.0,3.0,0.5769,0.03757047653198242
1.0,0.0,pytorch,0.0,rbf,auto,10.0,4.0,0.5331,0.03516268730163574
1.0,0.0,pytorch,0.0,rbf,auto,20.0,0.0,0.6486,0.06200766563415527
1.0,0.0,pytorch,0.0,rbf,auto,20.0,1.0,0.6642,0.05151224136352539
1.0,0.0,pytorch,0.0,rbf,auto,20.0,2.0,0.6493,0.04240751266479492
1.0,0.0,pytorch,0.0,rbf,auto,20.0,3.0,0.6457,0.05384039878845215
1.0,0.0,pytorch,0.0,rbf,auto,20.0,4.0,0.6593,0.04566597938537598
1.0,0.0,pytorch,0.0,rbf,auto,30.0,0.0,0.6969,0.06669998168945312
1.0,0.0,pytorch,0.0,rbf,auto,30.0,1.0,0.7078,0.06110978126525879
1.0,0.0,pytorch,0.0,rbf,auto,30.0,2.0,0.7012,0.06147432327270508
1.0,0.0,pytorch,0.0,rbf,auto,30.0,3.0,0.7083,0.05505681037902832
1.0,0.0,pytorch,0.0,rbf,auto,30.0,4.0,0.6904,0.0623774528503418
1.0,0.0,pytorch,0.0,rbf,auto,40.0,0.0,0.7249,0.06797480583190918
1.0,0.0,pytorch,0.0,rbf,auto,40.0,1.0,0.7212,0.05579209327697754
1.0,0.0,pytorch,0.0,rbf,auto,40.0,2.0,0.7368,0.052259206771850586
1.0,0.0,pytorch,0.0,rbf,auto,40.0,3.0,0.7162,0.057166337966918945
1.0,0.0,pytorch,0.0,rbf,auto,40.0,4.0,0.7184,0.055678367614746094
1.0,0.0,pytorch,0.0,rbf,auto,50.0,0.0,0.7423,0.09628891944885254
1.0,0.0,pytorch,0.0,rbf,auto,50.0,1.0,0.7435,0.10731291770935059
1.0,0.0,pytorch,0.0,rbf,auto,50.0,2.0,0.7533,0.10317015647888184
1.0,0.0,pytorch,0.0,rbf,auto,50.0,3.0,0.727,0.09659075736999512
1.0,0.0,pytorch,0.0,rbf,auto,50.0,4.0,0.7237,0.09461116790771484
1.0,0.0,pytorch,0.0,rbf,auto,60.0,0.0,0.7549,0.08921456336975098
1.0,0.0,pytorch,0.0,rbf,auto,60.0,1.0,0.7583,0.11887216567993164
1.0,0.0,pytorch,0.0,rbf,auto,60.0,2.0,0.7557,0.11917948722839355
1.0,0.0,pytorch,0.0,rbf,auto,60.0,3.0,0.745,0.10361146926879883
1.0,0.0,pytorch,0.0,rbf,auto,60.0,4.0,0.7541,0.12131452560424805
1.0,0.0,pytorch,0.0,rbf,auto,70.0,0.0,0.7633,0.1278095245361328
1.0,0.0,pytorch,0.0,rbf,auto,70.0,1.0,0.7707,0.14031600952148438
1.0,0.0,pytorch,0.0,rbf,auto,70.0,2.0,0.7563,0.17020750045776367
1.0,0.0,pytorch,0.0,rbf,auto,70.0,3.0,0.7656,0.1746196746826172
1.0,0.0,pytorch,0.0,rbf,auto,70.0,4.0,0.7699,0.12450337409973145
1.0,0.0,pytorch,0.0,rbf,auto,80.0,0.0,0.7685,0.16554474830627441
1.0,0.0,pytorch,0.0,rbf,auto,80.0,1.0,0.775,0.1907200813293457
1.0,0.0,pytorch,0.0,rbf,auto,80.0,2.0,0.7646,0.16002273559570312
1.0,0.0,pytorch,0.0,rbf,auto,80.0,3.0,0.7707,0.16266822814941406
1.0,0.0,pytorch,0.0,rbf,auto,80.0,4.0,0.7781,0.17414641380310059
1.0,0.0,pytorch,0.0,rbf,auto,90.0,0.0,0.7789,0.1955873966217041
1.0,0.0,pytorch,0.0,rbf,auto,90.0,1.0,0.7824,0.22882819175720215
1.0,0.0,pytorch,0.0,rbf,auto,90.0,2.0,0.7741,0.2468247413635254
1.0,0.0,pytorch,0.0,rbf,auto,90.0,3.0,0.7805,0.20662164688110352
1.0,0.0,pytorch,0.0,rbf,auto,90.0,4.0,0.779,0.1904900074005127
1.0,0.0,pytorch,0.0,rbf,auto,100.0,0.0,0.7822,0.24288415908813477
1.0,0.0,pytorch,0.0,rbf,auto,100.0,1.0,0.7815,0.23704218864440918
1.0,0.0,pytorch,0.0,rbf,auto,100.0,2.0,0.7833,0.264312744140625
1.0,0.0,pytorch,0.0,rbf,auto,100.0,3.0,0.786,0.25167393684387207
1.0,0.0,pytorch,0.0,rbf,auto,100.0,4.0,0.7808,0.21736693382263184
1.0,0.0,pytorch,0.0,rbf,auto,200.0,0.0,0.8092,0.5533232688903809
1.0,0.0,pytorch,0.0,rbf,auto,200.0,1.0,0.8089,0.43877696990966797
1.0,0.0,pytorch,0.0,rbf,auto,200.0,2.0,0.8052,0.42746615409851074
1.0,0.0,pytorch,0.0,rbf,auto,200.0,3.0,0.802,0.42214488983154297
1.0,0.0,pytorch,0.0,rbf,auto,200.0,4.0,0.8092,0.43143200874328613
1.0,0.0,pytorch,0.0,rbf,auto,300.0,0.0,0.8234,0.42321276664733887
1.0,0.0,pytorch,0.0,rbf,auto,300.0,1.0,0.8192,0.477783203125
1.0,0.0,pytorch,0.0,rbf,auto,300.0,2.0,0.8219,0.4851386547088623
1.0,0.0,pytorch,0.0,rbf,auto,300.0,3.0,0.8219,0.4831118583679199
1.0,0.0,pytorch,0.0,rbf,auto,300.0,4.0,0.8192,0.41425156593322754
1.0,0.0,pytorch,0.0,rbf,auto,400.0,0.0,0.8309,0.8715317249298096
1.0,0.0,pytorch,0.0,rbf,auto,400.0,1.0,0.8287,0.7710056304931641
1.0,0.0,pytorch,0.0,rbf,auto,400.0,2.0,0.8292,0.778710126876831
1.0,0.0,pytorch,0.0,rbf,auto,400.0,3.0,0.8269,0.4691946506500244
1.0,0.0,pytorch,0.0,rbf,auto,400.0,4.0,0.8279,0.5018563270568848
1.0,0.0,pytorch,0.0,rbf,auto,500.0,0.0,0.8359,0.5741887092590332
1.0,0.0,pytorch,0.0,rbf,auto,500.0,1.0,0.837,0.582390546798706
1.0,0.0,pytorch,0.0,rbf,auto,500.0,2.0,0.8329,0.5856609344482422
1.0,0.0,pytorch,0.0,rbf,auto,500.0,3.0,0.8352,0.5857422351837158
1.0,0.0,pytorch,0.0,rbf,auto,500.0,4.0,0.8345,0.5925259590148926
1.0,0.0,pytorch,0.0,rbf,auto,600.0,0.0,0.8407,0.7396337985992432
1.0,0.0,pytorch,0.0,rbf,auto,600.0,1.0,0.8403,0.6681718826293945
1.0,0.0,pytorch,0.0,rbf,auto,600.0,2.0,0.8389,0.6716763973236084
1.0,0.0,pytorch,0.0,rbf,auto,600.0,3.0,0.8384,0.7791285514831543
1.0,0.0,pytorch,0.0,rbf,auto,600.0,4.0,0.8426,0.7850573062896729
1.0,0.0,pytorch,0.0,rbf,auto,700.0,0.0,0.843,0.7771854400634766
1.0,0.0,pytorch,0.0,rbf,auto,700.0,1.0,0.8433,0.7248682975769043
1.0,0.0,pytorch,0.0,rbf,auto,700.0,2.0,0.8416,0.6810686588287354
1.0,0.0,pytorch,0.0,rbf,auto,700.0,3.0,0.843,0.6570336818695068
1.0,0.0,pytorch,0.0,rbf,auto,700.0,4.0,0.8462,0.6952617168426514
1.0,0.0,pytorch,0.0,rbf,auto,800.0,0.0,0.8466,0.9300260543823242
1.0,0.0,pytorch,0.0,rbf,auto,800.0,1.0,0.8447,0.7881970405578613
1.0,0.0,pytorch,0.0,rbf,auto,800.0,2.0,0.8469,0.8569717407226562
1.0,0.0,pytorch,0.0,rbf,auto,800.0,3.0,0.8508,0.8247621059417725
1.0,0.0,pytorch,0.0,rbf,auto,800.0,4.0,0.8469,0.9612531661987305
1.0,0.0,pytorch,0.0,rbf,auto,900.0,0.0,0.8514,1.1420989036560059
1.0,0.0,pytorch,0.0,rbf,auto,900.0,1.0,0.8486,1.0603852272033691
1.0,0.0,pytorch,0.0,rbf,auto,900.0,2.0,0.8498,0.9691410064697266
1.0,0.0,pytorch,0.0,rbf,auto,900.0,3.0,0.8518,1.0921902656555176
1.0,0.0,pytorch,0.0,rbf,auto,900.0,4.0,0.8504,0.9043416976928711
1.0,0.0,pytorch,0.0,rbf,auto,1000.0,0.0,0.8534,1.4445652961730957
1.0,0.0,pytorch,0.0,rbf,auto,1000.0,1.0,0.8518,1.3780765533447266
1.0,0.0,pytorch,0.0,rbf,auto,1000.0,2.0,0.852,1.241654396057129
1.0,0.0,pytorch,0.0,rbf,auto,1000.0,3.0,0.8525,1.2589287757873535
1.0,0.0,pytorch,0.0,rbf,auto,1000.0,4.0,0.8533,1.1509873867034912
1.0,0.0,pytorch,0.0,rbf,auto,2000.0,0.0,0.863,4.871082305908203
1.0,0.0,pytorch,0.0,rbf,auto,2000.0,1.0,0.8653,3.102895498275757
1.0,0.0,pytorch,0.0,rbf,auto,2000.0,2.0,0.8655,3.230219841003418
1.0,0.0,pytorch,0.0,rbf,auto,2000.0,3.0,0.8659,2.982391834259033
1.0,0.0,pytorch,0.0,rbf,auto,2000.0,4.0,0.8659,2.941143035888672
1.0,0.0,pytorch,0.0,rbf,auto,3000.0,0.0,0.8691,7.30574369430542
1.0,0.0,pytorch,0.0,rbf,auto,3000.0,1.0,0.8712,5.814743995666504
1.0,0.0,pytorch,0.0,rbf,auto,3000.0,2.0,0.8697,6.598085880279541
1.0,0.0,pytorch,0.0,rbf,auto,3000.0,3.0,0.8717,5.124746561050415
1.0,0.0,pytorch,0.0,rbf,auto,3000.0,4.0,0.8705,5.426229000091553
1.0,0.0,pytorch,0.0,rbf,auto,4000.0,0.0,0.8739,9.580470561981201
1.0,0.0,pytorch,0.0,rbf,auto,4000.0,1.0,0.8746,8.001226663589478
1.0,0.0,pytorch,0.0,rbf,auto,4000.0,2.0,0.8762,7.985046148300171
1.0,0.0,pytorch,0.0,rbf,auto,4000.0,3.0,0.8736,8.33691120147705
1.0,0.0,pytorch,0.0,rbf,auto,4000.0,4.0,0.875,8.542382955551147
1.0,0.0,pytorch,1.0,rbf,auto,5000.0,0.0,0.8762,11.77983045578003
1.0,0.0,pytorch,1.0,rbf,auto,5000.0,1.0,0.8767,11.379253149032593
1.0,0.0,pytorch,1.0,rbf,auto,5000.0,2.0,0.8783,11.263474941253662
1.0,0.0,pytorch,1.0,rbf,auto,5000.0,3.0,0.8804,12.93294382095337
1.0,0.0,pytorch,0.0,rbf,auto,5000.0,4.0,0.8783,12.028872966766357
1.0,0.0,pytorch,1.0,rbf,auto,10000.0,0.0,0.8824,38.21396851539612
1.0,0.0,pytorch,1.0,rbf,auto,10000.0,1.0,0.8854,37.77688527107239
1.0,0.0,pytorch,1.0,rbf,auto,10000.0,2.0,0.8842,34.27402949333191
1.0,0.0,pytorch,1.0,rbf,auto,10000.0,3.0,0.8853,35.015093088150024
1.0,0.0,pytorch,1.0,rbf,auto,10000.0,4.0,0.8809,32.72888731956482
5.0,0.0,pytorch,0.0,rbf,auto,10.0,0.0,0.5573,0.13441967964172363
5.0,0.0,pytorch,0.0,rbf,auto,10.0,1.0,0.5252,0.05241274833679199
5.0,0.0,pytorch,0.0,rbf,auto,10.0,2.0,0.5682,0.04192495346069336
5.0,0.0,pytorch,0.0,rbf,auto,10.0,3.0,0.5768,0.03315877914428711
5.0,0.0,pytorch,0.0,rbf,auto,10.0,4.0,0.5332,0.033847808837890625
5.0,0.0,pytorch,0.0,rbf,auto,20.0,0.0,0.6486,0.04410815238952637
5.0,0.0,pytorch,0.0,rbf,auto,20.0,1.0,0.6643,0.042705535888671875
5.0,0.0,pytorch,0.0,rbf,auto,20.0,2.0,0.6492,0.04631400108337402
5.0,0.0,pytorch,0.0,rbf,auto,20.0,3.0,0.6457,0.04459977149963379
5.0,0.0,pytorch,0.0,rbf,auto,20.0,4.0,0.6592,0.04490494728088379
5.0,0.0,pytorch,0.0,rbf,auto,30.0,0.0,0.6969,0.06595230102539062
5.0,0.0,pytorch,0.0,rbf,auto,30.0,1.0,0.7078,0.050820350646972656
5.0,0.0,pytorch,0.0,rbf,auto,30.0,2.0,0.7013,0.07126760482788086
5.0,0.0,pytorch,0.0,rbf,auto,30.0,3.0,0.7086,0.05684328079223633
5.0,0.0,pytorch,0.0,rbf,auto,30.0,4.0,0.6905,0.05870556831359863
5.0,0.0,pytorch,0.0,rbf,auto,40.0,0.0,0.725,0.06726479530334473
5.0,0.0,pytorch,0.0,rbf,auto,40.0,1.0,0.7211,0.06674718856811523
5.0,0.0,pytorch,0.0,rbf,auto,40.0,2.0,0.7368,0.0664818286895752
5.0,0.0,pytorch,0.0,rbf,auto,40.0,3.0,0.7162,0.0649099349975586
5.0,0.0,pytorch,0.0,rbf,auto,40.0,4.0,0.7184,0.05508828163146973
5.0,0.0,pytorch,0.0,rbf,auto,50.0,0.0,0.7421,0.10562849044799805
5.0,0.0,pytorch,0.0,rbf,auto,50.0,1.0,0.7435,0.0903158187866211
5.0,0.0,pytorch,0.0,rbf,auto,50.0,2.0,0.7533,0.07813549041748047
5.0,0.0,pytorch,0.0,rbf,auto,50.0,3.0,0.7271,0.08574891090393066
5.0,0.0,pytorch,0.0,rbf,auto,50.0,4.0,0.7237,0.09148430824279785
5.0,0.0,pytorch,0.0,rbf,auto,60.0,0.0,0.755,0.09100031852722168
5.0,0.0,pytorch,0.0,rbf,auto,60.0,1.0,0.7582,0.10997128486633301
5.0,0.0,pytorch,0.0,rbf,auto,60.0,2.0,0.7555,0.10023617744445801
5.0,0.0,pytorch,0.0,rbf,auto,60.0,3.0,0.7449,0.11325240135192871
5.0,0.0,pytorch,0.0,rbf,auto,60.0,4.0,0.7541,0.09621262550354004
5.0,0.0,pytorch,0.0,rbf,auto,70.0,0.0,0.7632,0.1343979835510254
5.0,0.0,pytorch,0.0,rbf,auto,70.0,1.0,0.7706,0.14022088050842285
5.0,0.0,pytorch,0.0,rbf,auto,70.0,2.0,0.7563,0.1473531723022461
5.0,0.0,pytorch,0.0,rbf,auto,70.0,3.0,0.7656,0.1470799446105957
5.0,0.0,pytorch,0.0,rbf,auto,70.0,4.0,0.77,0.18662762641906738
5.0,0.0,pytorch,0.0,rbf,auto,80.0,0.0,0.7684,0.17168545722961426
5.0,0.0,pytorch,0.0,rbf,auto,80.0,1.0,0.7749,0.15389251708984375
5.0,0.0,pytorch,0.0,rbf,auto,80.0,2.0,0.7647,0.17083120346069336
5.0,0.0,pytorch,0.0,rbf,auto,80.0,3.0,0.7707,0.17272233963012695
5.0,0.0,pytorch,0.0,rbf,auto,80.0,4.0,0.778,0.18169569969177246
5.0,0.0,pytorch,0.0,rbf,auto,90.0,0.0,0.7789,0.19169259071350098
5.0,0.0,pytorch,0.0,rbf,auto,90.0,1.0,0.7824,0.18599629402160645
5.0,0.0,pytorch,0.0,rbf,auto,90.0,2.0,0.7741,0.2252352237701416
5.0,0.0,pytorch,0.0,rbf,auto,90.0,3.0,0.7805,0.23923683166503906
5.0,0.0,pytorch,0.0,rbf,auto,90.0,4.0,0.7788,0.22501564025878906
5.0,0.0,pytorch,0.0,rbf,auto,100.0,0.0,0.7821,0.15763568878173828
5.0,0.0,pytorch,0.0,rbf,auto,100.0,1.0,0.7815,0.21598267555236816
5.0,0.0,pytorch,0.0,rbf,auto,100.0,2.0,0.7833,0.21245360374450684
5.0,0.0,pytorch,0.0,rbf,auto,100.0,3.0,0.7861,0.2585124969482422
5.0,0.0,pytorch,0.0,rbf,auto,100.0,4.0,0.7807,0.22215843200683594
5.0,0.0,pytorch,0.0,rbf,auto,200.0,0.0,0.8092,0.4514448642730713
5.0,0.0,pytorch,0.0,rbf,auto,200.0,1.0,0.8089,0.46337890625
5.0,0.0,pytorch,0.0,rbf,auto,200.0,2.0,0.8051,0.4091935157775879
5.0,0.0,pytorch,0.0,rbf,auto,200.0,3.0,0.8019,0.4482767581939697
5.0,0.0,pytorch,0.0,rbf,auto,200.0,4.0,0.8093,0.4534726142883301
5.0,0.0,pytorch,0.0,rbf,auto,300.0,0.0,0.8235,0.3845367431640625
5.0,0.0,pytorch,0.0,rbf,auto,300.0,1.0,0.819,0.5698971748352051
5.0,0.0,pytorch,0.0,rbf,auto,300.0,2.0,0.822,0.3947892189025879
5.0,0.0,pytorch,0.0,rbf,auto,300.0,3.0,0.8219,0.4001455307006836
5.0,0.0,pytorch,0.0,rbf,auto,300.0,4.0,0.8192,0.47565293312072754
5.0,0.0,pytorch,0.0,rbf,auto,400.0,0.0,0.8307,0.5856156349182129
5.0,0.0,pytorch,0.0,rbf,auto,400.0,1.0,0.8287,0.5953917503356934
5.0,0.0,pytorch,0.0,rbf,auto,400.0,2.0,0.829,0.531456708908081
5.0,0.0,pytorch,0.0,rbf,auto,400.0,3.0,0.8267,0.540593147277832
5.0,0.0,pytorch,0.0,rbf,auto,400.0,4.0,0.828,0.682732343673706
5.0,0.0,pytorch,0.0,rbf,auto,500.0,0.0,0.8359,0.670682430267334
5.0,0.0,pytorch,0.0,rbf,auto,500.0,1.0,0.837,0.6788616180419922
5.0,0.0,pytorch,0.0,rbf,auto,500.0,2.0,0.8329,0.7249813079833984
5.0,0.0,pytorch,0.0,rbf,auto,500.0,3.0,0.8354,0.6353037357330322
5.0,0.0,pytorch,0.0,rbf,auto,500.0,4.0,0.8344,0.6721506118774414
5.0,0.0,pytorch,0.0,rbf,auto,600.0,0.0,0.8407,0.6853823661804199
5.0,0.0,pytorch,0.0,rbf,auto,600.0,1.0,0.8405,0.7850973606109619
5.0,0.0,pytorch,0.0,rbf,auto,600.0,2.0,0.8388,0.7483673095703125
5.0,0.0,pytorch,0.0,rbf,auto,600.0,3.0,0.8384,0.6531009674072266
5.0,0.0,pytorch,0.0,rbf,auto,600.0,4.0,0.8428,0.6997954845428467
5.0,0.0,pytorch,0.0,rbf,auto,700.0,0.0,0.843,0.8455977439880371
5.0,0.0,pytorch,0.0,rbf,auto,700.0,1.0,0.8432,0.6825802326202393
5.0,0.0,pytorch,0.0,rbf,auto,700.0,2.0,0.8416,0.7370495796203613
5.0,0.0,pytorch,0.0,rbf,auto,700.0,3.0,0.8429,0.6753096580505371
5.0,0.0,pytorch,0.0,rbf,auto,700.0,4.0,0.8462,0.9759199619293213
5.0,0.0,pytorch,0.0,rbf,auto,800.0,0.0,0.8466,0.9350123405456543
5.0,0.0,pytorch,0.0,rbf,auto,800.0,1.0,0.8448,0.9345698356628418
5.0,0.0,pytorch,0.0,rbf,auto,800.0,2.0,0.8466,0.9630632400512695
5.0,0.0,pytorch,0.0,rbf,auto,800.0,3.0,0.8507,0.9591999053955078
5.0,0.0,pytorch,0.0,rbf,auto,800.0,4.0,0.8468,1.0334508419036865
5.0,0.0,pytorch,0.0,rbf,auto,900.0,0.0,0.8513,1.2097830772399902
5.0,0.0,pytorch,0.0,rbf,auto,900.0,1.0,0.8484,1.112783670425415
5.0,0.0,pytorch,0.0,rbf,auto,900.0,2.0,0.8498,0.9774651527404785
5.0,0.0,pytorch,0.0,rbf,auto,900.0,3.0,0.8518,1.0633759498596191
5.0,0.0,pytorch,0.0,rbf,auto,900.0,4.0,0.8503,1.04341459274292
5.0,0.0,pytorch,0.0,rbf,auto,1000.0,0.0,0.8532,1.439978837966919
5.0,0.0,pytorch,0.0,rbf,auto,1000.0,1.0,0.8518,1.4392344951629639
5.0,0.0,pytorch,0.0,rbf,auto,1000.0,2.0,0.852,1.4230597019195557
5.0,0.0,pytorch,0.0,rbf,auto,1000.0,3.0,0.8525,1.3505864143371582
5.0,0.0,pytorch,0.0,rbf,auto,1000.0,4.0,0.8532,1.302292823791504
5.0,0.0,pytorch,0.0,rbf,auto,2000.0,0.0,0.863,2.91841983795166
5.0,0.0,pytorch,0.0,rbf,auto,2000.0,1.0,0.8651,3.0475258827209473
5.0,0.0,pytorch,0.0,rbf,auto,2000.0,2.0,0.865,2.9179229736328125
5.0,0.0,pytorch,0.0,rbf,auto,2000.0,3.0,0.8659,3.0226426124572754
5.0,0.0,pytorch,0.0,rbf,auto,2000.0,4.0,0.8658,2.9972259998321533
5.0,0.0,pytorch,0.0,rbf,auto,3000.0,0.0,0.8686,5.805752515792847
5.0,0.0,pytorch,0.0,rbf,auto,3000.0,1.0,0.871,5.2867913246154785
5.0,0.0,pytorch,0.0,rbf,auto,3000.0,2.0,0.8695,5.425208330154419
5.0,0.0,pytorch,0.0,rbf,auto,3000.0,3.0,0.8718,5.630694389343262
5.0,0.0,pytorch,0.0,rbf,auto,3000.0,4.0,0.8703,5.458676338195801
5.0,0.0,pytorch,0.0,rbf,auto,4000.0,0.0,0.874,8.502707719802856
5.0,0.0,pytorch,0.0,rbf,auto,4000.0,1.0,0.8746,7.8425376415252686
5.0,0.0,pytorch,0.0,rbf,auto,4000.0,2.0,0.8761,8.055787563323975
5.0,0.0,pytorch,0.0,rbf,auto,4000.0,3.0,0.8735,7.940021514892578
5.0,0.0,pytorch,0.0,rbf,auto,4000.0,4.0,0.8752,8.275404453277588
5.0,0.0,pytorch,1.0,rbf,auto,5000.0,0.0,0.8762,11.39816689491272
5.0,0.0,pytorch,1.0,rbf,auto,5000.0,1.0,0.8768,11.175635576248169
5.0,0.0,pytorch,1.0,rbf,auto,5000.0,2.0,0.8784,11.398471593856812
5.0,0.0,pytorch,1.0,rbf,auto,5000.0,3.0,0.8804,11.470034837722778
5.0,0.0,pytorch,0.0,rbf,auto,5000.0,4.0,0.8782,11.548952579498291
5.0,0.0,pytorch,1.0,rbf,auto,10000.0,0.0,0.8825,39.40528202056885
5.0,0.0,pytorch,1.0,rbf,auto,10000.0,1.0,0.8857,35.96475434303284
5.0,0.0,pytorch,1.0,rbf,auto,10000.0,2.0,0.8847,35.12139940261841
5.0,0.0,pytorch,1.0,rbf,auto,10000.0,3.0,0.885,35.15800666809082
5.0,0.0,pytorch,1.0,rbf,auto,10000.0,4.0,0.8816,33.02794075012207
10.0,0.0,pytorch,0.0,rbf,auto,10.0,0.0,0.5572,0.13840031623840332
10.0,0.0,pytorch,0.0,rbf,auto,10.0,1.0,0.5251,0.054279327392578125
10.0,0.0,pytorch,0.0,rbf,auto,10.0,2.0,0.5682,0.043790578842163086
10.0,0.0,pytorch,0.0,rbf,auto,10.0,3.0,0.5768,0.03339385986328125
10.0,0.0,pytorch,0.0,rbf,auto,10.0,4.0,0.5332,0.03501534461975098
10.0,0.0,pytorch,0.0,rbf,auto,20.0,0.0,0.6486,0.057938337326049805
10.0,0.0,pytorch,0.0,rbf,auto,20.0,1.0,0.6643,0.054068803787231445
10.0,0.0,pytorch,0.0,rbf,auto,20.0,2.0,0.6492,0.05605959892272949
10.0,0.0,pytorch,0.0,rbf,auto,20.0,3.0,0.6457,0.04707932472229004
10.0,0.0,pytorch,0.0,rbf,auto,20.0,4.0,0.6593,0.04476618766784668
10.0,0.0,pytorch,0.0,rbf,auto,30.0,0.0,0.6969,0.05996823310852051
10.0,0.0,pytorch,0.0,rbf,auto,30.0,1.0,0.7078,0.053479909896850586
10.0,0.0,pytorch,0.0,rbf,auto,30.0,2.0,0.7013,0.05188894271850586
10.0,0.0,pytorch,0.0,rbf,auto,30.0,3.0,0.7083,0.053138017654418945
10.0,0.0,pytorch,0.0,rbf,auto,30.0,4.0,0.6903,0.056391239166259766
10.0,0.0,pytorch,0.0,rbf,auto,40.0,0.0,0.7251,0.06420063972473145
10.0,0.0,pytorch,0.0,rbf,auto,40.0,1.0,0.7211,0.062140703201293945
10.0,0.0,pytorch,0.0,rbf,auto,40.0,2.0,0.7367,0.06168198585510254
10.0,0.0,pytorch,0.0,rbf,auto,40.0,3.0,0.7163,0.07634377479553223
10.0,0.0,pytorch,0.0,rbf,auto,40.0,4.0,0.7184,0.08109641075134277
10.0,0.0,pytorch,0.0,rbf,auto,50.0,0.0,0.7421,0.08163785934448242
10.0,0.0,pytorch,0.0,rbf,auto,50.0,1.0,0.7434,0.07227110862731934
10.0,0.0,pytorch,0.0,rbf,auto,50.0,2.0,0.7532,0.08379721641540527
10.0,0.0,pytorch,0.0,rbf,auto,50.0,3.0,0.727,0.0716254711151123
10.0,0.0,pytorch,0.0,rbf,auto,50.0,4.0,0.7236,0.06916594505310059
10.0,0.0,pytorch,0.0,rbf,auto,60.0,0.0,0.7551,0.09567642211914062
10.0,0.0,pytorch,0.0,rbf,auto,60.0,1.0,0.7581,0.12403416633605957
10.0,0.0,pytorch,0.0,rbf,auto,60.0,2.0,0.7556,0.11205530166625977
10.0,0.0,pytorch,0.0,rbf,auto,60.0,3.0,0.7448,0.09151053428649902
10.0,0.0,pytorch,0.0,rbf,auto,60.0,4.0,0.754,0.09509015083312988
10.0,0.0,pytorch,0.0,rbf,auto,70.0,0.0,0.7632,0.13604116439819336
10.0,0.0,pytorch,0.0,rbf,auto,70.0,1.0,0.7705,0.14450621604919434
10.0,0.0,pytorch,0.0,rbf,auto,70.0,2.0,0.7562,0.14124608039855957
10.0,0.0,pytorch,0.0,rbf,auto,70.0,3.0,0.7653,0.16303658485412598
10.0,0.0,pytorch,0.0,rbf,auto,70.0,4.0,0.77,0.14568305015563965
10.0,0.0,pytorch,0.0,rbf,auto,80.0,0.0,0.7684,0.1558976173400879
10.0,0.0,pytorch,0.0,rbf,auto,80.0,1.0,0.7749,0.2195451259613037
10.0,0.0,pytorch,0.0,rbf,auto,80.0,2.0,0.7647,0.18911361694335938
10.0,0.0,pytorch,0.0,rbf,auto,80.0,3.0,0.7707,0.18404340744018555
10.0,0.0,pytorch,0.0,rbf,auto,80.0,4.0,0.7778,0.1867973804473877
10.0,0.0,pytorch,0.0,rbf,auto,90.0,0.0,0.7789,0.20662260055541992
10.0,0.0,pytorch,0.0,rbf,auto,90.0,1.0,0.7824,0.2096099853515625
10.0,0.0,pytorch,0.0,rbf,auto,90.0,2.0,0.7742,0.2197706699371338
10.0,0.0,pytorch,0.0,rbf,auto,90.0,3.0,0.7806,0.24497628211975098
10.0,0.0,pytorch,0.0,rbf,auto,90.0,4.0,0.7788,0.2195606231689453
10.0,0.0,pytorch,0.0,rbf,auto,100.0,0.0,0.7822,0.233306884765625
10.0,0.0,pytorch,0.0,rbf,auto,100.0,1.0,0.7816,0.2540411949157715
10.0,0.0,pytorch,0.0,rbf,auto,100.0,2.0,0.7834,0.2896432876586914
10.0,0.0,pytorch,0.0,rbf,auto,100.0,3.0,0.7859,0.2466280460357666
10.0,0.0,pytorch,0.0,rbf,auto,100.0,4.0,0.781,0.2689943313598633
10.0,0.0,pytorch,0.0,rbf,auto,200.0,0.0,0.8092,0.39380955696105957
10.0,0.0,pytorch,0.0,rbf,auto,200.0,1.0,0.809,0.4046013355255127
10.0,0.0,pytorch,0.0,rbf,auto,200.0,2.0,0.8053,0.35993504524230957
10.0,0.0,pytorch,0.0,rbf,auto,200.0,3.0,0.8019,0.37720274925231934
10.0,0.0,pytorch,0.0,rbf,auto,200.0,4.0,0.8092,0.35549044609069824
10.0,0.0,pytorch,0.0,rbf,auto,300.0,0.0,0.8234,0.37854504585266113
10.0,0.0,pytorch,0.0,rbf,auto,300.0,1.0,0.8191,0.37866997718811035
10.0,0.0,pytorch,0.0,rbf,auto,300.0,2.0,0.8218,0.3679361343383789
10.0,0.0,pytorch,0.0,rbf,auto,300.0,3.0,0.8218,0.36446213722229004
10.0,0.0,pytorch,0.0,rbf,auto,300.0,4.0,0.819,0.49180030822753906
10.0,0.0,pytorch,0.0,rbf,auto,400.0,0.0,0.8307,0.5127274990081787
10.0,0.0,pytorch,0.0,rbf,auto,400.0,1.0,0.8289,0.48929643630981445
10.0,0.0,pytorch,0.0,rbf,auto,400.0,2.0,0.8289,0.49366307258605957
10.0,0.0,pytorch,0.0,rbf,auto,400.0,3.0,0.8266,0.47620391845703125
10.0,0.0,pytorch,0.0,rbf,auto,400.0,4.0,0.8279,0.5204393863677979
10.0,0.0,pytorch,0.0,rbf,auto,500.0,0.0,0.8358,0.6856000423431396
10.0,0.0,pytorch,0.0,rbf,auto,500.0,1.0,0.8371,0.6943626403808594
10.0,0.0,pytorch,0.0,rbf,auto,500.0,2.0,0.8329,0.557354211807251
10.0,0.0,pytorch,0.0,rbf,auto,500.0,3.0,0.8355,0.6211376190185547
10.0,0.0,pytorch,0.0,rbf,auto,500.0,4.0,0.8343,0.5891265869140625
10.0,0.0,pytorch,0.0,rbf,auto,600.0,0.0,0.8407,0.7705979347229004
10.0,0.0,pytorch,0.0,rbf,auto,600.0,1.0,0.8403,0.7089688777923584
10.0,0.0,pytorch,0.0,rbf,auto,600.0,2.0,0.8389,0.623565673828125
10.0,0.0,pytorch,0.0,rbf,auto,600.0,3.0,0.8384,0.5911407470703125
10.0,0.0,pytorch,0.0,rbf,auto,600.0,4.0,0.8428,0.6730172634124756
10.0,0.0,pytorch,0.0,rbf,auto,700.0,0.0,0.8426,1.1791174411773682
10.0,0.0,pytorch,0.0,rbf,auto,700.0,1.0,0.843,0.9766485691070557
10.0,0.0,pytorch,0.0,rbf,auto,700.0,2.0,0.8416,0.8439028263092041
10.0,0.0,pytorch,0.0,rbf,auto,700.0,3.0,0.8428,0.6965525150299072
10.0,0.0,pytorch,0.0,rbf,auto,700.0,4.0,0.8459,0.8754589557647705
10.0,0.0,pytorch,0.0,rbf,auto,800.0,0.0,0.8467,1.0336132049560547
10.0,0.0,pytorch,0.0,rbf,auto,800.0,1.0,0.8448,1.0563340187072754
10.0,0.0,pytorch,0.0,rbf,auto,800.0,2.0,0.8467,1.066809892654419
10.0,0.0,pytorch,0.0,rbf,auto,800.0,3.0,0.8506,0.8418292999267578
10.0,0.0,pytorch,0.0,rbf,auto,800.0,4.0,0.8468,0.9707212448120117
10.0,0.0,pytorch,0.0,rbf,auto,900.0,0.0,0.8512,1.1038811206817627
10.0,0.0,pytorch,0.0,rbf,auto,900.0,1.0,0.8484,1.0980274677276611
10.0,0.0,pytorch,0.0,rbf,auto,900.0,2.0,0.8498,0.9853732585906982
10.0,0.0,pytorch,0.0,rbf,auto,900.0,3.0,0.8518,1.068439245223999
10.0,0.0,pytorch,0.0,rbf,auto,900.0,4.0,0.8503,1.1521565914154053
10.0,0.0,pytorch,0.0,rbf,auto,1000.0,0.0,0.8529,1.3972668647766113
10.0,0.0,pytorch,0.0,rbf,auto,1000.0,1.0,0.8519,1.21694016456604
10.0,0.0,pytorch,0.0,rbf,auto,1000.0,2.0,0.8521,1.1502573490142822
10.0,0.0,pytorch,0.0,rbf,auto,1000.0,3.0,0.8524,1.3225429058074951
10.0,0.0,pytorch,0.0,rbf,auto,1000.0,4.0,0.8532,1.2394976615905762
10.0,0.0,pytorch,0.0,rbf,auto,2000.0,0.0,0.863,2.86031174659729
10.0,0.0,pytorch,0.0,rbf,auto,2000.0,1.0,0.8648,2.94714617729187
10.0,0.0,pytorch,0.0,rbf,auto,2000.0,2.0,0.8647,2.8285231590270996
10.0,0.0,pytorch,0.0,rbf,auto,2000.0,3.0,0.8656,2.9330458641052246
10.0,0.0,pytorch,0.0,rbf,auto,2000.0,4.0,0.8659,3.1804885864257812
10.0,0.0,pytorch,0.0,rbf,auto,3000.0,0.0,0.8685,5.414646863937378
10.0,0.0,pytorch,0.0,rbf,auto,3000.0,1.0,0.871,5.321126699447632
10.0,0.0,pytorch,0.0,rbf,auto,3000.0,2.0,0.8694,5.298844337463379
10.0,0.0,pytorch,0.0,rbf,auto,3000.0,3.0,0.8718,5.224781513214111
10.0,0.0,pytorch,0.0,rbf,auto,3000.0,4.0,0.8704,5.768214464187622
10.0,0.0,pytorch,0.0,rbf,auto,4000.0,0.0,0.8737,8.065626382827759
10.0,0.0,pytorch,0.0,rbf,auto,4000.0,1.0,0.8746,8.014369487762451
10.0,0.0,pytorch,0.0,rbf,auto,4000.0,2.0,0.8763,8.03254747390747
10.0,0.0,pytorch,0.0,rbf,auto,4000.0,3.0,0.8732,8.070991039276123
10.0,0.0,pytorch,0.0,rbf,auto,4000.0,4.0,0.875,8.245200395584106
10.0,0.0,pytorch,0.0,rbf,auto,5000.0,0.0,0.8764,11.991553783416748
10.0,0.0,pytorch,1.0,rbf,auto,5000.0,1.0,0.8772,11.09308385848999
10.0,0.0,pytorch,1.0,rbf,auto,5000.0,2.0,0.8788,11.800171375274658
10.0,0.0,pytorch,0.0,rbf,auto,5000.0,3.0,0.8803,11.576340913772583
10.0,0.0,pytorch,0.0,rbf,auto,5000.0,4.0,0.8779,11.162889242172241
10.0,0.0,pytorch,1.0,rbf,auto,10000.0,0.0,0.8822,33.661486864089966
10.0,0.0,pytorch,1.0,rbf,auto,10000.0,1.0,0.886,34.10559916496277
10.0,0.0,pytorch,1.0,rbf,auto,10000.0,2.0,0.8845,32.78007483482361
10.0,0.0,pytorch,1.0,rbf,auto,10000.0,3.0,0.885,34.67481184005737
10.0,0.0,pytorch,1.0,rbf,auto,10000.0,4.0,0.8825,32.77302861213684
