activation,alpha,bias,dummy_input,framework,inversion_warning,kernel,output_dim,scale,seed,test_score,training_time
,10.0,1.0,0.0,pytorch,0.0,opu,10.0,0.001,0.0,0.4834,0.47996091842651367
,10.0,0.0,0.0,pytorch,0.0,opu,10.0,0.001,0.0,0.4834,0.04666638374328613
sqrt,10.0,1.0,0.0,pytorch,0.0,opu,10.0,0.001,0.0,0.4131,0.04503607749938965
sqrt,10.0,0.0,0.0,pytorch,0.0,opu,10.0,0.001,0.0,0.3702,0.036864280700683594
cos,10.0,1.0,0.0,pytorch,0.0,opu,10.0,0.001,0.0,0.3732,0.04174304008483887
cos,10.0,0.0,0.0,pytorch,0.0,opu,10.0,0.001,0.0,0.33,0.04128527641296387
,10.0,1.0,0.0,pytorch,0.0,opu,10.0,0.001,1.0,0.5418,0.07096004486083984
,10.0,0.0,0.0,pytorch,0.0,opu,10.0,0.001,1.0,0.5418,0.05025959014892578
sqrt,10.0,1.0,0.0,pytorch,0.0,opu,10.0,0.001,1.0,0.498,0.04271101951599121
sqrt,10.0,0.0,0.0,pytorch,0.0,opu,10.0,0.001,1.0,0.4483,0.05043482780456543
cos,10.0,1.0,0.0,pytorch,0.0,opu,10.0,0.001,1.0,0.408,0.037665367126464844
cos,10.0,0.0,0.0,pytorch,0.0,opu,10.0,0.001,1.0,0.3716,0.03310847282409668
,10.0,1.0,0.0,pytorch,0.0,opu,10.0,0.001,2.0,0.5157,0.07971787452697754
,10.0,0.0,0.0,pytorch,0.0,opu,10.0,0.001,2.0,0.5157,0.05235719680786133
sqrt,10.0,1.0,0.0,pytorch,0.0,opu,10.0,0.001,2.0,0.4663,0.04014301300048828
sqrt,10.0,0.0,0.0,pytorch,0.0,opu,10.0,0.001,2.0,0.4158,0.04833269119262695
cos,10.0,1.0,0.0,pytorch,0.0,opu,10.0,0.001,2.0,0.4148,0.038255929946899414
cos,10.0,0.0,0.0,pytorch,0.0,opu,10.0,0.001,2.0,0.4169,0.056062936782836914
,10.0,1.0,0.0,pytorch,0.0,opu,10.0,0.001,3.0,0.5323,0.06756329536437988
,10.0,0.0,0.0,pytorch,0.0,opu,10.0,0.001,3.0,0.5323,0.03659701347351074
sqrt,10.0,1.0,0.0,pytorch,0.0,opu,10.0,0.001,3.0,0.4732,0.06126141548156738
sqrt,10.0,0.0,0.0,pytorch,0.0,opu,10.0,0.001,3.0,0.4107,0.034528255462646484
cos,10.0,1.0,0.0,pytorch,0.0,opu,10.0,0.001,3.0,0.3477,0.05548095703125
cos,10.0,0.0,0.0,pytorch,0.0,opu,10.0,0.001,3.0,0.346,0.03303241729736328
,10.0,1.0,0.0,pytorch,0.0,opu,10.0,0.001,4.0,0.5142,0.07963418960571289
,10.0,0.0,0.0,pytorch,0.0,opu,10.0,0.001,4.0,0.5142,0.05230855941772461
sqrt,10.0,1.0,0.0,pytorch,0.0,opu,10.0,0.001,4.0,0.4869,0.03812289237976074
sqrt,10.0,0.0,0.0,pytorch,0.0,opu,10.0,0.001,4.0,0.4639,0.0624697208404541
cos,10.0,1.0,0.0,pytorch,0.0,opu,10.0,0.001,4.0,0.4557,0.06454110145568848
cos,10.0,0.0,0.0,pytorch,0.0,opu,10.0,0.001,4.0,0.4513,0.034650564193725586
,10.0,1.0,0.0,pytorch,0.0,opu,20.0,0.001,0.0,0.6306,0.0874793529510498
,10.0,0.0,0.0,pytorch,0.0,opu,20.0,0.001,0.0,0.6306,0.06384611129760742
sqrt,10.0,1.0,0.0,pytorch,0.0,opu,20.0,0.001,0.0,0.5218,0.0790872573852539
sqrt,10.0,0.0,0.0,pytorch,0.0,opu,20.0,0.001,0.0,0.4671,0.0278472900390625
cos,10.0,1.0,0.0,pytorch,0.0,opu,20.0,0.001,0.0,0.4453,0.04514575004577637
cos,10.0,0.0,0.0,pytorch,0.0,opu,20.0,0.001,0.0,0.4071,0.05569005012512207
,10.0,1.0,0.0,pytorch,0.0,opu,20.0,0.001,1.0,0.636,0.10027861595153809
,10.0,0.0,0.0,pytorch,0.0,opu,20.0,0.001,1.0,0.636,0.06244301795959473
sqrt,10.0,1.0,0.0,pytorch,0.0,opu,20.0,0.001,1.0,0.5348,0.04848766326904297
sqrt,10.0,0.0,0.0,pytorch,0.0,opu,20.0,0.001,1.0,0.4668,0.039620399475097656
cos,10.0,1.0,0.0,pytorch,0.0,opu,20.0,0.001,1.0,0.4687,0.06849169731140137
cos,10.0,0.0,0.0,pytorch,0.0,opu,20.0,0.001,1.0,0.4427,0.06327176094055176
,10.0,1.0,0.0,pytorch,0.0,opu,20.0,0.001,2.0,0.6265,0.09776544570922852
,10.0,0.0,0.0,pytorch,0.0,opu,20.0,0.001,2.0,0.6265,0.07591557502746582
sqrt,10.0,1.0,0.0,pytorch,0.0,opu,20.0,0.001,2.0,0.5821,0.09316682815551758
sqrt,10.0,0.0,0.0,pytorch,0.0,opu,20.0,0.001,2.0,0.5472,0.06899499893188477
cos,10.0,1.0,0.0,pytorch,0.0,opu,20.0,0.001,2.0,0.5154,0.07759857177734375
cos,10.0,0.0,0.0,pytorch,0.0,opu,20.0,0.001,2.0,0.5167,0.043100833892822266
,10.0,1.0,0.0,pytorch,0.0,opu,20.0,0.001,3.0,0.6476,0.09257006645202637
,10.0,0.0,0.0,pytorch,0.0,opu,20.0,0.001,3.0,0.6476,0.05934476852416992
sqrt,10.0,1.0,0.0,pytorch,0.0,opu,20.0,0.001,3.0,0.5991,0.0915226936340332
sqrt,10.0,0.0,0.0,pytorch,0.0,opu,20.0,0.001,3.0,0.5352,0.03702425956726074
cos,10.0,1.0,0.0,pytorch,0.0,opu,20.0,0.001,3.0,0.5109,0.06728410720825195
cos,10.0,0.0,0.0,pytorch,0.0,opu,20.0,0.001,3.0,0.4595,0.06270861625671387
,10.0,1.0,0.0,pytorch,0.0,opu,20.0,0.001,4.0,0.6415,0.07844924926757812
,10.0,0.0,0.0,pytorch,0.0,opu,20.0,0.001,4.0,0.6415,0.06556415557861328
sqrt,10.0,1.0,0.0,pytorch,0.0,opu,20.0,0.001,4.0,0.5758,0.04981207847595215
sqrt,10.0,0.0,0.0,pytorch,0.0,opu,20.0,0.001,4.0,0.4464,0.03380990028381348
cos,10.0,1.0,0.0,pytorch,0.0,opu,20.0,0.001,4.0,0.37,0.0712740421295166
cos,10.0,0.0,0.0,pytorch,0.0,opu,20.0,0.001,4.0,0.3489,0.06338334083557129
,10.0,1.0,0.0,pytorch,0.0,opu,30.0,0.001,0.0,0.6724,0.09483838081359863
,10.0,0.0,0.0,pytorch,0.0,opu,30.0,0.001,0.0,0.6724,0.08616304397583008
sqrt,10.0,1.0,0.0,pytorch,0.0,opu,30.0,0.001,0.0,0.5658,0.15139484405517578
sqrt,10.0,0.0,0.0,pytorch,0.0,opu,30.0,0.001,0.0,0.5198,0.10299062728881836
cos,10.0,1.0,0.0,pytorch,0.0,opu,30.0,0.001,0.0,0.4929,0.1185617446899414
cos,10.0,0.0,0.0,pytorch,0.0,opu,30.0,0.001,0.0,0.4999,0.10013389587402344
,10.0,1.0,0.0,pytorch,0.0,opu,30.0,0.001,1.0,0.6983,0.1326286792755127
,10.0,0.0,0.0,pytorch,0.0,opu,30.0,0.001,1.0,0.6983,0.10367822647094727
sqrt,10.0,1.0,0.0,pytorch,0.0,opu,30.0,0.001,1.0,0.6052,0.11221909523010254
sqrt,10.0,0.0,0.0,pytorch,0.0,opu,30.0,0.001,1.0,0.5521,0.08446145057678223
cos,10.0,1.0,0.0,pytorch,0.0,opu,30.0,0.001,1.0,0.5225,0.18902373313903809
cos,10.0,0.0,0.0,pytorch,0.0,opu,30.0,0.001,1.0,0.5218,0.07980203628540039
,10.0,1.0,0.0,pytorch,0.0,opu,30.0,0.001,2.0,0.6938,0.1456775665283203
,10.0,0.0,0.0,pytorch,0.0,opu,30.0,0.001,2.0,0.6938,0.07903480529785156
sqrt,10.0,1.0,0.0,pytorch,0.0,opu,30.0,0.001,2.0,0.6215,0.12567591667175293
sqrt,10.0,0.0,0.0,pytorch,0.0,opu,30.0,0.001,2.0,0.472,0.0467991828918457
cos,10.0,1.0,0.0,pytorch,0.0,opu,30.0,0.001,2.0,0.3803,0.12340879440307617
cos,10.0,0.0,0.0,pytorch,0.0,opu,30.0,0.001,2.0,0.485,0.09389352798461914
,10.0,1.0,0.0,pytorch,0.0,opu,30.0,0.001,3.0,0.6846,0.13214373588562012
,10.0,0.0,0.0,pytorch,0.0,opu,30.0,0.001,3.0,0.6846,0.07508444786071777
sqrt,10.0,1.0,0.0,pytorch,0.0,opu,30.0,0.001,3.0,0.6283,0.11005544662475586
sqrt,10.0,0.0,0.0,pytorch,0.0,opu,30.0,0.001,3.0,0.5196,0.10324859619140625
cos,10.0,1.0,0.0,pytorch,0.0,opu,30.0,0.001,3.0,0.4337,0.09468793869018555
cos,10.0,0.0,0.0,pytorch,0.0,opu,30.0,0.001,3.0,0.4051,0.10148215293884277
,10.0,1.0,0.0,pytorch,0.0,opu,30.0,0.001,4.0,0.6967,0.12100839614868164
,10.0,0.0,0.0,pytorch,0.0,opu,30.0,0.001,4.0,0.6967,0.07975554466247559
sqrt,10.0,1.0,0.0,pytorch,0.0,opu,30.0,0.001,4.0,0.6625,0.14387822151184082
sqrt,10.0,0.0,0.0,pytorch,0.0,opu,30.0,0.001,4.0,0.586,0.10585761070251465
cos,10.0,1.0,0.0,pytorch,0.0,opu,30.0,0.001,4.0,0.5361,0.12659263610839844
cos,10.0,0.0,0.0,pytorch,0.0,opu,30.0,0.001,4.0,0.4407,0.10043478012084961
,10.0,1.0,0.0,pytorch,0.0,opu,40.0,0.001,0.0,0.7121,0.1638469696044922
,10.0,0.0,0.0,pytorch,0.0,opu,40.0,0.001,0.0,0.7121,0.14385271072387695
sqrt,10.0,1.0,0.0,pytorch,0.0,opu,40.0,0.001,0.0,0.5886,0.15919208526611328
sqrt,10.0,0.0,0.0,pytorch,0.0,opu,40.0,0.001,0.0,0.5394,0.11626029014587402
cos,10.0,1.0,0.0,pytorch,0.0,opu,40.0,0.001,0.0,0.5299,0.23474907875061035
cos,10.0,0.0,0.0,pytorch,0.0,opu,40.0,0.001,0.0,0.5171,0.14208054542541504
,10.0,1.0,0.0,pytorch,0.0,opu,40.0,0.001,1.0,0.7119,0.21714568138122559
,10.0,0.0,0.0,pytorch,0.0,opu,40.0,0.001,1.0,0.7119,0.11944365501403809
sqrt,10.0,1.0,0.0,pytorch,0.0,opu,40.0,0.001,1.0,0.6339,0.15921735763549805
sqrt,10.0,0.0,0.0,pytorch,0.0,opu,40.0,0.001,1.0,0.5646,0.1146094799041748
cos,10.0,1.0,0.0,pytorch,0.0,opu,40.0,0.001,1.0,0.5741,0.21257352828979492
cos,10.0,0.0,0.0,pytorch,0.0,opu,40.0,0.001,1.0,0.5766,0.13481473922729492
,10.0,1.0,0.0,pytorch,0.0,opu,40.0,0.001,2.0,0.716,0.1620941162109375
,10.0,0.0,0.0,pytorch,0.0,opu,40.0,0.001,2.0,0.716,0.13489413261413574
sqrt,10.0,1.0,0.0,pytorch,0.0,opu,40.0,0.001,2.0,0.6291,0.16910028457641602
sqrt,10.0,0.0,0.0,pytorch,0.0,opu,40.0,0.001,2.0,0.4743,0.13772177696228027
cos,10.0,1.0,0.0,pytorch,0.0,opu,40.0,0.001,2.0,0.4744,0.21566057205200195
cos,10.0,0.0,0.0,pytorch,0.0,opu,40.0,0.001,2.0,0.4065,0.08580398559570312
,10.0,1.0,0.0,pytorch,0.0,opu,40.0,0.001,3.0,0.7252,0.15345287322998047
,10.0,0.0,0.0,pytorch,0.0,opu,40.0,0.001,3.0,0.7252,0.14310026168823242
sqrt,10.0,1.0,0.0,pytorch,0.0,opu,40.0,0.001,3.0,0.6856,0.1998748779296875
sqrt,10.0,0.0,0.0,pytorch,0.0,opu,40.0,0.001,3.0,0.5903,0.08320069313049316
cos,10.0,1.0,0.0,pytorch,0.0,opu,40.0,0.001,3.0,0.5107,0.15775322914123535
cos,10.0,0.0,0.0,pytorch,0.0,opu,40.0,0.001,3.0,0.4846,0.12378835678100586
,10.0,1.0,0.0,pytorch,0.0,opu,40.0,0.001,4.0,0.7336,0.2115917205810547
,10.0,0.0,0.0,pytorch,0.0,opu,40.0,0.001,4.0,0.7336,0.1367805004119873
sqrt,10.0,1.0,0.0,pytorch,0.0,opu,40.0,0.001,4.0,0.6947,0.12830781936645508
sqrt,10.0,0.0,0.0,pytorch,0.0,opu,40.0,0.001,4.0,0.5807,0.11809349060058594
cos,10.0,1.0,0.0,pytorch,0.0,opu,40.0,0.001,4.0,0.5482,0.19193816184997559
cos,10.0,0.0,0.0,pytorch,0.0,opu,40.0,0.001,4.0,0.4677,0.17659735679626465
,10.0,1.0,0.0,pytorch,0.0,opu,50.0,0.001,0.0,0.7313,0.209930419921875
,10.0,0.0,0.0,pytorch,0.0,opu,50.0,0.001,0.0,0.7313,0.22596025466918945
sqrt,10.0,1.0,0.0,pytorch,0.0,opu,50.0,0.001,0.0,0.5953,0.20647835731506348
sqrt,10.0,0.0,0.0,pytorch,0.0,opu,50.0,0.001,0.0,0.5537,0.0979623794555664
cos,10.0,1.0,0.0,pytorch,0.0,opu,50.0,0.001,0.0,0.543,0.1934952735900879
cos,10.0,0.0,0.0,pytorch,0.0,opu,50.0,0.001,0.0,0.5064,0.1696770191192627
,10.0,1.0,0.0,pytorch,0.0,opu,50.0,0.001,1.0,0.7362,0.20696425437927246
,10.0,0.0,0.0,pytorch,0.0,opu,50.0,0.001,1.0,0.7362,0.21987342834472656
sqrt,10.0,1.0,0.0,pytorch,0.0,opu,50.0,0.001,1.0,0.6398,0.20089507102966309
sqrt,10.0,0.0,0.0,pytorch,0.0,opu,50.0,0.001,1.0,0.4998,0.10061025619506836
cos,10.0,1.0,0.0,pytorch,0.0,opu,50.0,0.001,1.0,0.534,0.18747878074645996
cos,10.0,0.0,0.0,pytorch,0.0,opu,50.0,0.001,1.0,0.4943,0.15709304809570312
,10.0,1.0,0.0,pytorch,0.0,opu,50.0,0.001,2.0,0.7393,0.20706892013549805
,10.0,0.0,0.0,pytorch,0.0,opu,50.0,0.001,2.0,0.7393,0.22007155418395996
sqrt,10.0,1.0,0.0,pytorch,0.0,opu,50.0,0.001,2.0,0.6576,0.20091962814331055
sqrt,10.0,0.0,0.0,pytorch,0.0,opu,50.0,0.001,2.0,0.5442,0.1272423267364502
cos,10.0,1.0,0.0,pytorch,0.0,opu,50.0,0.001,2.0,0.5179,0.24233508110046387
cos,10.0,0.0,0.0,pytorch,0.0,opu,50.0,0.001,2.0,0.467,0.1610872745513916
,10.0,1.0,0.0,pytorch,0.0,opu,50.0,0.001,3.0,0.7486,0.22150087356567383
,10.0,0.0,0.0,pytorch,0.0,opu,50.0,0.001,3.0,0.7486,0.171097993850708
sqrt,10.0,1.0,0.0,pytorch,0.0,opu,50.0,0.001,3.0,0.7092,0.17442703247070312
sqrt,10.0,0.0,0.0,pytorch,0.0,opu,50.0,0.001,3.0,0.6199,0.14884114265441895
cos,10.0,1.0,0.0,pytorch,0.0,opu,50.0,0.001,3.0,0.5756,0.19343042373657227
cos,10.0,0.0,0.0,pytorch,0.0,opu,50.0,0.001,3.0,0.521,0.1414625644683838
,10.0,1.0,0.0,pytorch,0.0,opu,50.0,0.001,4.0,0.7371,0.21831321716308594
,10.0,0.0,0.0,pytorch,0.0,opu,50.0,0.001,4.0,0.7371,0.20813822746276855
sqrt,10.0,1.0,0.0,pytorch,0.0,opu,50.0,0.001,4.0,0.6689,0.2089381217956543
sqrt,10.0,0.0,0.0,pytorch,0.0,opu,50.0,0.001,4.0,0.6143,0.13492512702941895
cos,10.0,1.0,0.0,pytorch,0.0,opu,50.0,0.001,4.0,0.5848,0.2379312515258789
cos,10.0,0.0,0.0,pytorch,0.0,opu,50.0,0.001,4.0,0.5386,0.1669304370880127
,10.0,1.0,0.0,pytorch,0.0,opu,60.0,0.001,0.0,0.7484,0.23459696769714355
,10.0,0.0,0.0,pytorch,0.0,opu,60.0,0.001,0.0,0.7484,0.14869952201843262
sqrt,10.0,1.0,0.0,pytorch,0.0,opu,60.0,0.001,0.0,0.6064,0.19515371322631836
sqrt,10.0,0.0,0.0,pytorch,0.0,opu,60.0,0.001,0.0,0.5613,0.15009140968322754
cos,10.0,1.0,0.0,pytorch,0.0,opu,60.0,0.001,0.0,0.536,0.22404742240905762
cos,10.0,0.0,0.0,pytorch,0.0,opu,60.0,0.001,0.0,0.5822,0.20321917533874512
,10.0,1.0,0.0,pytorch,0.0,opu,60.0,0.001,1.0,0.7486,0.2519071102142334
,10.0,0.0,0.0,pytorch,0.0,opu,60.0,0.001,1.0,0.7486,0.1878213882446289
sqrt,10.0,1.0,0.0,pytorch,0.0,opu,60.0,0.001,1.0,0.6391,0.2800025939941406
sqrt,10.0,0.0,0.0,pytorch,0.0,opu,60.0,0.001,1.0,0.5165,0.22268939018249512
cos,10.0,1.0,0.0,pytorch,0.0,opu,60.0,0.001,1.0,0.4286,0.22118091583251953
cos,10.0,0.0,0.0,pytorch,0.0,opu,60.0,0.001,1.0,0.3598,0.19151997566223145
,10.0,1.0,0.0,pytorch,0.0,opu,60.0,0.001,2.0,0.7538,0.2783372402191162
,10.0,0.0,0.0,pytorch,0.0,opu,60.0,0.001,2.0,0.7538,0.26609039306640625
sqrt,10.0,1.0,0.0,pytorch,0.0,opu,60.0,0.001,2.0,0.6933,0.2508518695831299
sqrt,10.0,0.0,0.0,pytorch,0.0,opu,60.0,0.001,2.0,0.5478,0.18828034400939941
cos,10.0,1.0,0.0,pytorch,0.0,opu,60.0,0.001,2.0,0.5789,0.2124021053314209
cos,10.0,0.0,0.0,pytorch,0.0,opu,60.0,0.001,2.0,0.4686,0.23770594596862793
,10.0,1.0,0.0,pytorch,0.0,opu,60.0,0.001,3.0,0.7447,0.2352464199066162
,10.0,0.0,0.0,pytorch,0.0,opu,60.0,0.001,3.0,0.7447,0.23686599731445312
sqrt,10.0,1.0,0.0,pytorch,0.0,opu,60.0,0.001,3.0,0.661,0.21364712715148926
sqrt,10.0,0.0,0.0,pytorch,0.0,opu,60.0,0.001,3.0,0.5894,0.2205207347869873
cos,10.0,1.0,0.0,pytorch,0.0,opu,60.0,0.001,3.0,0.5956,0.2312641143798828
cos,10.0,0.0,0.0,pytorch,0.0,opu,60.0,0.001,3.0,0.5645,0.24828267097473145
,10.0,1.0,0.0,pytorch,0.0,opu,60.0,0.001,4.0,0.7548,0.22788381576538086
,10.0,0.0,0.0,pytorch,0.0,opu,60.0,0.001,4.0,0.7548,0.18120694160461426
sqrt,10.0,1.0,0.0,pytorch,0.0,opu,60.0,0.001,4.0,0.7172,0.20358061790466309
sqrt,10.0,0.0,0.0,pytorch,0.0,opu,60.0,0.001,4.0,0.6313,0.2235112190246582
cos,10.0,1.0,0.0,pytorch,0.0,opu,60.0,0.001,4.0,0.5715,0.24401187896728516
cos,10.0,0.0,0.0,pytorch,0.0,opu,60.0,0.001,4.0,0.5563,0.24917268753051758
,10.0,1.0,0.0,pytorch,0.0,opu,70.0,0.001,0.0,0.7563,0.21961522102355957
,10.0,0.0,0.0,pytorch,0.0,opu,70.0,0.001,0.0,0.7563,0.19339871406555176
sqrt,10.0,1.0,0.0,pytorch,0.0,opu,70.0,0.001,0.0,0.6366,0.29160189628601074
sqrt,10.0,0.0,0.0,pytorch,0.0,opu,70.0,0.001,0.0,0.5781,0.18744444847106934
cos,10.0,1.0,0.0,pytorch,0.0,opu,70.0,0.001,0.0,0.5542,0.26715087890625
cos,10.0,0.0,0.0,pytorch,0.0,opu,70.0,0.001,0.0,0.5563,0.22145795822143555
,10.0,1.0,0.0,pytorch,0.0,opu,70.0,0.001,1.0,0.7627,0.24039721488952637
,10.0,0.0,0.0,pytorch,0.0,opu,70.0,0.001,1.0,0.7627,0.21668004989624023
sqrt,10.0,1.0,0.0,pytorch,0.0,opu,70.0,0.001,1.0,0.6627,0.153855562210083
sqrt,10.0,0.0,0.0,pytorch,0.0,opu,70.0,0.001,1.0,0.4616,0.16416597366333008
cos,10.0,1.0,0.0,pytorch,0.0,opu,70.0,0.001,1.0,0.3756,0.2940409183502197
cos,10.0,0.0,0.0,pytorch,0.0,opu,70.0,0.001,1.0,0.3791,0.2160181999206543
,10.0,1.0,0.0,pytorch,0.0,opu,70.0,0.001,2.0,0.7612,0.30881619453430176
,10.0,0.0,0.0,pytorch,0.0,opu,70.0,0.001,2.0,0.7612,0.19642281532287598
sqrt,10.0,1.0,0.0,pytorch,0.0,opu,70.0,0.001,2.0,0.6891,0.2765235900878906
sqrt,10.0,0.0,0.0,pytorch,0.0,opu,70.0,0.001,2.0,0.6158,0.23210954666137695
cos,10.0,1.0,0.0,pytorch,0.0,opu,70.0,0.001,2.0,0.6183,0.24161887168884277
cos,10.0,0.0,0.0,pytorch,0.0,opu,70.0,0.001,2.0,0.5853,0.25318384170532227
,10.0,1.0,0.0,pytorch,0.0,opu,70.0,0.001,3.0,0.7631,0.33371710777282715
,10.0,0.0,0.0,pytorch,0.0,opu,70.0,0.001,3.0,0.7631,0.21616649627685547
sqrt,10.0,1.0,0.0,pytorch,0.0,opu,70.0,0.001,3.0,0.6763,0.23771286010742188
sqrt,10.0,0.0,0.0,pytorch,0.0,opu,70.0,0.001,3.0,0.5971,0.1801917552947998
cos,10.0,1.0,0.0,pytorch,0.0,opu,70.0,0.001,3.0,0.5588,0.25245022773742676
cos,10.0,0.0,0.0,pytorch,0.0,opu,70.0,0.001,3.0,0.5621,0.21626067161560059
,10.0,1.0,0.0,pytorch,0.0,opu,70.0,0.001,4.0,0.7534,0.28266358375549316
,10.0,0.0,0.0,pytorch,0.0,opu,70.0,0.001,4.0,0.7534,0.20876455307006836
sqrt,10.0,1.0,0.0,pytorch,0.0,opu,70.0,0.001,4.0,0.712,0.21929240226745605
sqrt,10.0,0.0,0.0,pytorch,0.0,opu,70.0,0.001,4.0,0.6381,0.22862482070922852
cos,10.0,1.0,0.0,pytorch,0.0,opu,70.0,0.001,4.0,0.6156,0.24239230155944824
cos,10.0,0.0,0.0,pytorch,0.0,opu,70.0,0.001,4.0,0.5648,0.2186717987060547
,10.0,1.0,0.0,pytorch,0.0,opu,80.0,0.001,0.0,0.7586,0.2557384967803955
,10.0,0.0,0.0,pytorch,0.0,opu,80.0,0.001,0.0,0.7586,0.2100205421447754
sqrt,10.0,1.0,0.0,pytorch,0.0,opu,80.0,0.001,0.0,0.6479,0.2354738712310791
sqrt,10.0,0.0,0.0,pytorch,0.0,opu,80.0,0.001,0.0,0.5494,0.21464323997497559
cos,10.0,1.0,0.0,pytorch,0.0,opu,80.0,0.001,0.0,0.5143,0.2753322124481201
cos,10.0,0.0,0.0,pytorch,0.0,opu,80.0,0.001,0.0,0.5293,0.23289060592651367
,10.0,1.0,0.0,pytorch,0.0,opu,80.0,0.001,1.0,0.7675,0.3186798095703125
,10.0,0.0,0.0,pytorch,0.0,opu,80.0,0.001,1.0,0.7675,0.2140510082244873
sqrt,10.0,1.0,0.0,pytorch,0.0,opu,80.0,0.001,1.0,0.67,0.3266294002532959
sqrt,10.0,0.0,0.0,pytorch,0.0,opu,80.0,0.001,1.0,0.4561,0.19204950332641602
cos,10.0,1.0,0.0,pytorch,0.0,opu,80.0,0.001,1.0,0.4497,0.2887117862701416
cos,10.0,0.0,0.0,pytorch,0.0,opu,80.0,0.001,1.0,0.4995,0.2209620475769043
,10.0,1.0,0.0,pytorch,0.0,opu,80.0,0.001,2.0,0.7705,0.2708313465118408
,10.0,0.0,0.0,pytorch,0.0,opu,80.0,0.001,2.0,0.7705,0.21072602272033691
sqrt,10.0,1.0,0.0,pytorch,0.0,opu,80.0,0.001,2.0,0.6836,0.32718777656555176
sqrt,10.0,0.0,0.0,pytorch,0.0,opu,80.0,0.001,2.0,0.6092,0.19571709632873535
cos,10.0,1.0,0.0,pytorch,0.0,opu,80.0,0.001,2.0,0.5984,0.1988978385925293
cos,10.0,0.0,0.0,pytorch,0.0,opu,80.0,0.001,2.0,0.5616,0.31368041038513184
,10.0,1.0,0.0,pytorch,0.0,opu,80.0,0.001,3.0,0.7664,0.2666299343109131
,10.0,0.0,0.0,pytorch,0.0,opu,80.0,0.001,3.0,0.7664,0.20824098587036133
sqrt,10.0,1.0,0.0,pytorch,0.0,opu,80.0,0.001,3.0,0.6978,0.3005180358886719
sqrt,10.0,0.0,0.0,pytorch,0.0,opu,80.0,0.001,3.0,0.594,0.16175413131713867
cos,10.0,1.0,0.0,pytorch,0.0,opu,80.0,0.001,3.0,0.5449,0.26009464263916016
cos,10.0,0.0,0.0,pytorch,0.0,opu,80.0,0.001,3.0,0.4986,0.22741198539733887
,10.0,1.0,0.0,pytorch,0.0,opu,80.0,0.001,4.0,0.7686,0.3354520797729492
,10.0,0.0,0.0,pytorch,0.0,opu,80.0,0.001,4.0,0.7686,0.21234941482543945
sqrt,10.0,1.0,0.0,pytorch,0.0,opu,80.0,0.001,4.0,0.7148,0.25310587882995605
sqrt,10.0,0.0,0.0,pytorch,0.0,opu,80.0,0.001,4.0,0.5861,0.18334507942199707
cos,10.0,1.0,0.0,pytorch,0.0,opu,80.0,0.001,4.0,0.5382,0.27596330642700195
cos,10.0,0.0,0.0,pytorch,0.0,opu,80.0,0.001,4.0,0.3955,0.25895237922668457
,10.0,1.0,0.0,pytorch,0.0,opu,90.0,0.001,0.0,0.7665,0.26010775566101074
,10.0,0.0,0.0,pytorch,0.0,opu,90.0,0.001,0.0,0.7665,0.22982478141784668
sqrt,10.0,1.0,0.0,pytorch,0.0,opu,90.0,0.001,0.0,0.6439,0.2811422348022461
sqrt,10.0,0.0,0.0,pytorch,0.0,opu,90.0,0.001,0.0,0.5252,0.2083570957183838
cos,10.0,1.0,0.0,pytorch,0.0,opu,90.0,0.001,0.0,0.4451,0.3215155601501465
cos,10.0,0.0,0.0,pytorch,0.0,opu,90.0,0.001,0.0,0.5209,0.17234206199645996
,10.0,1.0,0.0,pytorch,0.0,opu,90.0,0.001,1.0,0.7765,0.21764659881591797
,10.0,0.0,0.0,pytorch,0.0,opu,90.0,0.001,1.0,0.7765,0.2710714340209961
sqrt,10.0,1.0,0.0,pytorch,0.0,opu,90.0,0.001,1.0,0.6775,0.2678968906402588
sqrt,10.0,0.0,0.0,pytorch,0.0,opu,90.0,0.001,1.0,0.5186,0.12563776969909668
cos,10.0,1.0,0.0,pytorch,0.0,opu,90.0,0.001,1.0,0.4647,0.28362202644348145
cos,10.0,0.0,0.0,pytorch,0.0,opu,90.0,0.001,1.0,0.4293,0.24204730987548828
,10.0,1.0,0.0,pytorch,0.0,opu,90.0,0.001,2.0,0.7729,0.26580119132995605
,10.0,0.0,0.0,pytorch,0.0,opu,90.0,0.001,2.0,0.7729,0.23364710807800293
sqrt,10.0,1.0,0.0,pytorch,0.0,opu,90.0,0.001,2.0,0.6808,0.29607725143432617
sqrt,10.0,0.0,0.0,pytorch,0.0,opu,90.0,0.001,2.0,0.6067,0.29579806327819824
cos,10.0,1.0,0.0,pytorch,0.0,opu,90.0,0.001,2.0,0.5834,0.20570588111877441
cos,10.0,0.0,0.0,pytorch,0.0,opu,90.0,0.001,2.0,0.6048,0.29988694190979004
,10.0,1.0,0.0,pytorch,0.0,opu,90.0,0.001,3.0,0.7664,0.2939579486846924
,10.0,0.0,0.0,pytorch,0.0,opu,90.0,0.001,3.0,0.7664,0.17641663551330566
sqrt,10.0,1.0,0.0,pytorch,0.0,opu,90.0,0.001,3.0,0.6928,0.2091062068939209
sqrt,10.0,0.0,0.0,pytorch,0.0,opu,90.0,0.001,3.0,0.615,0.2044529914855957
cos,10.0,1.0,0.0,pytorch,0.0,opu,90.0,0.001,3.0,0.5903,0.3380858898162842
cos,10.0,0.0,0.0,pytorch,0.0,opu,90.0,0.001,3.0,0.5795,0.2474517822265625
,10.0,1.0,0.0,pytorch,0.0,opu,90.0,0.001,4.0,0.7575,0.29371166229248047
,10.0,0.0,0.0,pytorch,0.0,opu,90.0,0.001,4.0,0.7575,0.2732367515563965
sqrt,10.0,1.0,0.0,pytorch,0.0,opu,90.0,0.001,4.0,0.7027,0.2782735824584961
sqrt,10.0,0.0,0.0,pytorch,0.0,opu,90.0,0.001,4.0,0.6077,0.2109365463256836
cos,10.0,1.0,0.0,pytorch,0.0,opu,90.0,0.001,4.0,0.5721,0.2809576988220215
cos,10.0,0.0,0.0,pytorch,0.0,opu,90.0,0.001,4.0,0.4631,0.23955583572387695
,10.0,1.0,0.0,pytorch,0.0,opu,100.0,0.001,0.0,0.7693,0.22584319114685059
,10.0,0.0,0.0,pytorch,0.0,opu,100.0,0.001,0.0,0.7693,0.22039413452148438
sqrt,10.0,1.0,0.0,pytorch,0.0,opu,100.0,0.001,0.0,0.6471,0.26372814178466797
sqrt,10.0,0.0,0.0,pytorch,0.0,opu,100.0,0.001,0.0,0.5354,0.182783842086792
cos,10.0,1.0,0.0,pytorch,0.0,opu,100.0,0.001,0.0,0.5383,0.3007168769836426
cos,10.0,0.0,0.0,pytorch,0.0,opu,100.0,0.001,0.0,0.5432,0.3625645637512207
,10.0,1.0,0.0,pytorch,0.0,opu,100.0,0.001,1.0,0.7777,0.40037012100219727
,10.0,0.0,0.0,pytorch,0.0,opu,100.0,0.001,1.0,0.7777,0.2668619155883789
sqrt,10.0,1.0,0.0,pytorch,0.0,opu,100.0,0.001,1.0,0.6893,0.21098566055297852
sqrt,10.0,0.0,0.0,pytorch,0.0,opu,100.0,0.001,1.0,0.5505,0.21255922317504883
cos,10.0,1.0,0.0,pytorch,0.0,opu,100.0,0.001,1.0,0.5431,0.3016815185546875
cos,10.0,0.0,0.0,pytorch,0.0,opu,100.0,0.001,1.0,0.4763,0.1893784999847412
,10.0,1.0,0.0,pytorch,0.0,opu,100.0,0.001,2.0,0.7802,0.28307580947875977
,10.0,0.0,0.0,pytorch,0.0,opu,100.0,0.001,2.0,0.7802,0.2819974422454834
sqrt,10.0,1.0,0.0,pytorch,0.0,opu,100.0,0.001,2.0,0.6809,0.2983272075653076
sqrt,10.0,0.0,0.0,pytorch,0.0,opu,100.0,0.001,2.0,0.5889,0.2009737491607666
cos,10.0,1.0,0.0,pytorch,0.0,opu,100.0,0.001,2.0,0.5957,0.3842127323150635
cos,10.0,0.0,0.0,pytorch,0.0,opu,100.0,0.001,2.0,0.5504,0.24056673049926758
,10.0,1.0,0.0,pytorch,0.0,opu,100.0,0.001,3.0,0.7736,0.3117222785949707
,10.0,0.0,0.0,pytorch,0.0,opu,100.0,0.001,3.0,0.7736,0.238389253616333
sqrt,10.0,1.0,0.0,pytorch,0.0,opu,100.0,0.001,3.0,0.7066,0.303663969039917
sqrt,10.0,0.0,0.0,pytorch,0.0,opu,100.0,0.001,3.0,0.6014,0.21622967720031738
cos,10.0,1.0,0.0,pytorch,0.0,opu,100.0,0.001,3.0,0.5618,0.34903693199157715
cos,10.0,0.0,0.0,pytorch,0.0,opu,100.0,0.001,3.0,0.541,0.278423547744751
,10.0,1.0,0.0,pytorch,0.0,opu,100.0,0.001,4.0,0.7677,0.3092002868652344
,10.0,0.0,0.0,pytorch,0.0,opu,100.0,0.001,4.0,0.7677,0.15305209159851074
sqrt,10.0,1.0,0.0,pytorch,0.0,opu,100.0,0.001,4.0,0.717,0.28391313552856445
sqrt,10.0,0.0,0.0,pytorch,0.0,opu,100.0,0.001,4.0,0.6381,0.23177790641784668
cos,10.0,1.0,0.0,pytorch,0.0,opu,100.0,0.001,4.0,0.6195,0.38645315170288086
cos,10.0,0.0,0.0,pytorch,0.0,opu,100.0,0.001,4.0,0.4826,0.19448089599609375
,10.0,1.0,0.0,pytorch,0.0,opu,200.0,0.001,0.0,0.8002,0.897075891494751
,10.0,0.0,0.0,pytorch,0.0,opu,200.0,0.001,0.0,0.8002,0.6110210418701172
sqrt,10.0,1.0,0.0,pytorch,0.0,opu,200.0,0.001,0.0,0.7073,0.5975303649902344
sqrt,10.0,0.0,0.0,pytorch,0.0,opu,200.0,0.001,0.0,0.574,0.4130280017852783
cos,10.0,1.0,0.0,pytorch,0.0,opu,200.0,0.001,0.0,0.5765,0.9829726219177246
cos,10.0,0.0,0.0,pytorch,0.0,opu,200.0,0.001,0.0,0.5575,0.5912284851074219
,10.0,1.0,0.0,pytorch,0.0,opu,200.0,0.001,1.0,0.801,0.49812960624694824
,10.0,0.0,0.0,pytorch,0.0,opu,200.0,0.001,1.0,0.801,0.9012799263000488
sqrt,10.0,1.0,0.0,pytorch,0.0,opu,200.0,0.001,1.0,0.7269,0.7175016403198242
sqrt,10.0,0.0,0.0,pytorch,0.0,opu,200.0,0.001,1.0,0.6138,0.4065995216369629
cos,10.0,1.0,0.0,pytorch,0.0,opu,200.0,0.001,1.0,0.5996,0.8125133514404297
cos,10.0,0.0,0.0,pytorch,0.0,opu,200.0,0.001,1.0,0.5701,0.6939358711242676
,10.0,1.0,0.0,pytorch,0.0,opu,200.0,0.001,2.0,0.7997,0.8781256675720215
,10.0,0.0,0.0,pytorch,0.0,opu,200.0,0.001,2.0,0.7997,0.783839225769043
sqrt,10.0,1.0,0.0,pytorch,0.0,opu,200.0,0.001,2.0,0.7527,0.9879786968231201
sqrt,10.0,0.0,0.0,pytorch,0.0,opu,200.0,0.001,2.0,0.6902,0.48920774459838867
cos,10.0,1.0,0.0,pytorch,0.0,opu,200.0,0.001,2.0,0.6511,0.6104159355163574
cos,10.0,0.0,0.0,pytorch,0.0,opu,200.0,0.001,2.0,0.5941,0.807135820388794
,10.0,1.0,0.0,pytorch,0.0,opu,200.0,0.001,3.0,0.7973,0.5859439373016357
,10.0,0.0,0.0,pytorch,0.0,opu,200.0,0.001,3.0,0.7973,1.1610682010650635
sqrt,10.0,1.0,0.0,pytorch,0.0,opu,200.0,0.001,3.0,0.7633,0.6952829360961914
sqrt,10.0,0.0,0.0,pytorch,0.0,opu,200.0,0.001,3.0,0.7168,0.3896524906158447
cos,10.0,1.0,0.0,pytorch,0.0,opu,200.0,0.001,3.0,0.6975,0.7119510173797607
cos,10.0,0.0,0.0,pytorch,0.0,opu,200.0,0.001,3.0,0.6481,0.8207926750183105
,10.0,1.0,0.0,pytorch,0.0,opu,200.0,0.001,4.0,0.799,0.7759015560150146
,10.0,0.0,0.0,pytorch,0.0,opu,200.0,0.001,4.0,0.799,0.5838062763214111
sqrt,10.0,1.0,0.0,pytorch,0.0,opu,200.0,0.001,4.0,0.7674,0.606856107711792
sqrt,10.0,0.0,0.0,pytorch,0.0,opu,200.0,0.001,4.0,0.685,0.5069224834442139
cos,10.0,1.0,0.0,pytorch,0.0,opu,200.0,0.001,4.0,0.6458,0.6774718761444092
cos,10.0,0.0,0.0,pytorch,0.0,opu,200.0,0.001,4.0,0.6047,0.6793663501739502
,10.0,1.0,0.0,pytorch,0.0,opu,300.0,0.001,0.0,0.8136,0.7789394855499268
,10.0,0.0,0.0,pytorch,0.0,opu,300.0,0.001,0.0,0.8136,0.48613905906677246
sqrt,10.0,1.0,0.0,pytorch,0.0,opu,300.0,0.001,0.0,0.7256,0.6863260269165039
sqrt,10.0,0.0,0.0,pytorch,0.0,opu,300.0,0.001,0.0,0.5983,0.3920116424560547
cos,10.0,1.0,0.0,pytorch,0.0,opu,300.0,0.001,0.0,0.5623,0.6866335868835449
cos,10.0,0.0,0.0,pytorch,0.0,opu,300.0,0.001,0.0,0.6018,0.701911449432373
,10.0,1.0,0.0,pytorch,0.0,opu,300.0,0.001,1.0,0.8097,0.8889942169189453
,10.0,0.0,0.0,pytorch,0.0,opu,300.0,0.001,1.0,0.8097,0.5679540634155273
sqrt,10.0,1.0,0.0,pytorch,0.0,opu,300.0,0.001,1.0,0.7489,0.5623307228088379
sqrt,10.0,0.0,0.0,pytorch,0.0,opu,300.0,0.001,1.0,0.6664,0.4900932312011719
cos,10.0,1.0,0.0,pytorch,0.0,opu,300.0,0.001,1.0,0.6219,0.6869673728942871
cos,10.0,0.0,0.0,pytorch,0.0,opu,300.0,0.001,1.0,0.5967,0.6837263107299805
,10.0,1.0,0.0,pytorch,0.0,opu,300.0,0.001,2.0,0.8102,0.5713627338409424
,10.0,0.0,0.0,pytorch,0.0,opu,300.0,0.001,2.0,0.8102,0.3936934471130371
sqrt,10.0,1.0,0.0,pytorch,0.0,opu,300.0,0.001,2.0,0.7673,0.5735516548156738
sqrt,10.0,0.0,0.0,pytorch,0.0,opu,300.0,0.001,2.0,0.6853,0.3959228992462158
cos,10.0,1.0,0.0,pytorch,0.0,opu,300.0,0.001,2.0,0.6622,0.7965896129608154
cos,10.0,0.0,0.0,pytorch,0.0,opu,300.0,0.001,2.0,0.6185,1.1648437976837158
,10.0,1.0,0.0,pytorch,0.0,opu,300.0,0.001,3.0,0.8158,0.9721713066101074
,10.0,0.0,0.0,pytorch,0.0,opu,300.0,0.001,3.0,0.8158,0.47330784797668457
sqrt,10.0,1.0,0.0,pytorch,0.0,opu,300.0,0.001,3.0,0.7763,0.5826625823974609
sqrt,10.0,0.0,0.0,pytorch,0.0,opu,300.0,0.001,3.0,0.7095,0.3876955509185791
cos,10.0,1.0,0.0,pytorch,0.0,opu,300.0,0.001,3.0,0.6809,0.6090424060821533
cos,10.0,0.0,0.0,pytorch,0.0,opu,300.0,0.001,3.0,0.6328,0.583967924118042
,10.0,1.0,0.0,pytorch,0.0,opu,300.0,0.001,4.0,0.8162,0.7853055000305176
,10.0,0.0,0.0,pytorch,0.0,opu,300.0,0.001,4.0,0.8162,0.49384164810180664
sqrt,10.0,1.0,0.0,pytorch,0.0,opu,300.0,0.001,4.0,0.7796,0.4474649429321289
sqrt,10.0,0.0,0.0,pytorch,0.0,opu,300.0,0.001,4.0,0.7281,0.783531904220581
cos,10.0,1.0,0.0,pytorch,0.0,opu,300.0,0.001,4.0,0.7008,0.6740963459014893
cos,10.0,0.0,0.0,pytorch,0.0,opu,300.0,0.001,4.0,0.6556,0.9865028858184814
,10.0,1.0,0.0,pytorch,0.0,opu,400.0,0.001,0.0,0.8237,0.9385552406311035
,10.0,0.0,0.0,pytorch,0.0,opu,400.0,0.001,0.0,0.8237,0.8514065742492676
sqrt,10.0,1.0,0.0,pytorch,0.0,opu,400.0,0.001,0.0,0.7356,1.166860580444336
sqrt,10.0,0.0,0.0,pytorch,0.0,opu,400.0,0.001,0.0,0.6186,1.171511173248291
cos,10.0,1.0,0.0,pytorch,0.0,opu,400.0,0.001,0.0,0.6093,1.4741802215576172
cos,10.0,0.0,0.0,pytorch,0.0,opu,400.0,0.001,0.0,0.5878,1.2725930213928223
,10.0,1.0,0.0,pytorch,0.0,opu,400.0,0.001,1.0,0.819,1.0585565567016602
,10.0,0.0,0.0,pytorch,0.0,opu,400.0,0.001,1.0,0.819,0.6697251796722412
sqrt,10.0,1.0,0.0,pytorch,0.0,opu,400.0,0.001,1.0,0.7587,1.078967809677124
sqrt,10.0,0.0,0.0,pytorch,0.0,opu,400.0,0.001,1.0,0.6712,1.0928597450256348
cos,10.0,1.0,0.0,pytorch,0.0,opu,400.0,0.001,1.0,0.6421,1.5640642642974854
cos,10.0,0.0,0.0,pytorch,0.0,opu,400.0,0.001,1.0,0.611,1.261589527130127
,10.0,1.0,0.0,pytorch,0.0,opu,400.0,0.001,2.0,0.8218,1.051316738128662
,10.0,0.0,0.0,pytorch,0.0,opu,400.0,0.001,2.0,0.8218,0.9700057506561279
sqrt,10.0,1.0,0.0,pytorch,0.0,opu,400.0,0.001,2.0,0.7713,1.1583359241485596
sqrt,10.0,0.0,0.0,pytorch,0.0,opu,400.0,0.001,2.0,0.6856,1.0617589950561523
cos,10.0,1.0,0.0,pytorch,0.0,opu,400.0,0.001,2.0,0.6659,1.2960052490234375
cos,10.0,0.0,0.0,pytorch,0.0,opu,400.0,0.001,2.0,0.6178,1.081514835357666
,10.0,1.0,0.0,pytorch,0.0,opu,400.0,0.001,3.0,0.8217,1.1583256721496582
,10.0,0.0,0.0,pytorch,0.0,opu,400.0,0.001,3.0,0.8217,0.7592918872833252
sqrt,10.0,1.0,0.0,pytorch,0.0,opu,400.0,0.001,3.0,0.7778,0.9771673679351807
sqrt,10.0,0.0,0.0,pytorch,0.0,opu,400.0,0.001,3.0,0.7169,1.1732838153839111
cos,10.0,1.0,0.0,pytorch,0.0,opu,400.0,0.001,3.0,0.6924,1.2613837718963623
cos,10.0,0.0,0.0,pytorch,0.0,opu,400.0,0.001,3.0,0.6282,1.0755784511566162
,10.0,1.0,0.0,pytorch,0.0,opu,400.0,0.001,4.0,0.8218,0.8694944381713867
,10.0,0.0,0.0,pytorch,0.0,opu,400.0,0.001,4.0,0.8218,1.1786563396453857
sqrt,10.0,1.0,0.0,pytorch,0.0,opu,400.0,0.001,4.0,0.788,1.276338815689087
sqrt,10.0,0.0,0.0,pytorch,0.0,opu,400.0,0.001,4.0,0.7419,1.0826406478881836
cos,10.0,1.0,0.0,pytorch,0.0,opu,400.0,0.001,4.0,0.7195,1.2707500457763672
cos,10.0,0.0,0.0,pytorch,0.0,opu,400.0,0.001,4.0,0.6647,1.4690537452697754
,10.0,1.0,0.0,pytorch,0.0,opu,500.0,0.001,0.0,0.8282,1.4285671710968018
,10.0,0.0,0.0,pytorch,0.0,opu,500.0,0.001,0.0,0.8282,1.2513461112976074
sqrt,10.0,1.0,0.0,pytorch,0.0,opu,500.0,0.001,0.0,0.743,0.9690210819244385
sqrt,10.0,0.0,0.0,pytorch,0.0,opu,500.0,0.001,0.0,0.6294,1.186718463897705
cos,10.0,1.0,0.0,pytorch,0.0,opu,500.0,0.001,0.0,0.6062,1.4844119548797607
cos,10.0,0.0,0.0,pytorch,0.0,opu,500.0,0.001,0.0,0.5905,1.4993031024932861
,10.0,1.0,0.0,pytorch,0.0,opu,500.0,0.001,1.0,0.8272,1.5670912265777588
,10.0,0.0,0.0,pytorch,0.0,opu,500.0,0.001,1.0,0.8272,0.8663852214813232
sqrt,10.0,1.0,0.0,pytorch,0.0,opu,500.0,0.001,1.0,0.7657,1.4882175922393799
sqrt,10.0,0.0,0.0,pytorch,0.0,opu,500.0,0.001,1.0,0.656,1.4689733982086182
cos,10.0,1.0,0.0,pytorch,0.0,opu,500.0,0.001,1.0,0.6354,1.7800917625427246
cos,10.0,0.0,0.0,pytorch,0.0,opu,500.0,0.001,1.0,0.6015,1.1706383228302002
,10.0,1.0,0.0,pytorch,0.0,opu,500.0,0.001,2.0,0.8304,1.2502787113189697
,10.0,0.0,0.0,pytorch,0.0,opu,500.0,0.001,2.0,0.8304,1.7506728172302246
sqrt,10.0,1.0,0.0,pytorch,0.0,opu,500.0,0.001,2.0,0.7697,1.4503402709960938
sqrt,10.0,0.0,0.0,pytorch,0.0,opu,500.0,0.001,2.0,0.6926,1.252458095550537
cos,10.0,1.0,0.0,pytorch,0.0,opu,500.0,0.001,2.0,0.6731,1.2784500122070312
cos,10.0,0.0,0.0,pytorch,0.0,opu,500.0,0.001,2.0,0.6223,1.6706647872924805
,10.0,1.0,0.0,pytorch,0.0,opu,500.0,0.001,3.0,0.8268,1.1580071449279785
,10.0,0.0,0.0,pytorch,0.0,opu,500.0,0.001,3.0,0.8268,1.154705286026001
sqrt,10.0,1.0,0.0,pytorch,0.0,opu,500.0,0.001,3.0,0.7802,1.3517262935638428
sqrt,10.0,0.0,0.0,pytorch,0.0,opu,500.0,0.001,3.0,0.7219,0.7843756675720215
cos,10.0,1.0,0.0,pytorch,0.0,opu,500.0,0.001,3.0,0.6972,1.4740478992462158
cos,10.0,0.0,0.0,pytorch,0.0,opu,500.0,0.001,3.0,0.637,1.3601813316345215
,10.0,1.0,0.0,pytorch,0.0,opu,500.0,0.001,4.0,0.8265,1.0563561916351318
,10.0,0.0,0.0,pytorch,0.0,opu,500.0,0.001,4.0,0.8265,0.6654648780822754
sqrt,10.0,1.0,0.0,pytorch,0.0,opu,500.0,0.001,4.0,0.7966,0.9641766548156738
sqrt,10.0,0.0,0.0,pytorch,0.0,opu,500.0,0.001,4.0,0.7451,0.8667972087860107
cos,10.0,1.0,0.0,pytorch,0.0,opu,500.0,0.001,4.0,0.7087,1.472806692123413
cos,10.0,0.0,0.0,pytorch,0.0,opu,500.0,0.001,4.0,0.6528,1.358123540878296
,10.0,1.0,0.0,pytorch,0.0,opu,600.0,0.001,0.0,0.8319,1.4477870464324951
,10.0,0.0,0.0,pytorch,0.0,opu,600.0,0.001,0.0,0.8319,1.155374526977539
sqrt,10.0,1.0,0.0,pytorch,0.0,opu,600.0,0.001,0.0,0.7489,1.251854658126831
sqrt,10.0,0.0,0.0,pytorch,0.0,opu,600.0,0.001,0.0,0.6306,1.169161319732666
cos,10.0,1.0,0.0,pytorch,0.0,opu,600.0,0.001,0.0,0.6186,2.3654425144195557
cos,10.0,0.0,0.0,pytorch,0.0,opu,600.0,0.001,0.0,0.5897,1.5646097660064697
,10.0,1.0,0.0,pytorch,0.0,opu,600.0,0.001,1.0,0.8329,1.351757526397705
,10.0,0.0,0.0,pytorch,0.0,opu,600.0,0.001,1.0,0.8329,1.255774974822998
sqrt,10.0,1.0,0.0,pytorch,0.0,opu,600.0,0.001,1.0,0.7666,1.1413850784301758
sqrt,10.0,0.0,0.0,pytorch,0.0,opu,600.0,0.001,1.0,0.6653,1.175830602645874
cos,10.0,1.0,0.0,pytorch,0.0,opu,600.0,0.001,1.0,0.6393,1.6614699363708496
cos,10.0,0.0,0.0,pytorch,0.0,opu,600.0,0.001,1.0,0.6065,1.5744469165802002
,10.0,1.0,0.0,pytorch,0.0,opu,600.0,0.001,2.0,0.8335,1.265251874923706
,10.0,0.0,0.0,pytorch,0.0,opu,600.0,0.001,2.0,0.8335,1.1480021476745605
sqrt,10.0,1.0,0.0,pytorch,0.0,opu,600.0,0.001,2.0,0.7734,1.529895305633545
sqrt,10.0,0.0,0.0,pytorch,0.0,opu,600.0,0.001,2.0,0.6959,1.3646368980407715
cos,10.0,1.0,0.0,pytorch,0.0,opu,600.0,0.001,2.0,0.6715,1.8709170818328857
cos,10.0,0.0,0.0,pytorch,0.0,opu,600.0,0.001,2.0,0.6232,1.6647591590881348
,10.0,1.0,0.0,pytorch,0.0,opu,600.0,0.001,3.0,0.8337,1.3509149551391602
,10.0,0.0,0.0,pytorch,0.0,opu,600.0,0.001,3.0,0.8337,1.1678507328033447
sqrt,10.0,1.0,0.0,pytorch,0.0,opu,600.0,0.001,3.0,0.7857,1.374809980392456
sqrt,10.0,0.0,0.0,pytorch,0.0,opu,600.0,0.001,3.0,0.7115,1.160346508026123
cos,10.0,1.0,0.0,pytorch,0.0,opu,600.0,0.001,3.0,0.6894,1.8693962097167969
cos,10.0,0.0,0.0,pytorch,0.0,opu,600.0,0.001,3.0,0.6432,1.9515831470489502
,10.0,1.0,0.0,pytorch,0.0,opu,600.0,0.001,4.0,0.8314,1.6628484725952148
,10.0,0.0,0.0,pytorch,0.0,opu,600.0,0.001,4.0,0.8314,1.2412183284759521
sqrt,10.0,1.0,0.0,pytorch,0.0,opu,600.0,0.001,4.0,0.7963,1.1492912769317627
sqrt,10.0,0.0,0.0,pytorch,0.0,opu,600.0,0.001,4.0,0.755,1.4742112159729004
cos,10.0,1.0,0.0,pytorch,0.0,opu,600.0,0.001,4.0,0.7253,1.9457876682281494
cos,10.0,0.0,0.0,pytorch,0.0,opu,600.0,0.001,4.0,0.681,1.8602068424224854
,10.0,1.0,0.0,pytorch,0.0,opu,700.0,0.001,0.0,0.8358,1.5187387466430664
,10.0,0.0,0.0,pytorch,0.0,opu,700.0,0.001,0.0,0.8358,1.2504136562347412
sqrt,10.0,1.0,0.0,pytorch,0.0,opu,700.0,0.001,0.0,0.752,1.551783561706543
sqrt,10.0,0.0,0.0,pytorch,0.0,opu,700.0,0.001,0.0,0.6395,1.5514488220214844
cos,10.0,1.0,0.0,pytorch,0.0,opu,700.0,0.001,0.0,0.6247,2.350064277648926
cos,10.0,0.0,0.0,pytorch,0.0,opu,700.0,0.001,0.0,0.5984,2.5505311489105225
,10.0,1.0,0.0,pytorch,0.0,opu,700.0,0.001,1.0,0.8396,1.936187982559204
,10.0,0.0,0.0,pytorch,0.0,opu,700.0,0.001,1.0,0.8396,1.3382322788238525
sqrt,10.0,1.0,0.0,pytorch,0.0,opu,700.0,0.001,1.0,0.7678,1.7520201206207275
sqrt,10.0,0.0,0.0,pytorch,0.0,opu,700.0,0.001,1.0,0.6655,1.4960622787475586
cos,10.0,1.0,0.0,pytorch,0.0,opu,700.0,0.001,1.0,0.6413,1.7623627185821533
cos,10.0,0.0,0.0,pytorch,0.0,opu,700.0,0.001,1.0,0.6076,1.689516544342041
,10.0,1.0,0.0,pytorch,0.0,opu,700.0,0.001,2.0,0.8374,1.670954704284668
,10.0,0.0,0.0,pytorch,0.0,opu,700.0,0.001,2.0,0.8374,1.4307334423065186
sqrt,10.0,1.0,0.0,pytorch,0.0,opu,700.0,0.001,2.0,0.7754,1.529179334640503
sqrt,10.0,0.0,0.0,pytorch,0.0,opu,700.0,0.001,2.0,0.6861,1.5523934364318848
cos,10.0,1.0,0.0,pytorch,0.0,opu,700.0,0.001,2.0,0.6528,1.9490206241607666
cos,10.0,0.0,0.0,pytorch,0.0,opu,700.0,0.001,2.0,0.6224,1.960221529006958
,10.0,1.0,0.0,pytorch,0.0,opu,700.0,0.001,3.0,0.8341,1.848174810409546
,10.0,0.0,0.0,pytorch,0.0,opu,700.0,0.001,3.0,0.8341,1.8162140846252441
sqrt,10.0,1.0,0.0,pytorch,0.0,opu,700.0,0.001,3.0,0.7875,2.1442620754241943
sqrt,10.0,0.0,0.0,pytorch,0.0,opu,700.0,0.001,3.0,0.7013,1.5645027160644531
cos,10.0,1.0,0.0,pytorch,0.0,opu,700.0,0.001,3.0,0.678,2.1736133098602295
cos,10.0,0.0,0.0,pytorch,0.0,opu,700.0,0.001,3.0,0.6387,1.8770291805267334
,10.0,1.0,0.0,pytorch,0.0,opu,700.0,0.001,4.0,0.8353,2.135023355484009
,10.0,0.0,0.0,pytorch,0.0,opu,700.0,0.001,4.0,0.8353,2.027925491333008
sqrt,10.0,1.0,0.0,pytorch,0.0,opu,700.0,0.001,4.0,0.7972,1.9337286949157715
sqrt,10.0,0.0,0.0,pytorch,0.0,opu,700.0,0.001,4.0,0.7475,1.6585702896118164
cos,10.0,1.0,0.0,pytorch,0.0,opu,700.0,0.001,4.0,0.7295,2.255937099456787
cos,10.0,0.0,0.0,pytorch,0.0,opu,700.0,0.001,4.0,0.6693,1.9476494789123535
,10.0,1.0,0.0,pytorch,0.0,opu,800.0,0.001,0.0,0.8376,2.0164287090301514
,10.0,0.0,0.0,pytorch,0.0,opu,800.0,0.001,0.0,0.8376,1.935560703277588
sqrt,10.0,1.0,0.0,pytorch,0.0,opu,800.0,0.001,0.0,0.7559,2.428117036819458
sqrt,10.0,0.0,0.0,pytorch,0.0,opu,800.0,0.001,0.0,0.6405,1.6557323932647705
cos,10.0,1.0,0.0,pytorch,0.0,opu,800.0,0.001,0.0,0.6222,2.450576066970825
cos,10.0,0.0,0.0,pytorch,0.0,opu,800.0,0.001,0.0,0.5991,2.0410921573638916
,10.0,1.0,0.0,pytorch,0.0,opu,800.0,0.001,1.0,0.8424,1.9395782947540283
,10.0,0.0,0.0,pytorch,0.0,opu,800.0,0.001,1.0,0.8424,1.6334173679351807
sqrt,10.0,1.0,0.0,pytorch,0.0,opu,800.0,0.001,1.0,0.7662,1.8282978534698486
sqrt,10.0,0.0,0.0,pytorch,0.0,opu,800.0,0.001,1.0,0.6687,1.6423802375793457
cos,10.0,1.0,0.0,pytorch,0.0,opu,800.0,0.001,1.0,0.6409,2.6502394676208496
cos,10.0,0.0,0.0,pytorch,0.0,opu,800.0,0.001,1.0,0.6146,1.9441487789154053
,10.0,1.0,0.0,pytorch,0.0,opu,800.0,0.001,2.0,0.8394,2.021775007247925
,10.0,0.0,0.0,pytorch,0.0,opu,800.0,0.001,2.0,0.8394,1.624727725982666
sqrt,10.0,1.0,0.0,pytorch,0.0,opu,800.0,0.001,2.0,0.7767,2.1251823902130127
sqrt,10.0,0.0,0.0,pytorch,0.0,opu,800.0,0.001,2.0,0.6846,1.9489195346832275
cos,10.0,1.0,0.0,pytorch,0.0,opu,800.0,0.001,2.0,0.656,2.646364688873291
cos,10.0,0.0,0.0,pytorch,0.0,opu,800.0,0.001,2.0,0.6277,1.9679322242736816
,10.0,1.0,0.0,pytorch,0.0,opu,800.0,0.001,3.0,0.8376,1.8429028987884521
,10.0,0.0,0.0,pytorch,0.0,opu,800.0,0.001,3.0,0.8376,1.6522915363311768
sqrt,10.0,1.0,0.0,pytorch,0.0,opu,800.0,0.001,3.0,0.7855,2.031733989715576
sqrt,10.0,0.0,0.0,pytorch,0.0,opu,800.0,0.001,3.0,0.7084,2.268407106399536
cos,10.0,1.0,0.0,pytorch,0.0,opu,800.0,0.001,3.0,0.6889,2.7570042610168457
cos,10.0,0.0,0.0,pytorch,0.0,opu,800.0,0.001,3.0,0.635,2.249459743499756
,10.0,1.0,0.0,pytorch,0.0,opu,800.0,0.001,4.0,0.8373,1.9336001873016357
,10.0,0.0,0.0,pytorch,0.0,opu,800.0,0.001,4.0,0.8373,1.636430263519287
sqrt,10.0,1.0,0.0,pytorch,0.0,opu,800.0,0.001,4.0,0.7984,1.7552616596221924
sqrt,10.0,0.0,0.0,pytorch,0.0,opu,800.0,0.001,4.0,0.7562,1.6603100299835205
cos,10.0,1.0,0.0,pytorch,0.0,opu,800.0,0.001,4.0,0.7333,2.662086009979248
cos,10.0,0.0,0.0,pytorch,0.0,opu,800.0,0.001,4.0,0.6872,2.2607059478759766
,10.0,1.0,0.0,pytorch,0.0,opu,900.0,0.001,0.0,0.842,2.5040814876556396
,10.0,0.0,0.0,pytorch,0.0,opu,900.0,0.001,0.0,0.842,1.8201167583465576
sqrt,10.0,1.0,0.0,pytorch,0.0,opu,900.0,0.001,0.0,0.7581,2.108673334121704
sqrt,10.0,0.0,0.0,pytorch,0.0,opu,900.0,0.001,0.0,0.6422,1.8600943088531494
cos,10.0,1.0,0.0,pytorch,0.0,opu,900.0,0.001,0.0,0.6186,2.6611557006835938
cos,10.0,0.0,0.0,pytorch,0.0,opu,900.0,0.001,0.0,0.6011,2.5448224544525146
,10.0,1.0,0.0,pytorch,0.0,opu,900.0,0.001,1.0,0.8448,2.6160993576049805
,10.0,0.0,0.0,pytorch,0.0,opu,900.0,0.001,1.0,0.8448,1.906212568283081
sqrt,10.0,1.0,0.0,pytorch,0.0,opu,900.0,0.001,1.0,0.7677,2.4158430099487305
sqrt,10.0,0.0,0.0,pytorch,0.0,opu,900.0,0.001,1.0,0.6674,2.0661487579345703
cos,10.0,1.0,0.0,pytorch,0.0,opu,900.0,0.001,1.0,0.6486,3.027719497680664
cos,10.0,0.0,0.0,pytorch,0.0,opu,900.0,0.001,1.0,0.6098,2.7489497661590576
,10.0,1.0,0.0,pytorch,0.0,opu,900.0,0.001,2.0,0.8419,2.1418776512145996
,10.0,0.0,0.0,pytorch,0.0,opu,900.0,0.001,2.0,0.8419,2.2126259803771973
sqrt,10.0,1.0,0.0,pytorch,0.0,opu,900.0,0.001,2.0,0.7779,2.599557399749756
sqrt,10.0,0.0,0.0,pytorch,0.0,opu,900.0,0.001,2.0,0.6741,2.0461792945861816
cos,10.0,1.0,0.0,pytorch,0.0,opu,900.0,0.001,2.0,0.6612,2.9411652088165283
cos,10.0,0.0,0.0,pytorch,0.0,opu,900.0,0.001,2.0,0.6239,2.8589324951171875
,10.0,1.0,0.0,pytorch,0.0,opu,900.0,0.001,3.0,0.8399,2.3258309364318848
,10.0,0.0,0.0,pytorch,0.0,opu,900.0,0.001,3.0,0.8399,2.30945086479187
sqrt,10.0,1.0,0.0,pytorch,0.0,opu,900.0,0.001,3.0,0.7841,2.4962193965911865
sqrt,10.0,0.0,0.0,pytorch,0.0,opu,900.0,0.001,3.0,0.7145,2.0451583862304688
cos,10.0,1.0,0.0,pytorch,0.0,opu,900.0,0.001,3.0,0.6902,2.7401468753814697
cos,10.0,0.0,0.0,pytorch,0.0,opu,900.0,0.001,3.0,0.6438,2.7663474082946777
,10.0,1.0,0.0,pytorch,0.0,opu,900.0,0.001,4.0,0.8396,3.156768560409546
,10.0,0.0,0.0,pytorch,0.0,opu,900.0,0.001,4.0,0.8396,2.5000410079956055
sqrt,10.0,1.0,0.0,pytorch,0.0,opu,900.0,0.001,4.0,0.7968,2.3990325927734375
sqrt,10.0,0.0,0.0,pytorch,0.0,opu,900.0,0.001,4.0,0.7582,2.155961751937866
cos,10.0,1.0,0.0,pytorch,0.0,opu,900.0,0.001,4.0,0.7307,2.942979097366333
cos,10.0,0.0,0.0,pytorch,0.0,opu,900.0,0.001,4.0,0.6804,3.3522069454193115
,10.0,1.0,0.0,pytorch,0.0,opu,1000.0,0.001,0.0,0.8444,2.8039119243621826
,10.0,0.0,0.0,pytorch,0.0,opu,1000.0,0.001,0.0,0.8444,2.3714792728424072
sqrt,10.0,1.0,0.0,pytorch,0.0,opu,1000.0,0.001,0.0,0.7609,3.0842623710632324
sqrt,10.0,0.0,0.0,pytorch,0.0,opu,1000.0,0.001,0.0,0.6391,2.348059892654419
cos,10.0,1.0,0.0,pytorch,0.0,opu,1000.0,0.001,0.0,0.6243,3.3516883850097656
cos,10.0,0.0,0.0,pytorch,0.0,opu,1000.0,0.001,0.0,0.6011,3.1499171257019043
,10.0,1.0,0.0,pytorch,0.0,opu,1000.0,0.001,1.0,0.8459,2.838144063949585
,10.0,0.0,0.0,pytorch,0.0,opu,1000.0,0.001,1.0,0.8459,2.4083919525146484
sqrt,10.0,1.0,0.0,pytorch,0.0,opu,1000.0,0.001,1.0,0.7692,2.48976993560791
sqrt,10.0,0.0,0.0,pytorch,0.0,opu,1000.0,0.001,1.0,0.6704,2.3420801162719727
cos,10.0,1.0,0.0,pytorch,0.0,opu,1000.0,0.001,1.0,0.6511,3.25506329536438
cos,10.0,0.0,0.0,pytorch,0.0,opu,1000.0,0.001,1.0,0.6215,2.9183366298675537
,10.0,1.0,0.0,pytorch,0.0,opu,1000.0,0.001,2.0,0.8414,2.3524513244628906
,10.0,0.0,0.0,pytorch,0.0,opu,1000.0,0.001,2.0,0.8414,2.505523920059204
sqrt,10.0,1.0,0.0,pytorch,0.0,opu,1000.0,0.001,2.0,0.7766,2.992393732070923
sqrt,10.0,0.0,0.0,pytorch,0.0,opu,1000.0,0.001,2.0,0.6759,2.9498043060302734
cos,10.0,1.0,0.0,pytorch,0.0,opu,1000.0,0.001,2.0,0.6646,3.4411556720733643
cos,10.0,0.0,0.0,pytorch,0.0,opu,1000.0,0.001,2.0,0.6263,3.34743595123291
,10.0,1.0,0.0,pytorch,0.0,opu,1000.0,0.001,3.0,0.8438,3.0299408435821533
,10.0,0.0,0.0,pytorch,0.0,opu,1000.0,0.001,3.0,0.8438,2.3076486587524414
sqrt,10.0,1.0,0.0,pytorch,0.0,opu,1000.0,0.001,3.0,0.7844,2.6888785362243652
sqrt,10.0,0.0,0.0,pytorch,0.0,opu,1000.0,0.001,3.0,0.7123,2.348036766052246
cos,10.0,1.0,0.0,pytorch,0.0,opu,1000.0,0.001,3.0,0.6879,3.3416812419891357
cos,10.0,0.0,0.0,pytorch,0.0,opu,1000.0,0.001,3.0,0.6386,2.85408878326416
,10.0,1.0,0.0,pytorch,0.0,opu,1000.0,0.001,4.0,0.8441,2.415874481201172
,10.0,0.0,0.0,pytorch,0.0,opu,1000.0,0.001,4.0,0.8441,2.2007052898406982
sqrt,10.0,1.0,0.0,pytorch,0.0,opu,1000.0,0.001,4.0,0.7986,2.4978394508361816
sqrt,10.0,0.0,0.0,pytorch,0.0,opu,1000.0,0.001,4.0,0.7462,2.549346446990967
cos,10.0,1.0,0.0,pytorch,0.0,opu,1000.0,0.001,4.0,0.7125,3.060887336730957
cos,10.0,0.0,0.0,pytorch,0.0,opu,1000.0,0.001,4.0,0.6284,3.845416784286499
,10.0,1.0,0.0,pytorch,0.0,opu,2000.0,0.001,0.0,0.8568,6.714096784591675
,10.0,0.0,0.0,pytorch,0.0,opu,2000.0,0.001,0.0,0.8568,6.948071002960205
sqrt,10.0,1.0,0.0,pytorch,0.0,opu,2000.0,0.001,0.0,0.779,6.128158330917358
sqrt,10.0,0.0,0.0,pytorch,0.0,opu,2000.0,0.001,0.0,0.6735,6.521447658538818
cos,10.0,1.0,0.0,pytorch,0.0,opu,2000.0,0.001,0.0,0.6559,9.107169389724731
cos,10.0,0.0,0.0,pytorch,0.0,opu,2000.0,0.001,0.0,0.6203,9.081548690795898
,10.0,1.0,0.0,pytorch,0.0,opu,2000.0,0.001,1.0,0.8538,7.3809895515441895
,10.0,0.0,0.0,pytorch,0.0,opu,2000.0,0.001,1.0,0.8538,7.543461084365845
sqrt,10.0,1.0,0.0,pytorch,0.0,opu,2000.0,0.001,1.0,0.7908,9.91425895690918
sqrt,10.0,0.0,0.0,pytorch,0.0,opu,2000.0,0.001,1.0,0.7099,7.839381694793701
cos,10.0,1.0,0.0,pytorch,0.0,opu,2000.0,0.001,1.0,0.6861,9.714239120483398
cos,10.0,0.0,0.0,pytorch,0.0,opu,2000.0,0.001,1.0,0.6356,7.617528915405273
,10.0,1.0,0.0,pytorch,0.0,opu,2000.0,0.001,2.0,0.8544,6.890751361846924
,10.0,0.0,0.0,pytorch,0.0,opu,2000.0,0.001,2.0,0.8544,8.757309913635254
sqrt,10.0,1.0,0.0,pytorch,0.0,opu,2000.0,0.001,2.0,0.8142,7.630671501159668
sqrt,10.0,0.0,0.0,pytorch,0.0,opu,2000.0,0.001,2.0,0.7705,7.2355055809021
cos,10.0,1.0,0.0,pytorch,0.0,opu,2000.0,0.001,2.0,0.7511,11.2166907787323
cos,10.0,0.0,0.0,pytorch,0.0,opu,2000.0,0.001,2.0,0.6946,11.185224533081055
,10.0,1.0,0.0,pytorch,0.0,opu,2000.0,0.001,3.0,0.8589,7.7677998542785645
,10.0,0.0,0.0,pytorch,0.0,opu,2000.0,0.001,3.0,0.8589,8.442642211914062
sqrt,10.0,1.0,0.0,pytorch,0.0,opu,2000.0,0.001,3.0,0.8231,8.045002222061157
sqrt,10.0,0.0,0.0,pytorch,0.0,opu,2000.0,0.001,3.0,0.7887,7.427983522415161
cos,10.0,1.0,0.0,pytorch,0.0,opu,2000.0,0.001,3.0,0.77,9.965627193450928
cos,10.0,0.0,0.0,pytorch,0.0,opu,2000.0,0.001,3.0,0.729,6.876497030258179
,10.0,1.0,0.0,pytorch,0.0,opu,2000.0,0.001,4.0,0.8548,9.468740463256836
,10.0,0.0,0.0,pytorch,0.0,opu,2000.0,0.001,4.0,0.8548,6.9526894092559814
sqrt,10.0,1.0,0.0,pytorch,0.0,opu,2000.0,0.001,4.0,0.8195,6.447352647781372
sqrt,10.0,0.0,0.0,pytorch,0.0,opu,2000.0,0.001,4.0,0.7845,6.510629653930664
cos,10.0,1.0,0.0,pytorch,0.0,opu,2000.0,0.001,4.0,0.7735,9.284763813018799
cos,10.0,0.0,0.0,pytorch,0.0,opu,2000.0,0.001,4.0,0.7302,9.423113584518433
,10.0,1.0,0.0,pytorch,0.0,opu,3000.0,0.001,0.0,0.8613,16.109399795532227
,10.0,0.0,0.0,pytorch,0.0,opu,3000.0,0.001,0.0,0.8613,19.78609800338745
sqrt,10.0,1.0,0.0,pytorch,0.0,opu,3000.0,0.001,0.0,0.7895,15.595417499542236
sqrt,10.0,0.0,0.0,pytorch,0.0,opu,3000.0,0.001,0.0,0.6895,18.506680011749268
cos,10.0,1.0,0.0,pytorch,0.0,opu,3000.0,0.001,0.0,0.667,23.0759060382843
cos,10.0,0.0,0.0,pytorch,0.0,opu,3000.0,0.001,0.0,0.6243,22.251806497573853
,10.0,1.0,0.0,pytorch,0.0,opu,3000.0,0.001,1.0,0.8604,15.194569826126099
,10.0,0.0,0.0,pytorch,0.0,opu,3000.0,0.001,1.0,0.8604,18.615323066711426
sqrt,10.0,1.0,0.0,pytorch,0.0,opu,3000.0,0.001,1.0,0.8067,18.04591965675354
sqrt,10.0,0.0,0.0,pytorch,0.0,opu,3000.0,0.001,1.0,0.7487,24.678774118423462
cos,10.0,1.0,0.0,pytorch,0.0,opu,3000.0,0.001,1.0,0.7261,22.056299924850464
cos,10.0,0.0,0.0,pytorch,0.0,opu,3000.0,0.001,1.0,0.6817,19.561064958572388
,10.0,1.0,0.0,pytorch,0.0,opu,3000.0,0.001,2.0,0.8625,20.299351692199707
,10.0,0.0,0.0,pytorch,0.0,opu,3000.0,0.001,2.0,0.8625,15.851857662200928
sqrt,10.0,1.0,0.0,pytorch,0.0,opu,3000.0,0.001,2.0,0.8176,19.163726091384888
sqrt,10.0,0.0,0.0,pytorch,0.0,opu,3000.0,0.001,2.0,0.7678,13.511467695236206
cos,10.0,1.0,0.0,pytorch,0.0,opu,3000.0,0.001,2.0,0.7498,22.52855134010315
cos,10.0,0.0,0.0,pytorch,0.0,opu,3000.0,0.001,2.0,0.6907,19.89108681678772
,10.0,1.0,0.0,pytorch,0.0,opu,3000.0,0.001,3.0,0.862,12.712085247039795
,10.0,0.0,0.0,pytorch,0.0,opu,3000.0,0.001,3.0,0.862,17.499526262283325
sqrt,10.0,1.0,0.0,pytorch,0.0,opu,3000.0,0.001,3.0,0.8247,15.926953792572021
sqrt,10.0,0.0,0.0,pytorch,0.0,opu,3000.0,0.001,3.0,0.7885,15.095947265625
cos,10.0,1.0,0.0,pytorch,0.0,opu,3000.0,0.001,3.0,0.7727,18.175688982009888
cos,10.0,0.0,0.0,pytorch,0.0,opu,3000.0,0.001,3.0,0.7312,20.366844415664673
,10.0,1.0,0.0,pytorch,0.0,opu,3000.0,0.001,4.0,0.8633,13.834280490875244
,10.0,0.0,0.0,pytorch,0.0,opu,3000.0,0.001,4.0,0.8633,16.673478603363037
sqrt,10.0,1.0,0.0,pytorch,0.0,opu,3000.0,0.001,4.0,0.8285,15.31533145904541
sqrt,10.0,0.0,0.0,pytorch,0.0,opu,3000.0,0.001,4.0,0.7937,18.006519556045532
cos,10.0,1.0,0.0,pytorch,0.0,opu,3000.0,0.001,4.0,0.7832,21.29026198387146
cos,10.0,0.0,0.0,pytorch,0.0,opu,3000.0,0.001,4.0,0.7374,21.9415283203125
,10.0,1.0,0.0,pytorch,0.0,opu,4000.0,0.001,0.0,0.8638,22.37079644203186
,10.0,0.0,0.0,pytorch,0.0,opu,4000.0,0.001,0.0,0.8638,25.201080799102783
sqrt,10.0,1.0,0.0,pytorch,0.0,opu,4000.0,0.001,0.0,0.7937,21.132500410079956
sqrt,10.0,0.0,0.0,pytorch,0.0,opu,4000.0,0.001,0.0,0.7053,33.18369221687317
cos,10.0,1.0,0.0,pytorch,0.0,opu,4000.0,0.001,0.0,0.679,30.033987522125244
cos,10.0,0.0,0.0,pytorch,0.0,opu,4000.0,0.001,0.0,0.6362,30.822526931762695
,10.0,1.0,0.0,pytorch,0.0,opu,4000.0,0.001,1.0,0.8657,25.13512372970581
,10.0,0.0,0.0,pytorch,0.0,opu,4000.0,0.001,1.0,0.8657,27.33242678642273
sqrt,10.0,1.0,0.0,pytorch,0.0,opu,4000.0,0.001,1.0,0.8136,24.83079481124878
sqrt,10.0,0.0,0.0,pytorch,0.0,opu,4000.0,0.001,1.0,0.7567,27.78462553024292
cos,10.0,1.0,0.0,pytorch,0.0,opu,4000.0,0.001,1.0,0.7294,30.590558528900146
cos,10.0,0.0,0.0,pytorch,0.0,opu,4000.0,0.001,1.0,0.6763,27.049064874649048
,10.0,1.0,0.0,pytorch,0.0,opu,4000.0,0.001,2.0,0.8662,23.742505311965942
,10.0,0.0,0.0,pytorch,0.0,opu,4000.0,0.001,2.0,0.8662,36.91954159736633
sqrt,10.0,1.0,0.0,pytorch,0.0,opu,4000.0,0.001,2.0,0.817,28.13453698158264
sqrt,10.0,0.0,0.0,pytorch,0.0,opu,4000.0,0.001,2.0,0.7674,28.60220503807068
cos,10.0,1.0,0.0,pytorch,0.0,opu,4000.0,0.001,2.0,0.7469,25.499897241592407
cos,10.0,0.0,0.0,pytorch,0.0,opu,4000.0,0.001,2.0,0.6925,31.753037214279175
,10.0,1.0,0.0,pytorch,0.0,opu,4000.0,0.001,3.0,0.8659,25.350555658340454
,10.0,0.0,0.0,pytorch,0.0,opu,4000.0,0.001,3.0,0.8659,30.929230451583862
sqrt,10.0,1.0,0.0,pytorch,0.0,opu,4000.0,0.001,3.0,0.8251,31.660470485687256
sqrt,10.0,0.0,0.0,pytorch,0.0,opu,4000.0,0.001,3.0,0.7839,26.112887620925903
cos,10.0,1.0,0.0,pytorch,0.0,opu,4000.0,0.001,3.0,0.7709,30.225695610046387
cos,10.0,0.0,0.0,pytorch,0.0,opu,4000.0,0.001,3.0,0.7216,35.64820885658264
,10.0,1.0,0.0,pytorch,0.0,opu,4000.0,0.001,4.0,0.8654,25.05119490623474
,10.0,0.0,0.0,pytorch,0.0,opu,4000.0,0.001,4.0,0.8654,27.126794576644897
sqrt,10.0,1.0,0.0,pytorch,0.0,opu,4000.0,0.001,4.0,0.8357,26.32681179046631
sqrt,10.0,0.0,0.0,pytorch,0.0,opu,4000.0,0.001,4.0,0.8009,28.01461935043335
cos,10.0,1.0,0.0,pytorch,0.0,opu,4000.0,0.001,4.0,0.7859,41.116023778915405
cos,10.0,0.0,0.0,pytorch,0.0,opu,4000.0,0.001,4.0,0.7502,32.036750078201294
,10.0,1.0,0.0,pytorch,0.0,opu,5000.0,0.001,0.0,0.8653,42.889190435409546
,10.0,0.0,0.0,pytorch,0.0,opu,5000.0,0.001,0.0,0.8653,40.78923726081848
sqrt,10.0,1.0,0.0,pytorch,0.0,opu,5000.0,0.001,0.0,0.7982,35.415993452072144
sqrt,10.0,0.0,0.0,pytorch,0.0,opu,5000.0,0.001,0.0,0.7112,41.30391788482666
cos,10.0,1.0,0.0,pytorch,0.0,opu,5000.0,0.001,0.0,0.685,46.41108560562134
cos,10.0,0.0,0.0,pytorch,0.0,opu,5000.0,0.001,0.0,0.6361,47.467509508132935
,10.0,1.0,0.0,pytorch,0.0,opu,5000.0,0.001,1.0,0.8668,31.794878482818604
,10.0,0.0,0.0,pytorch,0.0,opu,5000.0,0.001,1.0,0.8668,44.86267614364624
sqrt,10.0,1.0,0.0,pytorch,0.0,opu,5000.0,0.001,1.0,0.8129,44.794353008270264
sqrt,10.0,0.0,0.0,pytorch,0.0,opu,5000.0,0.001,1.0,0.7526,40.4569365978241
cos,10.0,1.0,0.0,pytorch,0.0,opu,5000.0,0.001,1.0,0.728,48.31228303909302
cos,10.0,0.0,0.0,pytorch,0.0,opu,5000.0,0.001,1.0,0.676,53.82492518424988
,10.0,1.0,0.0,pytorch,0.0,opu,5000.0,0.001,2.0,0.8679,34.26062607765198
,10.0,0.0,0.0,pytorch,0.0,opu,5000.0,0.001,2.0,0.8679,32.005786180496216
sqrt,10.0,1.0,0.0,pytorch,0.0,opu,5000.0,0.001,2.0,0.8178,38.86870002746582
sqrt,10.0,0.0,0.0,pytorch,0.0,opu,5000.0,0.001,2.0,0.7679,43.76111078262329
cos,10.0,1.0,0.0,pytorch,0.0,opu,5000.0,0.001,2.0,0.7479,48.818021297454834
cos,10.0,0.0,0.0,pytorch,0.0,opu,5000.0,0.001,2.0,0.688,48.35343885421753
,10.0,1.0,0.0,pytorch,0.0,opu,5000.0,0.001,3.0,0.8681,35.41967535018921
,10.0,0.0,0.0,pytorch,0.0,opu,5000.0,0.001,3.0,0.8681,34.55573272705078
sqrt,10.0,1.0,0.0,pytorch,0.0,opu,5000.0,0.001,3.0,0.8273,42.07519888877869
sqrt,10.0,0.0,0.0,pytorch,0.0,opu,5000.0,0.001,3.0,0.7807,43.345770835876465
cos,10.0,1.0,0.0,pytorch,0.0,opu,5000.0,0.001,3.0,0.7633,52.81625747680664
cos,10.0,0.0,0.0,pytorch,0.0,opu,5000.0,0.001,3.0,0.7131,51.332573652267456
,10.0,1.0,0.0,pytorch,0.0,opu,5000.0,0.001,4.0,0.8667,33.66029071807861
,10.0,0.0,0.0,pytorch,0.0,opu,5000.0,0.001,4.0,0.8667,29.3068950176239
sqrt,10.0,1.0,0.0,pytorch,0.0,opu,5000.0,0.001,4.0,0.8389,28.57589888572693
sqrt,10.0,0.0,0.0,pytorch,0.0,opu,5000.0,0.001,4.0,0.8052,47.953619956970215
cos,10.0,1.0,0.0,pytorch,0.0,opu,5000.0,0.001,4.0,0.7897,48.93446755409241
cos,10.0,0.0,0.0,pytorch,0.0,opu,5000.0,0.001,4.0,0.7541,50.37182426452637
,10.0,1.0,0.0,pytorch,0.0,opu,10000.0,0.001,0.0,0.8742,150.25285577774048
,10.0,0.0,0.0,pytorch,0.0,opu,10000.0,0.001,0.0,0.8742,155.67101073265076
sqrt,10.0,1.0,0.0,pytorch,0.0,opu,10000.0,0.001,0.0,0.8169,150.75099349021912
sqrt,10.0,0.0,0.0,pytorch,0.0,opu,10000.0,0.001,0.0,0.7523,150.97494649887085
cos,10.0,1.0,0.0,pytorch,0.0,opu,10000.0,0.001,0.0,0.7267,164.84645581245422
cos,10.0,0.0,0.0,pytorch,0.0,opu,10000.0,0.001,0.0,0.6726,161.8697304725647
,10.0,1.0,0.0,pytorch,0.0,opu,10000.0,0.001,1.0,0.8738,149.6490981578827
,10.0,0.0,0.0,pytorch,0.0,opu,10000.0,0.001,1.0,0.8738,163.76309871673584
sqrt,10.0,1.0,0.0,pytorch,0.0,opu,10000.0,0.001,1.0,0.8287,136.07102036476135
sqrt,10.0,0.0,0.0,pytorch,0.0,opu,10000.0,0.001,1.0,0.7767,153.51358199119568
cos,10.0,1.0,0.0,pytorch,0.0,opu,10000.0,0.001,1.0,0.7582,155.56576132774353
cos,10.0,0.0,0.0,pytorch,0.0,opu,10000.0,0.001,1.0,0.7034,164.55081629753113
,10.0,1.0,0.0,pytorch,0.0,opu,10000.0,0.001,2.0,0.8746,157.70879530906677
,10.0,0.0,0.0,pytorch,0.0,opu,10000.0,0.001,2.0,0.8746,136.9179162979126
sqrt,10.0,1.0,0.0,pytorch,0.0,opu,10000.0,0.001,2.0,0.8458,150.27115631103516
sqrt,10.0,0.0,0.0,pytorch,0.0,opu,10000.0,0.001,2.0,0.8084,161.26064157485962
cos,10.0,1.0,0.0,pytorch,0.0,opu,10000.0,0.001,2.0,0.7957,156.8710479736328
cos,10.0,0.0,0.0,pytorch,0.0,opu,10000.0,0.001,2.0,0.7613,163.4032382965088
,10.0,1.0,0.0,pytorch,0.0,opu,10000.0,0.001,3.0,0.8734,146.73825359344482
,10.0,0.0,0.0,pytorch,0.0,opu,10000.0,0.001,3.0,0.8734,138.82505989074707
sqrt,10.0,1.0,0.0,pytorch,0.0,opu,10000.0,0.001,3.0,0.8504,142.23408699035645
sqrt,10.0,0.0,0.0,pytorch,0.0,opu,10000.0,0.001,3.0,0.818,172.8733561038971
cos,10.0,1.0,0.0,pytorch,0.0,opu,10000.0,0.001,3.0,0.8058,173.73560762405396
cos,10.0,0.0,0.0,pytorch,0.0,opu,10000.0,0.001,3.0,0.7772,160.39724898338318
,10.0,1.0,0.0,pytorch,0.0,opu,10000.0,0.001,4.0,0.8737,147.1401083469391
,10.0,0.0,0.0,pytorch,0.0,opu,10000.0,0.001,4.0,0.8737,140.50777387619019
sqrt,10.0,1.0,0.0,pytorch,0.0,opu,10000.0,0.001,4.0,0.8497,143.48338198661804
sqrt,10.0,0.0,0.0,pytorch,0.0,opu,10000.0,0.001,4.0,0.8199,155.1274869441986
cos,10.0,1.0,0.0,pytorch,0.0,opu,10000.0,0.001,4.0,0.8042,147.95410656929016
cos,10.0,0.0,0.0,pytorch,0.0,opu,10000.0,0.001,4.0,0.777,160.88091802597046
,10.0,1.0,1.0,pytorch,0.0,opu,10.0,0.001,0.0,0.5113,0.07235145568847656
,10.0,0.0,1.0,pytorch,0.0,opu,10.0,0.001,0.0,0.5113,0.04538130760192871
sqrt,10.0,1.0,1.0,pytorch,0.0,opu,10.0,0.001,0.0,0.4896,0.06240487098693848
sqrt,10.0,0.0,1.0,pytorch,0.0,opu,10.0,0.001,0.0,0.4454,0.03016185760498047
cos,10.0,1.0,1.0,pytorch,0.0,opu,10.0,0.001,0.0,0.4366,0.05782461166381836
cos,10.0,0.0,1.0,pytorch,0.0,opu,10.0,0.001,0.0,0.4273,0.03276991844177246
,10.0,1.0,1.0,pytorch,0.0,opu,10.0,0.001,1.0,0.5634,0.08206748962402344
,10.0,0.0,1.0,pytorch,0.0,opu,10.0,0.001,1.0,0.5634,0.06394815444946289
sqrt,10.0,1.0,1.0,pytorch,0.0,opu,10.0,0.001,1.0,0.5357,0.06031489372253418
sqrt,10.0,0.0,1.0,pytorch,0.0,opu,10.0,0.001,1.0,0.4367,0.02844095230102539
cos,10.0,1.0,1.0,pytorch,0.0,opu,10.0,0.001,1.0,0.3204,0.05335831642150879
cos,10.0,0.0,1.0,pytorch,0.0,opu,10.0,0.001,1.0,0.3057,0.06843709945678711
,10.0,1.0,1.0,pytorch,0.0,opu,10.0,0.001,2.0,0.5058,0.05910658836364746
,10.0,0.0,1.0,pytorch,0.0,opu,10.0,0.001,2.0,0.5058,0.04176616668701172
sqrt,10.0,1.0,1.0,pytorch,0.0,opu,10.0,0.001,2.0,0.4931,0.05391669273376465
sqrt,10.0,0.0,1.0,pytorch,0.0,opu,10.0,0.001,2.0,0.3555,0.02832198143005371
cos,10.0,1.0,1.0,pytorch,0.0,opu,10.0,0.001,2.0,0.2918,0.03549385070800781
cos,10.0,0.0,1.0,pytorch,0.0,opu,10.0,0.001,2.0,0.3244,0.02660822868347168
,10.0,1.0,1.0,pytorch,0.0,opu,10.0,0.001,3.0,0.5648,0.03542804718017578
,10.0,0.0,1.0,pytorch,0.0,opu,10.0,0.001,3.0,0.5648,0.026338577270507812
sqrt,10.0,1.0,1.0,pytorch,0.0,opu,10.0,0.001,3.0,0.5405,0.02908468246459961
sqrt,10.0,0.0,1.0,pytorch,0.0,opu,10.0,0.001,3.0,0.4574,0.022636890411376953
cos,10.0,1.0,1.0,pytorch,0.0,opu,10.0,0.001,3.0,0.3992,0.04622936248779297
cos,10.0,0.0,1.0,pytorch,0.0,opu,10.0,0.001,3.0,0.371,0.026543855667114258
,10.0,1.0,1.0,pytorch,0.0,opu,10.0,0.001,4.0,0.5493,0.04939413070678711
,10.0,0.0,1.0,pytorch,0.0,opu,10.0,0.001,4.0,0.5493,0.02676224708557129
sqrt,10.0,1.0,1.0,pytorch,0.0,opu,10.0,0.001,4.0,0.5292,0.04787921905517578
sqrt,10.0,0.0,1.0,pytorch,0.0,opu,10.0,0.001,4.0,0.488,0.027899742126464844
cos,10.0,1.0,1.0,pytorch,0.0,opu,10.0,0.001,4.0,0.4487,0.058365821838378906
cos,10.0,0.0,1.0,pytorch,0.0,opu,10.0,0.001,4.0,0.4053,0.027191162109375
,10.0,1.0,1.0,pytorch,0.0,opu,20.0,0.001,0.0,0.6474,0.09793972969055176
,10.0,0.0,1.0,pytorch,0.0,opu,20.0,0.001,0.0,0.6474,0.04040241241455078
sqrt,10.0,1.0,1.0,pytorch,0.0,opu,20.0,0.001,0.0,0.593,0.04583239555358887
sqrt,10.0,0.0,1.0,pytorch,0.0,opu,20.0,0.001,0.0,0.4889,0.05829954147338867
cos,10.0,1.0,1.0,pytorch,0.0,opu,20.0,0.001,0.0,0.5203,0.08197164535522461
cos,10.0,0.0,1.0,pytorch,0.0,opu,20.0,0.001,0.0,0.3957,0.04306221008300781
,10.0,1.0,1.0,pytorch,0.0,opu,20.0,0.001,1.0,0.651,0.05035090446472168
,10.0,0.0,1.0,pytorch,0.0,opu,20.0,0.001,1.0,0.651,0.056621551513671875
sqrt,10.0,1.0,1.0,pytorch,0.0,opu,20.0,0.001,1.0,0.594,0.06464958190917969
sqrt,10.0,0.0,1.0,pytorch,0.0,opu,20.0,0.001,1.0,0.4236,0.03299713134765625
cos,10.0,1.0,1.0,pytorch,0.0,opu,20.0,0.001,1.0,0.4212,0.06833076477050781
cos,10.0,0.0,1.0,pytorch,0.0,opu,20.0,0.001,1.0,0.4265,0.06349563598632812
,10.0,1.0,1.0,pytorch,0.0,opu,20.0,0.001,2.0,0.6666,0.05792808532714844
,10.0,0.0,1.0,pytorch,0.0,opu,20.0,0.001,2.0,0.6666,0.03894495964050293
sqrt,10.0,1.0,1.0,pytorch,0.0,opu,20.0,0.001,2.0,0.6325,0.05935859680175781
sqrt,10.0,0.0,1.0,pytorch,0.0,opu,20.0,0.001,2.0,0.579,0.03171086311340332
cos,10.0,1.0,1.0,pytorch,0.0,opu,20.0,0.001,2.0,0.5487,0.04233098030090332
cos,10.0,0.0,1.0,pytorch,0.0,opu,20.0,0.001,2.0,0.4809,0.05060577392578125
,10.0,1.0,1.0,pytorch,0.0,opu,20.0,0.001,3.0,0.6359,0.04409217834472656
,10.0,0.0,1.0,pytorch,0.0,opu,20.0,0.001,3.0,0.6359,0.05774068832397461
sqrt,10.0,1.0,1.0,pytorch,0.0,opu,20.0,0.001,3.0,0.5958,0.03677105903625488
sqrt,10.0,0.0,1.0,pytorch,0.0,opu,20.0,0.001,3.0,0.5134,0.02762126922607422
cos,10.0,1.0,1.0,pytorch,0.0,opu,20.0,0.001,3.0,0.4807,0.0592806339263916
cos,10.0,0.0,1.0,pytorch,0.0,opu,20.0,0.001,3.0,0.4742,0.03408455848693848
,10.0,1.0,1.0,pytorch,0.0,opu,20.0,0.001,4.0,0.633,0.07189202308654785
,10.0,0.0,1.0,pytorch,0.0,opu,20.0,0.001,4.0,0.633,0.05856180191040039
sqrt,10.0,1.0,1.0,pytorch,0.0,opu,20.0,0.001,4.0,0.5755,0.03702187538146973
sqrt,10.0,0.0,1.0,pytorch,0.0,opu,20.0,0.001,4.0,0.5045,0.04294633865356445
cos,10.0,1.0,1.0,pytorch,0.0,opu,20.0,0.001,4.0,0.4701,0.04136776924133301
cos,10.0,0.0,1.0,pytorch,0.0,opu,20.0,0.001,4.0,0.4503,0.05032086372375488
,10.0,1.0,1.0,pytorch,0.0,opu,30.0,0.001,0.0,0.6984,0.10700416564941406
,10.0,0.0,1.0,pytorch,0.0,opu,30.0,0.001,0.0,0.6984,0.05437874794006348
sqrt,10.0,1.0,1.0,pytorch,0.0,opu,30.0,0.001,0.0,0.6252,0.1323697566986084
sqrt,10.0,0.0,1.0,pytorch,0.0,opu,30.0,0.001,0.0,0.502,0.05704808235168457
cos,10.0,1.0,1.0,pytorch,0.0,opu,30.0,0.001,0.0,0.502,0.12714338302612305
cos,10.0,0.0,1.0,pytorch,0.0,opu,30.0,0.001,0.0,0.4785,0.10175728797912598
,10.0,1.0,1.0,pytorch,0.0,opu,30.0,0.001,1.0,0.7071,0.14112210273742676
,10.0,0.0,1.0,pytorch,0.0,opu,30.0,0.001,1.0,0.7071,0.06925773620605469
sqrt,10.0,1.0,1.0,pytorch,0.0,opu,30.0,0.001,1.0,0.6721,0.13526177406311035
sqrt,10.0,0.0,1.0,pytorch,0.0,opu,30.0,0.001,1.0,0.524,0.042310476303100586
cos,10.0,1.0,1.0,pytorch,0.0,opu,30.0,0.001,1.0,0.4235,0.14542126655578613
cos,10.0,0.0,1.0,pytorch,0.0,opu,30.0,0.001,1.0,0.435,0.09954047203063965
,10.0,1.0,1.0,pytorch,0.0,opu,30.0,0.001,2.0,0.6781,0.11193299293518066
,10.0,0.0,1.0,pytorch,0.0,opu,30.0,0.001,2.0,0.6781,0.09491968154907227
sqrt,10.0,1.0,1.0,pytorch,0.0,opu,30.0,0.001,2.0,0.6184,0.1534595489501953
sqrt,10.0,0.0,1.0,pytorch,0.0,opu,30.0,0.001,2.0,0.5345,0.042166709899902344
cos,10.0,1.0,1.0,pytorch,0.0,opu,30.0,0.001,2.0,0.4632,0.12734723091125488
cos,10.0,0.0,1.0,pytorch,0.0,opu,30.0,0.001,2.0,0.4992,0.11670756340026855
,10.0,1.0,1.0,pytorch,0.0,opu,30.0,0.001,3.0,0.6663,0.14192748069763184
,10.0,0.0,1.0,pytorch,0.0,opu,30.0,0.001,3.0,0.6663,0.09972357749938965
sqrt,10.0,1.0,1.0,pytorch,0.0,opu,30.0,0.001,3.0,0.627,0.1407322883605957
sqrt,10.0,0.0,1.0,pytorch,0.0,opu,30.0,0.001,3.0,0.5158,0.11261963844299316
cos,10.0,1.0,1.0,pytorch,0.0,opu,30.0,0.001,3.0,0.4261,0.12131547927856445
cos,10.0,0.0,1.0,pytorch,0.0,opu,30.0,0.001,3.0,0.4249,0.08865928649902344
,10.0,1.0,1.0,pytorch,0.0,opu,30.0,0.001,4.0,0.6992,0.1732170581817627
,10.0,0.0,1.0,pytorch,0.0,opu,30.0,0.001,4.0,0.6992,0.08208465576171875
sqrt,10.0,1.0,1.0,pytorch,0.0,opu,30.0,0.001,4.0,0.6597,0.17600607872009277
sqrt,10.0,0.0,1.0,pytorch,0.0,opu,30.0,0.001,4.0,0.5787,0.06344246864318848
cos,10.0,1.0,1.0,pytorch,0.0,opu,30.0,0.001,4.0,0.5162,0.1144716739654541
cos,10.0,0.0,1.0,pytorch,0.0,opu,30.0,0.001,4.0,0.4917,0.10456609725952148
,10.0,1.0,1.0,pytorch,0.0,opu,40.0,0.001,0.0,0.7334,0.13909626007080078
,10.0,0.0,1.0,pytorch,0.0,opu,40.0,0.001,0.0,0.7334,0.13189339637756348
sqrt,10.0,1.0,1.0,pytorch,0.0,opu,40.0,0.001,0.0,0.6618,0.19676876068115234
sqrt,10.0,0.0,1.0,pytorch,0.0,opu,40.0,0.001,0.0,0.4218,0.06768250465393066
cos,10.0,1.0,1.0,pytorch,0.0,opu,40.0,0.001,0.0,0.3632,0.14341378211975098
cos,10.0,0.0,1.0,pytorch,0.0,opu,40.0,0.001,0.0,0.4168,0.13358402252197266
,10.0,1.0,1.0,pytorch,0.0,opu,40.0,0.001,1.0,0.7024,0.1745007038116455
,10.0,0.0,1.0,pytorch,0.0,opu,40.0,0.001,1.0,0.7024,0.13854646682739258
sqrt,10.0,1.0,1.0,pytorch,0.0,opu,40.0,0.001,1.0,0.6406,0.16333937644958496
sqrt,10.0,0.0,1.0,pytorch,0.0,opu,40.0,0.001,1.0,0.5752,0.05190873146057129
cos,10.0,1.0,1.0,pytorch,0.0,opu,40.0,0.001,1.0,0.5755,0.18251919746398926
cos,10.0,0.0,1.0,pytorch,0.0,opu,40.0,0.001,1.0,0.5569,0.1576089859008789
,10.0,1.0,1.0,pytorch,0.0,opu,40.0,0.001,2.0,0.6985,0.19721317291259766
,10.0,0.0,1.0,pytorch,0.0,opu,40.0,0.001,2.0,0.6985,0.1280200481414795
sqrt,10.0,1.0,1.0,pytorch,0.0,opu,40.0,0.001,2.0,0.6315,0.21458697319030762
sqrt,10.0,0.0,1.0,pytorch,0.0,opu,40.0,0.001,2.0,0.5074,0.05407977104187012
cos,10.0,1.0,1.0,pytorch,0.0,opu,40.0,0.001,2.0,0.4792,0.17727208137512207
cos,10.0,0.0,1.0,pytorch,0.0,opu,40.0,0.001,2.0,0.4648,0.14495468139648438
,10.0,1.0,1.0,pytorch,0.0,opu,40.0,0.001,3.0,0.7268,0.2054917812347412
,10.0,0.0,1.0,pytorch,0.0,opu,40.0,0.001,3.0,0.7268,0.15512990951538086
sqrt,10.0,1.0,1.0,pytorch,0.0,opu,40.0,0.001,3.0,0.6796,0.17513537406921387
sqrt,10.0,0.0,1.0,pytorch,0.0,opu,40.0,0.001,3.0,0.5818,0.11570286750793457
cos,10.0,1.0,1.0,pytorch,0.0,opu,40.0,0.001,3.0,0.4814,0.18129920959472656
cos,10.0,0.0,1.0,pytorch,0.0,opu,40.0,0.001,3.0,0.4606,0.16006040573120117
,10.0,1.0,1.0,pytorch,0.0,opu,40.0,0.001,4.0,0.7266,0.18288135528564453
,10.0,0.0,1.0,pytorch,0.0,opu,40.0,0.001,4.0,0.7266,0.14525294303894043
sqrt,10.0,1.0,1.0,pytorch,0.0,opu,40.0,0.001,4.0,0.6668,0.19264531135559082
sqrt,10.0,0.0,1.0,pytorch,0.0,opu,40.0,0.001,4.0,0.5856,0.05396771430969238
cos,10.0,1.0,1.0,pytorch,0.0,opu,40.0,0.001,4.0,0.4981,0.1773512363433838
cos,10.0,0.0,1.0,pytorch,0.0,opu,40.0,0.001,4.0,0.4789,0.13997626304626465
,10.0,1.0,1.0,pytorch,0.0,opu,50.0,0.001,0.0,0.7507,0.19595098495483398
,10.0,0.0,1.0,pytorch,0.0,opu,50.0,0.001,0.0,0.7507,0.20070362091064453
sqrt,10.0,1.0,1.0,pytorch,0.0,opu,50.0,0.001,0.0,0.6573,0.21457719802856445
sqrt,10.0,0.0,1.0,pytorch,0.0,opu,50.0,0.001,0.0,0.4458,0.14795279502868652
cos,10.0,1.0,1.0,pytorch,0.0,opu,50.0,0.001,0.0,0.3855,0.17175030708312988
cos,10.0,0.0,1.0,pytorch,0.0,opu,50.0,0.001,0.0,0.3254,0.18718338012695312
,10.0,1.0,1.0,pytorch,0.0,opu,50.0,0.001,1.0,0.7151,0.21660661697387695
,10.0,0.0,1.0,pytorch,0.0,opu,50.0,0.001,1.0,0.7151,0.19369173049926758
sqrt,10.0,1.0,1.0,pytorch,0.0,opu,50.0,0.001,1.0,0.6455,0.1791064739227295
sqrt,10.0,0.0,1.0,pytorch,0.0,opu,50.0,0.001,1.0,0.5552,0.13315939903259277
cos,10.0,1.0,1.0,pytorch,0.0,opu,50.0,0.001,1.0,0.5368,0.21592974662780762
cos,10.0,0.0,1.0,pytorch,0.0,opu,50.0,0.001,1.0,0.5572,0.15546488761901855
,10.0,1.0,1.0,pytorch,0.0,opu,50.0,0.001,2.0,0.739,0.19142508506774902
,10.0,0.0,1.0,pytorch,0.0,opu,50.0,0.001,2.0,0.739,0.15469813346862793
sqrt,10.0,1.0,1.0,pytorch,0.0,opu,50.0,0.001,2.0,0.6652,0.20420503616333008
sqrt,10.0,0.0,1.0,pytorch,0.0,opu,50.0,0.001,2.0,0.5279,0.11719679832458496
cos,10.0,1.0,1.0,pytorch,0.0,opu,50.0,0.001,2.0,0.5116,0.16244053840637207
cos,10.0,0.0,1.0,pytorch,0.0,opu,50.0,0.001,2.0,0.4951,0.17341327667236328
,10.0,1.0,1.0,pytorch,0.0,opu,50.0,0.001,3.0,0.7381,0.17865729331970215
,10.0,0.0,1.0,pytorch,0.0,opu,50.0,0.001,3.0,0.7381,0.1443474292755127
sqrt,10.0,1.0,1.0,pytorch,0.0,opu,50.0,0.001,3.0,0.6821,0.2123262882232666
sqrt,10.0,0.0,1.0,pytorch,0.0,opu,50.0,0.001,3.0,0.6072,0.12167787551879883
cos,10.0,1.0,1.0,pytorch,0.0,opu,50.0,0.001,3.0,0.5981,0.20728778839111328
cos,10.0,0.0,1.0,pytorch,0.0,opu,50.0,0.001,3.0,0.5503,0.1500556468963623
,10.0,1.0,1.0,pytorch,0.0,opu,50.0,0.001,4.0,0.7199,0.2404181957244873
,10.0,0.0,1.0,pytorch,0.0,opu,50.0,0.001,4.0,0.7199,0.128068208694458
sqrt,10.0,1.0,1.0,pytorch,0.0,opu,50.0,0.001,4.0,0.6759,0.21707653999328613
sqrt,10.0,0.0,1.0,pytorch,0.0,opu,50.0,0.001,4.0,0.6015,0.13305974006652832
cos,10.0,1.0,1.0,pytorch,0.0,opu,50.0,0.001,4.0,0.5401,0.1876530647277832
cos,10.0,0.0,1.0,pytorch,0.0,opu,50.0,0.001,4.0,0.5312,0.22402238845825195
,10.0,1.0,1.0,pytorch,0.0,opu,60.0,0.001,0.0,0.755,0.21535038948059082
,10.0,0.0,1.0,pytorch,0.0,opu,60.0,0.001,0.0,0.755,0.18624663352966309
sqrt,10.0,1.0,1.0,pytorch,0.0,opu,60.0,0.001,0.0,0.6815,0.21752142906188965
sqrt,10.0,0.0,1.0,pytorch,0.0,opu,60.0,0.001,0.0,0.4856,0.17888498306274414
cos,10.0,1.0,1.0,pytorch,0.0,opu,60.0,0.001,0.0,0.5857,0.22085928916931152
cos,10.0,0.0,1.0,pytorch,0.0,opu,60.0,0.001,0.0,0.4997,0.23360323905944824
,10.0,1.0,1.0,pytorch,0.0,opu,60.0,0.001,1.0,0.7323,0.17556166648864746
,10.0,0.0,1.0,pytorch,0.0,opu,60.0,0.001,1.0,0.7323,0.17208361625671387
sqrt,10.0,1.0,1.0,pytorch,0.0,opu,60.0,0.001,1.0,0.6524,0.21018242835998535
sqrt,10.0,0.0,1.0,pytorch,0.0,opu,60.0,0.001,1.0,0.5219,0.1631631851196289
cos,10.0,1.0,1.0,pytorch,0.0,opu,60.0,0.001,1.0,0.4786,0.22055792808532715
cos,10.0,0.0,1.0,pytorch,0.0,opu,60.0,0.001,1.0,0.453,0.27066636085510254
,10.0,1.0,1.0,pytorch,0.0,opu,60.0,0.001,2.0,0.7569,0.19714641571044922
,10.0,0.0,1.0,pytorch,0.0,opu,60.0,0.001,2.0,0.7569,0.2549593448638916
sqrt,10.0,1.0,1.0,pytorch,0.0,opu,60.0,0.001,2.0,0.6778,0.2040696144104004
sqrt,10.0,0.0,1.0,pytorch,0.0,opu,60.0,0.001,2.0,0.5896,0.2268810272216797
cos,10.0,1.0,1.0,pytorch,0.0,opu,60.0,0.001,2.0,0.5447,0.24908065795898438
cos,10.0,0.0,1.0,pytorch,0.0,opu,60.0,0.001,2.0,0.5445,0.2560842037200928
,10.0,1.0,1.0,pytorch,0.0,opu,60.0,0.001,3.0,0.7466,0.20728611946105957
,10.0,0.0,1.0,pytorch,0.0,opu,60.0,0.001,3.0,0.7466,0.18635177612304688
sqrt,10.0,1.0,1.0,pytorch,0.0,opu,60.0,0.001,3.0,0.6757,0.2002260684967041
sqrt,10.0,0.0,1.0,pytorch,0.0,opu,60.0,0.001,3.0,0.6095,0.22580480575561523
cos,10.0,1.0,1.0,pytorch,0.0,opu,60.0,0.001,3.0,0.5961,0.23821711540222168
cos,10.0,0.0,1.0,pytorch,0.0,opu,60.0,0.001,3.0,0.5502,0.2812955379486084
,10.0,1.0,1.0,pytorch,0.0,opu,60.0,0.001,4.0,0.7542,0.2284693717956543
,10.0,0.0,1.0,pytorch,0.0,opu,60.0,0.001,4.0,0.7542,0.17310428619384766
sqrt,10.0,1.0,1.0,pytorch,0.0,opu,60.0,0.001,4.0,0.7132,0.20747089385986328
sqrt,10.0,0.0,1.0,pytorch,0.0,opu,60.0,0.001,4.0,0.6437,0.1540529727935791
cos,10.0,1.0,1.0,pytorch,0.0,opu,60.0,0.001,4.0,0.5936,0.21765851974487305
cos,10.0,0.0,1.0,pytorch,0.0,opu,60.0,0.001,4.0,0.5484,0.22742843627929688
,10.0,1.0,1.0,pytorch,0.0,opu,70.0,0.001,0.0,0.7607,0.2713596820831299
,10.0,0.0,1.0,pytorch,0.0,opu,70.0,0.001,0.0,0.7607,0.22997832298278809
sqrt,10.0,1.0,1.0,pytorch,0.0,opu,70.0,0.001,0.0,0.6884,0.24543237686157227
sqrt,10.0,0.0,1.0,pytorch,0.0,opu,70.0,0.001,0.0,0.4723,0.21144461631774902
cos,10.0,1.0,1.0,pytorch,0.0,opu,70.0,0.001,0.0,0.4288,0.2380695343017578
cos,10.0,0.0,1.0,pytorch,0.0,opu,70.0,0.001,0.0,0.5424,0.25974345207214355
,10.0,1.0,1.0,pytorch,0.0,opu,70.0,0.001,1.0,0.7492,0.2579004764556885
,10.0,0.0,1.0,pytorch,0.0,opu,70.0,0.001,1.0,0.7492,0.2688584327697754
sqrt,10.0,1.0,1.0,pytorch,0.0,opu,70.0,0.001,1.0,0.6616,0.274791955947876
sqrt,10.0,0.0,1.0,pytorch,0.0,opu,70.0,0.001,1.0,0.5329,0.2537875175476074
cos,10.0,1.0,1.0,pytorch,0.0,opu,70.0,0.001,1.0,0.505,0.2713642120361328
cos,10.0,0.0,1.0,pytorch,0.0,opu,70.0,0.001,1.0,0.446,0.21761512756347656
,10.0,1.0,1.0,pytorch,0.0,opu,70.0,0.001,2.0,0.76,0.23789095878601074
,10.0,0.0,1.0,pytorch,0.0,opu,70.0,0.001,2.0,0.76,0.19783687591552734
sqrt,10.0,1.0,1.0,pytorch,0.0,opu,70.0,0.001,2.0,0.6669,0.2928738594055176
sqrt,10.0,0.0,1.0,pytorch,0.0,opu,70.0,0.001,2.0,0.6,0.2299947738647461
cos,10.0,1.0,1.0,pytorch,0.0,opu,70.0,0.001,2.0,0.5781,0.2536940574645996
cos,10.0,0.0,1.0,pytorch,0.0,opu,70.0,0.001,2.0,0.5879,0.21473932266235352
,10.0,1.0,1.0,pytorch,0.0,opu,70.0,0.001,3.0,0.7544,0.30844736099243164
,10.0,0.0,1.0,pytorch,0.0,opu,70.0,0.001,3.0,0.7544,0.19474387168884277
sqrt,10.0,1.0,1.0,pytorch,0.0,opu,70.0,0.001,3.0,0.7025,0.28279542922973633
sqrt,10.0,0.0,1.0,pytorch,0.0,opu,70.0,0.001,3.0,0.6343,0.2534604072570801
cos,10.0,1.0,1.0,pytorch,0.0,opu,70.0,0.001,3.0,0.5803,0.25541090965270996
cos,10.0,0.0,1.0,pytorch,0.0,opu,70.0,0.001,3.0,0.5313,0.21514201164245605
,10.0,1.0,1.0,pytorch,0.0,opu,70.0,0.001,4.0,0.7619,0.28276538848876953
,10.0,0.0,1.0,pytorch,0.0,opu,70.0,0.001,4.0,0.7619,0.17554879188537598
sqrt,10.0,1.0,1.0,pytorch,0.0,opu,70.0,0.001,4.0,0.71,0.21754860877990723
sqrt,10.0,0.0,1.0,pytorch,0.0,opu,70.0,0.001,4.0,0.6373,0.2256333827972412
cos,10.0,1.0,1.0,pytorch,0.0,opu,70.0,0.001,4.0,0.5942,0.2475738525390625
cos,10.0,0.0,1.0,pytorch,0.0,opu,70.0,0.001,4.0,0.6078,0.2564098834991455
,10.0,1.0,1.0,pytorch,0.0,opu,80.0,0.001,0.0,0.7686,0.199904203414917
,10.0,0.0,1.0,pytorch,0.0,opu,80.0,0.001,0.0,0.7686,0.1395728588104248
sqrt,10.0,1.0,1.0,pytorch,0.0,opu,80.0,0.001,0.0,0.6865,0.24320578575134277
sqrt,10.0,0.0,1.0,pytorch,0.0,opu,80.0,0.001,0.0,0.5633,0.18464326858520508
cos,10.0,1.0,1.0,pytorch,0.0,opu,80.0,0.001,0.0,0.4978,0.2946765422821045
cos,10.0,0.0,1.0,pytorch,0.0,opu,80.0,0.001,0.0,0.4191,0.244124174118042
,10.0,1.0,1.0,pytorch,0.0,opu,80.0,0.001,1.0,0.7652,0.16933894157409668
,10.0,0.0,1.0,pytorch,0.0,opu,80.0,0.001,1.0,0.7652,0.20583248138427734
sqrt,10.0,1.0,1.0,pytorch,0.0,opu,80.0,0.001,1.0,0.6626,0.1522202491760254
sqrt,10.0,0.0,1.0,pytorch,0.0,opu,80.0,0.001,1.0,0.517,0.17315936088562012
cos,10.0,1.0,1.0,pytorch,0.0,opu,80.0,0.001,1.0,0.4684,0.22935891151428223
cos,10.0,0.0,1.0,pytorch,0.0,opu,80.0,0.001,1.0,0.4807,0.20942926406860352
,10.0,1.0,1.0,pytorch,0.0,opu,80.0,0.001,2.0,0.7608,0.28632187843322754
,10.0,0.0,1.0,pytorch,0.0,opu,80.0,0.001,2.0,0.7608,0.2081160545349121
sqrt,10.0,1.0,1.0,pytorch,0.0,opu,80.0,0.001,2.0,0.6595,0.3216519355773926
sqrt,10.0,0.0,1.0,pytorch,0.0,opu,80.0,0.001,2.0,0.6028,0.18539166450500488
cos,10.0,1.0,1.0,pytorch,0.0,opu,80.0,0.001,2.0,0.5646,0.3821077346801758
cos,10.0,0.0,1.0,pytorch,0.0,opu,80.0,0.001,2.0,0.5272,0.2596859931945801
,10.0,1.0,1.0,pytorch,0.0,opu,80.0,0.001,3.0,0.764,0.17484831809997559
,10.0,0.0,1.0,pytorch,0.0,opu,80.0,0.001,3.0,0.764,0.2141730785369873
sqrt,10.0,1.0,1.0,pytorch,0.0,opu,80.0,0.001,3.0,0.7113,0.31321263313293457
sqrt,10.0,0.0,1.0,pytorch,0.0,opu,80.0,0.001,3.0,0.6554,0.21274375915527344
cos,10.0,1.0,1.0,pytorch,0.0,opu,80.0,0.001,3.0,0.6343,0.2457752227783203
cos,10.0,0.0,1.0,pytorch,0.0,opu,80.0,0.001,3.0,0.585,0.2448718547821045
,10.0,1.0,1.0,pytorch,0.0,opu,80.0,0.001,4.0,0.769,0.32398366928100586
,10.0,0.0,1.0,pytorch,0.0,opu,80.0,0.001,4.0,0.769,0.19446802139282227
sqrt,10.0,1.0,1.0,pytorch,0.0,opu,80.0,0.001,4.0,0.714,0.21785807609558105
sqrt,10.0,0.0,1.0,pytorch,0.0,opu,80.0,0.001,4.0,0.6434,0.25180721282958984
cos,10.0,1.0,1.0,pytorch,0.0,opu,80.0,0.001,4.0,0.6035,0.3157026767730713
cos,10.0,0.0,1.0,pytorch,0.0,opu,80.0,0.001,4.0,0.5532,0.26582813262939453
,10.0,1.0,1.0,pytorch,0.0,opu,90.0,0.001,0.0,0.7714,0.2236623764038086
,10.0,0.0,1.0,pytorch,0.0,opu,90.0,0.001,0.0,0.7714,0.13240385055541992
sqrt,10.0,1.0,1.0,pytorch,0.0,opu,90.0,0.001,0.0,0.6895,0.24708175659179688
sqrt,10.0,0.0,1.0,pytorch,0.0,opu,90.0,0.001,0.0,0.5312,0.23264169692993164
cos,10.0,1.0,1.0,pytorch,0.0,opu,90.0,0.001,0.0,0.5631,0.3223283290863037
cos,10.0,0.0,1.0,pytorch,0.0,opu,90.0,0.001,0.0,0.4019,0.2603027820587158
,10.0,1.0,1.0,pytorch,0.0,opu,90.0,0.001,1.0,0.7742,0.28086209297180176
,10.0,0.0,1.0,pytorch,0.0,opu,90.0,0.001,1.0,0.7742,0.22933578491210938
sqrt,10.0,1.0,1.0,pytorch,0.0,opu,90.0,0.001,1.0,0.6797,0.26042938232421875
sqrt,10.0,0.0,1.0,pytorch,0.0,opu,90.0,0.001,1.0,0.5511,0.19669532775878906
cos,10.0,1.0,1.0,pytorch,0.0,opu,90.0,0.001,1.0,0.5663,0.26708197593688965
cos,10.0,0.0,1.0,pytorch,0.0,opu,90.0,0.001,1.0,0.5532,0.32329487800598145
,10.0,1.0,1.0,pytorch,0.0,opu,90.0,0.001,2.0,0.766,0.17518377304077148
,10.0,0.0,1.0,pytorch,0.0,opu,90.0,0.001,2.0,0.766,0.24102163314819336
sqrt,10.0,1.0,1.0,pytorch,0.0,opu,90.0,0.001,2.0,0.7063,0.25860595703125
sqrt,10.0,0.0,1.0,pytorch,0.0,opu,90.0,0.001,2.0,0.6335,0.20689034461975098
cos,10.0,1.0,1.0,pytorch,0.0,opu,90.0,0.001,2.0,0.5882,0.38771963119506836
cos,10.0,0.0,1.0,pytorch,0.0,opu,90.0,0.001,2.0,0.568,0.24558687210083008
,10.0,1.0,1.0,pytorch,0.0,opu,90.0,0.001,3.0,0.7726,0.2772367000579834
,10.0,0.0,1.0,pytorch,0.0,opu,90.0,0.001,3.0,0.7726,0.20775532722473145
sqrt,10.0,1.0,1.0,pytorch,0.0,opu,90.0,0.001,3.0,0.7054,0.26514315605163574
sqrt,10.0,0.0,1.0,pytorch,0.0,opu,90.0,0.001,3.0,0.6364,0.19688630104064941
cos,10.0,1.0,1.0,pytorch,0.0,opu,90.0,0.001,3.0,0.5759,0.26601457595825195
cos,10.0,0.0,1.0,pytorch,0.0,opu,90.0,0.001,3.0,0.5503,0.24460697174072266
,10.0,1.0,1.0,pytorch,0.0,opu,90.0,0.001,4.0,0.7624,0.2746388912200928
,10.0,0.0,1.0,pytorch,0.0,opu,90.0,0.001,4.0,0.7624,0.22411704063415527
sqrt,10.0,1.0,1.0,pytorch,0.0,opu,90.0,0.001,4.0,0.709,0.27157163619995117
sqrt,10.0,0.0,1.0,pytorch,0.0,opu,90.0,0.001,4.0,0.6355,0.22003507614135742
cos,10.0,1.0,1.0,pytorch,0.0,opu,90.0,0.001,4.0,0.5542,0.2782871723175049
cos,10.0,0.0,1.0,pytorch,0.0,opu,90.0,0.001,4.0,0.5333,0.26991987228393555
,10.0,1.0,1.0,pytorch,0.0,opu,100.0,0.001,0.0,0.7736,0.23545122146606445
,10.0,0.0,1.0,pytorch,0.0,opu,100.0,0.001,0.0,0.7736,0.15186452865600586
sqrt,10.0,1.0,1.0,pytorch,0.0,opu,100.0,0.001,0.0,0.6875,0.2707698345184326
sqrt,10.0,0.0,1.0,pytorch,0.0,opu,100.0,0.001,0.0,0.5522,0.21230554580688477
cos,10.0,1.0,1.0,pytorch,0.0,opu,100.0,0.001,0.0,0.4351,0.21588492393493652
cos,10.0,0.0,1.0,pytorch,0.0,opu,100.0,0.001,0.0,0.5362,0.31488966941833496
,10.0,1.0,1.0,pytorch,0.0,opu,100.0,0.001,1.0,0.7778,0.44054651260375977
,10.0,0.0,1.0,pytorch,0.0,opu,100.0,0.001,1.0,0.7778,0.3289809226989746
sqrt,10.0,1.0,1.0,pytorch,0.0,opu,100.0,0.001,1.0,0.6909,0.23229742050170898
sqrt,10.0,0.0,1.0,pytorch,0.0,opu,100.0,0.001,1.0,0.5663,0.20774126052856445
cos,10.0,1.0,1.0,pytorch,0.0,opu,100.0,0.001,1.0,0.544,0.37734150886535645
cos,10.0,0.0,1.0,pytorch,0.0,opu,100.0,0.001,1.0,0.5208,0.2626659870147705
,10.0,1.0,1.0,pytorch,0.0,opu,100.0,0.001,2.0,0.7757,0.4180746078491211
,10.0,0.0,1.0,pytorch,0.0,opu,100.0,0.001,2.0,0.7757,0.251816987991333
sqrt,10.0,1.0,1.0,pytorch,0.0,opu,100.0,0.001,2.0,0.701,0.2930114269256592
sqrt,10.0,0.0,1.0,pytorch,0.0,opu,100.0,0.001,2.0,0.6175,0.13804411888122559
cos,10.0,1.0,1.0,pytorch,0.0,opu,100.0,0.001,2.0,0.6125,0.30548763275146484
cos,10.0,0.0,1.0,pytorch,0.0,opu,100.0,0.001,2.0,0.58,0.35309267044067383
,10.0,1.0,1.0,pytorch,0.0,opu,100.0,0.001,3.0,0.7754,0.33043527603149414
,10.0,0.0,1.0,pytorch,0.0,opu,100.0,0.001,3.0,0.7754,0.23538947105407715
sqrt,10.0,1.0,1.0,pytorch,0.0,opu,100.0,0.001,3.0,0.7021,0.27388787269592285
sqrt,10.0,0.0,1.0,pytorch,0.0,opu,100.0,0.001,3.0,0.6202,0.24595952033996582
cos,10.0,1.0,1.0,pytorch,0.0,opu,100.0,0.001,3.0,0.6134,0.2067253589630127
cos,10.0,0.0,1.0,pytorch,0.0,opu,100.0,0.001,3.0,0.5952,0.30640268325805664
,10.0,1.0,1.0,pytorch,0.0,opu,100.0,0.001,4.0,0.7728,0.2980616092681885
,10.0,0.0,1.0,pytorch,0.0,opu,100.0,0.001,4.0,0.7728,0.22496485710144043
sqrt,10.0,1.0,1.0,pytorch,0.0,opu,100.0,0.001,4.0,0.7151,0.3143434524536133
sqrt,10.0,0.0,1.0,pytorch,0.0,opu,100.0,0.001,4.0,0.6486,0.20204830169677734
cos,10.0,1.0,1.0,pytorch,0.0,opu,100.0,0.001,4.0,0.6101,0.3733398914337158
cos,10.0,0.0,1.0,pytorch,0.0,opu,100.0,0.001,4.0,0.5723,0.3014965057373047
,10.0,1.0,1.0,pytorch,0.0,opu,200.0,0.001,0.0,0.8026,0.7657058238983154
,10.0,0.0,1.0,pytorch,0.0,opu,200.0,0.001,0.0,0.8026,0.5000133514404297
sqrt,10.0,1.0,1.0,pytorch,0.0,opu,200.0,0.001,0.0,0.7171,0.4862964153289795
sqrt,10.0,0.0,1.0,pytorch,0.0,opu,200.0,0.001,0.0,0.62,0.38565850257873535
cos,10.0,1.0,1.0,pytorch,0.0,opu,200.0,0.001,0.0,0.5686,0.5987861156463623
cos,10.0,0.0,1.0,pytorch,0.0,opu,200.0,0.001,0.0,0.5663,0.3897080421447754
,10.0,1.0,1.0,pytorch,0.0,opu,200.0,0.001,1.0,0.8023,0.3611578941345215
,10.0,0.0,1.0,pytorch,0.0,opu,200.0,0.001,1.0,0.8023,0.3779585361480713
sqrt,10.0,1.0,1.0,pytorch,0.0,opu,200.0,0.001,1.0,0.7301,0.409656286239624
sqrt,10.0,0.0,1.0,pytorch,0.0,opu,200.0,0.001,1.0,0.6491,0.5967521667480469
cos,10.0,1.0,1.0,pytorch,0.0,opu,200.0,0.001,1.0,0.6251,0.6034817695617676
cos,10.0,0.0,1.0,pytorch,0.0,opu,200.0,0.001,1.0,0.6224,0.8895866870880127
,10.0,1.0,1.0,pytorch,0.0,opu,200.0,0.001,2.0,0.7992,0.49294114112854004
,10.0,0.0,1.0,pytorch,0.0,opu,200.0,0.001,2.0,0.7992,0.3783392906188965
sqrt,10.0,1.0,1.0,pytorch,0.0,opu,200.0,0.001,2.0,0.7471,0.5952670574188232
sqrt,10.0,0.0,1.0,pytorch,0.0,opu,200.0,0.001,2.0,0.6614,0.47401857376098633
cos,10.0,1.0,1.0,pytorch,0.0,opu,200.0,0.001,2.0,0.6453,0.4847297668457031
cos,10.0,0.0,1.0,pytorch,0.0,opu,200.0,0.001,2.0,0.6142,0.49513983726501465
,10.0,1.0,1.0,pytorch,0.0,opu,200.0,0.001,3.0,0.795,0.442596435546875
,10.0,0.0,1.0,pytorch,0.0,opu,200.0,0.001,3.0,0.795,0.2815556526184082
sqrt,10.0,1.0,1.0,pytorch,0.0,opu,200.0,0.001,3.0,0.7639,0.39602088928222656
sqrt,10.0,0.0,1.0,pytorch,0.0,opu,200.0,0.001,3.0,0.6933,0.3200068473815918
cos,10.0,1.0,1.0,pytorch,0.0,opu,200.0,0.001,3.0,0.6758,0.6926231384277344
cos,10.0,0.0,1.0,pytorch,0.0,opu,200.0,0.001,3.0,0.6007,0.5827310085296631
,10.0,1.0,1.0,pytorch,0.0,opu,200.0,0.001,4.0,0.7957,0.4882044792175293
,10.0,0.0,1.0,pytorch,0.0,opu,200.0,0.001,4.0,0.7957,0.3891024589538574
sqrt,10.0,1.0,1.0,pytorch,0.0,opu,200.0,0.001,4.0,0.7568,0.3864748477935791
sqrt,10.0,0.0,1.0,pytorch,0.0,opu,200.0,0.001,4.0,0.6896,0.3952596187591553
cos,10.0,1.0,1.0,pytorch,0.0,opu,200.0,0.001,4.0,0.6612,0.5991055965423584
cos,10.0,0.0,1.0,pytorch,0.0,opu,200.0,0.001,4.0,0.6262,0.3581883907318115
,10.0,1.0,1.0,pytorch,0.0,opu,300.0,0.001,0.0,0.817,0.7724699974060059
,10.0,0.0,1.0,pytorch,0.0,opu,300.0,0.001,0.0,0.817,0.6781253814697266
sqrt,10.0,1.0,1.0,pytorch,0.0,opu,300.0,0.001,0.0,0.7287,0.9544813632965088
sqrt,10.0,0.0,1.0,pytorch,0.0,opu,300.0,0.001,0.0,0.6212,0.7634506225585938
cos,10.0,1.0,1.0,pytorch,0.0,opu,300.0,0.001,0.0,0.6132,0.881263017654419
cos,10.0,0.0,1.0,pytorch,0.0,opu,300.0,0.001,0.0,0.541,0.9695775508880615
,10.0,1.0,1.0,pytorch,0.0,opu,300.0,0.001,1.0,0.8127,0.9587371349334717
,10.0,0.0,1.0,pytorch,0.0,opu,300.0,0.001,1.0,0.8127,1.1765189170837402
sqrt,10.0,1.0,1.0,pytorch,0.0,opu,300.0,0.001,1.0,0.7458,0.9686777591705322
sqrt,10.0,0.0,1.0,pytorch,0.0,opu,300.0,0.001,1.0,0.6446,0.8920848369598389
cos,10.0,1.0,1.0,pytorch,0.0,opu,300.0,0.001,1.0,0.6196,1.478543758392334
cos,10.0,0.0,1.0,pytorch,0.0,opu,300.0,0.001,1.0,0.6016,1.184373378753662
,10.0,1.0,1.0,pytorch,0.0,opu,300.0,0.001,2.0,0.8074,0.9582266807556152
,10.0,0.0,1.0,pytorch,0.0,opu,300.0,0.001,2.0,0.8074,0.7815670967102051
sqrt,10.0,1.0,1.0,pytorch,0.0,opu,300.0,0.001,2.0,0.7595,0.7565252780914307
sqrt,10.0,0.0,1.0,pytorch,0.0,opu,300.0,0.001,2.0,0.6794,0.49039292335510254
cos,10.0,1.0,1.0,pytorch,0.0,opu,300.0,0.001,2.0,0.6597,0.7848203182220459
cos,10.0,0.0,1.0,pytorch,0.0,opu,300.0,0.001,2.0,0.6042,1.0861804485321045
,10.0,1.0,1.0,pytorch,0.0,opu,300.0,0.001,3.0,0.8144,0.8571672439575195
,10.0,0.0,1.0,pytorch,0.0,opu,300.0,0.001,3.0,0.8144,0.37336087226867676
sqrt,10.0,1.0,1.0,pytorch,0.0,opu,300.0,0.001,3.0,0.7794,0.6960587501525879
sqrt,10.0,0.0,1.0,pytorch,0.0,opu,300.0,0.001,3.0,0.7229,0.7845845222473145
cos,10.0,1.0,1.0,pytorch,0.0,opu,300.0,0.001,3.0,0.6795,0.8691079616546631
cos,10.0,0.0,1.0,pytorch,0.0,opu,300.0,0.001,3.0,0.6113,0.7906973361968994
,10.0,1.0,1.0,pytorch,0.0,opu,300.0,0.001,4.0,0.8144,0.9630031585693359
,10.0,0.0,1.0,pytorch,0.0,opu,300.0,0.001,4.0,0.8144,0.6765975952148438
sqrt,10.0,1.0,1.0,pytorch,0.0,opu,300.0,0.001,4.0,0.7794,0.6823503971099854
sqrt,10.0,0.0,1.0,pytorch,0.0,opu,300.0,0.001,4.0,0.7194,0.7817831039428711
cos,10.0,1.0,1.0,pytorch,0.0,opu,300.0,0.001,4.0,0.6933,1.0892753601074219
cos,10.0,0.0,1.0,pytorch,0.0,opu,300.0,0.001,4.0,0.6298,0.5862598419189453
,10.0,1.0,1.0,pytorch,0.0,opu,400.0,0.001,0.0,0.8236,1.05936861038208
,10.0,0.0,1.0,pytorch,0.0,opu,400.0,0.001,0.0,0.8236,0.880033016204834
sqrt,10.0,1.0,1.0,pytorch,0.0,opu,400.0,0.001,0.0,0.7404,1.269766092300415
sqrt,10.0,0.0,1.0,pytorch,0.0,opu,400.0,0.001,0.0,0.6405,0.8646571636199951
cos,10.0,1.0,1.0,pytorch,0.0,opu,400.0,0.001,0.0,0.6256,1.5681471824645996
cos,10.0,0.0,1.0,pytorch,0.0,opu,400.0,0.001,0.0,0.6289,1.1724772453308105
,10.0,1.0,1.0,pytorch,0.0,opu,400.0,0.001,1.0,0.818,0.96323561668396
,10.0,0.0,1.0,pytorch,0.0,opu,400.0,0.001,1.0,0.818,0.6710476875305176
sqrt,10.0,1.0,1.0,pytorch,0.0,opu,400.0,0.001,1.0,0.758,1.2729461193084717
sqrt,10.0,0.0,1.0,pytorch,0.0,opu,400.0,0.001,1.0,0.6687,0.8808627128601074
cos,10.0,1.0,1.0,pytorch,0.0,opu,400.0,0.001,1.0,0.643,1.7583413124084473
cos,10.0,0.0,1.0,pytorch,0.0,opu,400.0,0.001,1.0,0.6003,1.4657635688781738
,10.0,1.0,1.0,pytorch,0.0,opu,400.0,0.001,2.0,0.819,0.9544978141784668
,10.0,0.0,1.0,pytorch,0.0,opu,400.0,0.001,2.0,0.819,1.4546597003936768
sqrt,10.0,1.0,1.0,pytorch,0.0,opu,400.0,0.001,2.0,0.7697,0.9918584823608398
sqrt,10.0,0.0,1.0,pytorch,0.0,opu,400.0,0.001,2.0,0.6801,1.6724889278411865
cos,10.0,1.0,1.0,pytorch,0.0,opu,400.0,0.001,2.0,0.6526,1.2853381633758545
cos,10.0,0.0,1.0,pytorch,0.0,opu,400.0,0.001,2.0,0.5941,1.0628175735473633
,10.0,1.0,1.0,pytorch,0.0,opu,400.0,0.001,3.0,0.8253,0.9842777252197266
,10.0,0.0,1.0,pytorch,0.0,opu,400.0,0.001,3.0,0.8253,1.0604524612426758
sqrt,10.0,1.0,1.0,pytorch,0.0,opu,400.0,0.001,3.0,0.7773,0.9790818691253662
sqrt,10.0,0.0,1.0,pytorch,0.0,opu,400.0,0.001,3.0,0.7075,0.7900390625
cos,10.0,1.0,1.0,pytorch,0.0,opu,400.0,0.001,3.0,0.6733,1.4688301086425781
cos,10.0,0.0,1.0,pytorch,0.0,opu,400.0,0.001,3.0,0.6339,1.059417486190796
,10.0,1.0,1.0,pytorch,0.0,opu,400.0,0.001,4.0,0.8241,0.8611030578613281
,10.0,0.0,1.0,pytorch,0.0,opu,400.0,0.001,4.0,0.8241,0.8632683753967285
sqrt,10.0,1.0,1.0,pytorch,0.0,opu,400.0,0.001,4.0,0.7862,0.8479797840118408
sqrt,10.0,0.0,1.0,pytorch,0.0,opu,400.0,0.001,4.0,0.7336,0.7912590503692627
cos,10.0,1.0,1.0,pytorch,0.0,opu,400.0,0.001,4.0,0.7026,1.2550156116485596
cos,10.0,0.0,1.0,pytorch,0.0,opu,400.0,0.001,4.0,0.6506,1.160391092300415
,10.0,1.0,1.0,pytorch,0.0,opu,500.0,0.001,0.0,0.8285,1.3163774013519287
,10.0,0.0,1.0,pytorch,0.0,opu,500.0,0.001,0.0,0.8285,0.8557476997375488
sqrt,10.0,1.0,1.0,pytorch,0.0,opu,500.0,0.001,0.0,0.7439,0.9604568481445312
sqrt,10.0,0.0,1.0,pytorch,0.0,opu,500.0,0.001,0.0,0.6411,0.7877542972564697
cos,10.0,1.0,1.0,pytorch,0.0,opu,500.0,0.001,0.0,0.6108,1.4849772453308105
cos,10.0,0.0,1.0,pytorch,0.0,opu,500.0,0.001,0.0,0.6076,1.3483974933624268
,10.0,1.0,1.0,pytorch,0.0,opu,500.0,0.001,1.0,0.823,1.2619996070861816
,10.0,0.0,1.0,pytorch,0.0,opu,500.0,0.001,1.0,0.823,1.453352689743042
sqrt,10.0,1.0,1.0,pytorch,0.0,opu,500.0,0.001,1.0,0.7606,1.34212064743042
sqrt,10.0,0.0,1.0,pytorch,0.0,opu,500.0,0.001,1.0,0.6616,1.0638983249664307
cos,10.0,1.0,1.0,pytorch,0.0,opu,500.0,0.001,1.0,0.6386,1.3804283142089844
cos,10.0,0.0,1.0,pytorch,0.0,opu,500.0,0.001,1.0,0.5923,1.2720370292663574
,10.0,1.0,1.0,pytorch,0.0,opu,500.0,0.001,2.0,0.83,1.243647813796997
,10.0,0.0,1.0,pytorch,0.0,opu,500.0,0.001,2.0,0.83,0.9636366367340088
sqrt,10.0,1.0,1.0,pytorch,0.0,opu,500.0,0.001,2.0,0.7742,1.2592732906341553
sqrt,10.0,0.0,1.0,pytorch,0.0,opu,500.0,0.001,2.0,0.6838,0.9721877574920654
cos,10.0,1.0,1.0,pytorch,0.0,opu,500.0,0.001,2.0,0.651,1.28566575050354
cos,10.0,0.0,1.0,pytorch,0.0,opu,500.0,0.001,2.0,0.6125,1.6737101078033447
,10.0,1.0,1.0,pytorch,0.0,opu,500.0,0.001,3.0,0.8274,1.5512399673461914
,10.0,0.0,1.0,pytorch,0.0,opu,500.0,0.001,3.0,0.8274,1.2407934665679932
sqrt,10.0,1.0,1.0,pytorch,0.0,opu,500.0,0.001,3.0,0.778,1.0655217170715332
sqrt,10.0,0.0,1.0,pytorch,0.0,opu,500.0,0.001,3.0,0.7101,1.5697782039642334
cos,10.0,1.0,1.0,pytorch,0.0,opu,500.0,0.001,3.0,0.686,1.4541261196136475
cos,10.0,0.0,1.0,pytorch,0.0,opu,500.0,0.001,3.0,0.6414,1.3613262176513672
,10.0,1.0,1.0,pytorch,0.0,opu,500.0,0.001,4.0,0.8285,1.053631067276001
,10.0,0.0,1.0,pytorch,0.0,opu,500.0,0.001,4.0,0.8285,0.952507734298706
sqrt,10.0,1.0,1.0,pytorch,0.0,opu,500.0,0.001,4.0,0.791,1.2530813217163086
sqrt,10.0,0.0,1.0,pytorch,0.0,opu,500.0,0.001,4.0,0.7479,1.0739161968231201
cos,10.0,1.0,1.0,pytorch,0.0,opu,500.0,0.001,4.0,0.7201,1.5647318363189697
cos,10.0,0.0,1.0,pytorch,0.0,opu,500.0,0.001,4.0,0.6719,1.6677720546722412
,10.0,1.0,1.0,pytorch,0.0,opu,600.0,0.001,0.0,0.8333,1.7132701873779297
,10.0,0.0,1.0,pytorch,0.0,opu,600.0,0.001,0.0,0.8333,1.2406744956970215
sqrt,10.0,1.0,1.0,pytorch,0.0,opu,600.0,0.001,0.0,0.7504,1.2614223957061768
sqrt,10.0,0.0,1.0,pytorch,0.0,opu,600.0,0.001,0.0,0.6369,0.9648396968841553
cos,10.0,1.0,1.0,pytorch,0.0,opu,600.0,0.001,0.0,0.6183,1.5744543075561523
cos,10.0,0.0,1.0,pytorch,0.0,opu,600.0,0.001,0.0,0.6089,1.4706709384918213
,10.0,1.0,1.0,pytorch,0.0,opu,600.0,0.001,1.0,0.8288,1.3519272804260254
,10.0,0.0,1.0,pytorch,0.0,opu,600.0,0.001,1.0,0.8288,1.0513856410980225
sqrt,10.0,1.0,1.0,pytorch,0.0,opu,600.0,0.001,1.0,0.7637,1.7639684677124023
sqrt,10.0,0.0,1.0,pytorch,0.0,opu,600.0,0.001,1.0,0.6604,1.7604477405548096
cos,10.0,1.0,1.0,pytorch,0.0,opu,600.0,0.001,1.0,0.6302,1.7696924209594727
cos,10.0,0.0,1.0,pytorch,0.0,opu,600.0,0.001,1.0,0.5942,1.9691615104675293
,10.0,1.0,1.0,pytorch,0.0,opu,600.0,0.001,2.0,0.8318,1.7408065795898438
,10.0,0.0,1.0,pytorch,0.0,opu,600.0,0.001,2.0,0.8318,1.3437385559082031
sqrt,10.0,1.0,1.0,pytorch,0.0,opu,600.0,0.001,2.0,0.7708,1.8413984775543213
sqrt,10.0,0.0,1.0,pytorch,0.0,opu,600.0,0.001,2.0,0.6839,1.3373892307281494
cos,10.0,1.0,1.0,pytorch,0.0,opu,600.0,0.001,2.0,0.6622,2.0614302158355713
cos,10.0,0.0,1.0,pytorch,0.0,opu,600.0,0.001,2.0,0.6145,1.5560133457183838
,10.0,1.0,1.0,pytorch,0.0,opu,600.0,0.001,3.0,0.8346,1.3316149711608887
,10.0,0.0,1.0,pytorch,0.0,opu,600.0,0.001,3.0,0.8346,1.1404383182525635
sqrt,10.0,1.0,1.0,pytorch,0.0,opu,600.0,0.001,3.0,0.7816,1.853538990020752
sqrt,10.0,0.0,1.0,pytorch,0.0,opu,600.0,0.001,3.0,0.7191,1.2599759101867676
cos,10.0,1.0,1.0,pytorch,0.0,opu,600.0,0.001,3.0,0.6874,1.951791524887085
cos,10.0,0.0,1.0,pytorch,0.0,opu,600.0,0.001,3.0,0.6558,1.8598456382751465
,10.0,1.0,1.0,pytorch,0.0,opu,600.0,0.001,4.0,0.8318,1.7420029640197754
,10.0,0.0,1.0,pytorch,0.0,opu,600.0,0.001,4.0,0.8318,1.5450971126556396
sqrt,10.0,1.0,1.0,pytorch,0.0,opu,600.0,0.001,4.0,0.7937,1.3363258838653564
sqrt,10.0,0.0,1.0,pytorch,0.0,opu,600.0,0.001,4.0,0.7443,1.076624870300293
cos,10.0,1.0,1.0,pytorch,0.0,opu,600.0,0.001,4.0,0.7187,1.8710827827453613
cos,10.0,0.0,1.0,pytorch,0.0,opu,600.0,0.001,4.0,0.6543,1.7510766983032227
,10.0,1.0,1.0,pytorch,0.0,opu,700.0,0.001,0.0,0.8366,1.8932769298553467
,10.0,0.0,1.0,pytorch,0.0,opu,700.0,0.001,0.0,0.8366,1.632650375366211
sqrt,10.0,1.0,1.0,pytorch,0.0,opu,700.0,0.001,0.0,0.7534,1.940080165863037
sqrt,10.0,0.0,1.0,pytorch,0.0,opu,700.0,0.001,0.0,0.6418,1.856062889099121
cos,10.0,1.0,1.0,pytorch,0.0,opu,700.0,0.001,0.0,0.6174,2.247056245803833
cos,10.0,0.0,1.0,pytorch,0.0,opu,700.0,0.001,0.0,0.5905,2.1486213207244873
,10.0,1.0,1.0,pytorch,0.0,opu,700.0,0.001,1.0,0.833,1.7479276657104492
,10.0,0.0,1.0,pytorch,0.0,opu,700.0,0.001,1.0,0.833,1.4423871040344238
sqrt,10.0,1.0,1.0,pytorch,0.0,opu,700.0,0.001,1.0,0.7654,1.7235236167907715
sqrt,10.0,0.0,1.0,pytorch,0.0,opu,700.0,0.001,1.0,0.661,1.571237325668335
cos,10.0,1.0,1.0,pytorch,0.0,opu,700.0,0.001,1.0,0.6392,2.846881151199341
cos,10.0,0.0,1.0,pytorch,0.0,opu,700.0,0.001,1.0,0.6116,1.9515767097473145
,10.0,1.0,1.0,pytorch,0.0,opu,700.0,0.001,2.0,0.8379,1.727891445159912
,10.0,0.0,1.0,pytorch,0.0,opu,700.0,0.001,2.0,0.8379,1.337742567062378
sqrt,10.0,1.0,1.0,pytorch,0.0,opu,700.0,0.001,2.0,0.7754,1.8353958129882812
sqrt,10.0,0.0,1.0,pytorch,0.0,opu,700.0,0.001,2.0,0.6901,1.653775930404663
cos,10.0,1.0,1.0,pytorch,0.0,opu,700.0,0.001,2.0,0.6804,2.2487313747406006
cos,10.0,0.0,1.0,pytorch,0.0,opu,700.0,0.001,2.0,0.6286,2.053971290588379
,10.0,1.0,1.0,pytorch,0.0,opu,700.0,0.001,3.0,0.8379,1.8296236991882324
,10.0,0.0,1.0,pytorch,0.0,opu,700.0,0.001,3.0,0.8379,1.4563229084014893
sqrt,10.0,1.0,1.0,pytorch,0.0,opu,700.0,0.001,3.0,0.779,1.6438984870910645
sqrt,10.0,0.0,1.0,pytorch,0.0,opu,700.0,0.001,3.0,0.7009,1.4720940589904785
cos,10.0,1.0,1.0,pytorch,0.0,opu,700.0,0.001,3.0,0.6695,1.9432451725006104
cos,10.0,0.0,1.0,pytorch,0.0,opu,700.0,0.001,3.0,0.6358,2.0610861778259277
,10.0,1.0,1.0,pytorch,0.0,opu,700.0,0.001,4.0,0.8369,2.0433709621429443
,10.0,0.0,1.0,pytorch,0.0,opu,700.0,0.001,4.0,0.8369,1.439957618713379
sqrt,10.0,1.0,1.0,pytorch,0.0,opu,700.0,0.001,4.0,0.7976,1.5418004989624023
sqrt,10.0,0.0,1.0,pytorch,0.0,opu,700.0,0.001,4.0,0.7528,1.6920270919799805
cos,10.0,1.0,1.0,pytorch,0.0,opu,700.0,0.001,4.0,0.7326,2.4345641136169434
cos,10.0,0.0,1.0,pytorch,0.0,opu,700.0,0.001,4.0,0.6861,2.061140537261963
,10.0,1.0,1.0,pytorch,0.0,opu,800.0,0.001,0.0,0.8398,2.1097795963287354
,10.0,0.0,1.0,pytorch,0.0,opu,800.0,0.001,0.0,0.8398,1.743178367614746
sqrt,10.0,1.0,1.0,pytorch,0.0,opu,800.0,0.001,0.0,0.7567,2.032627820968628
sqrt,10.0,0.0,1.0,pytorch,0.0,opu,800.0,0.001,0.0,0.647,2.152623414993286
cos,10.0,1.0,1.0,pytorch,0.0,opu,800.0,0.001,0.0,0.6332,2.738974094390869
cos,10.0,0.0,1.0,pytorch,0.0,opu,800.0,0.001,0.0,0.5781,2.1566853523254395
,10.0,1.0,1.0,pytorch,0.0,opu,800.0,0.001,1.0,0.8367,2.236591339111328
,10.0,0.0,1.0,pytorch,0.0,opu,800.0,0.001,1.0,0.8367,2.2161691188812256
sqrt,10.0,1.0,1.0,pytorch,0.0,opu,800.0,0.001,1.0,0.7696,2.210476875305176
sqrt,10.0,0.0,1.0,pytorch,0.0,opu,800.0,0.001,1.0,0.6663,2.0523617267608643
cos,10.0,1.0,1.0,pytorch,0.0,opu,800.0,0.001,1.0,0.6322,2.4492247104644775
cos,10.0,0.0,1.0,pytorch,0.0,opu,800.0,0.001,1.0,0.6126,2.4434218406677246
,10.0,1.0,1.0,pytorch,0.0,opu,800.0,0.001,2.0,0.8413,2.416529417037964
,10.0,0.0,1.0,pytorch,0.0,opu,800.0,0.001,2.0,0.8413,1.8377254009246826
sqrt,10.0,1.0,1.0,pytorch,0.0,opu,800.0,0.001,2.0,0.7738,2.0310866832733154
sqrt,10.0,0.0,1.0,pytorch,0.0,opu,800.0,0.001,2.0,0.6963,2.24861478805542
cos,10.0,1.0,1.0,pytorch,0.0,opu,800.0,0.001,2.0,0.6835,2.647109031677246
cos,10.0,0.0,1.0,pytorch,0.0,opu,800.0,0.001,2.0,0.6444,2.2602617740631104
,10.0,1.0,1.0,pytorch,0.0,opu,800.0,0.001,3.0,0.8387,2.435471296310425
,10.0,0.0,1.0,pytorch,0.0,opu,800.0,0.001,3.0,0.8387,1.841684103012085
sqrt,10.0,1.0,1.0,pytorch,0.0,opu,800.0,0.001,3.0,0.7856,2.0330958366394043
sqrt,10.0,0.0,1.0,pytorch,0.0,opu,800.0,0.001,3.0,0.7102,1.7468557357788086
cos,10.0,1.0,1.0,pytorch,0.0,opu,800.0,0.001,3.0,0.6747,2.2515218257904053
cos,10.0,0.0,1.0,pytorch,0.0,opu,800.0,0.001,3.0,0.6322,2.1651389598846436
,10.0,1.0,1.0,pytorch,0.0,opu,800.0,0.001,4.0,0.8361,1.8264074325561523
,10.0,0.0,1.0,pytorch,0.0,opu,800.0,0.001,4.0,0.8361,1.620131254196167
sqrt,10.0,1.0,1.0,pytorch,0.0,opu,800.0,0.001,4.0,0.7948,2.0229532718658447
sqrt,10.0,0.0,1.0,pytorch,0.0,opu,800.0,0.001,4.0,0.7477,1.852797269821167
cos,10.0,1.0,1.0,pytorch,0.0,opu,800.0,0.001,4.0,0.729,2.6489639282226562
cos,10.0,0.0,1.0,pytorch,0.0,opu,800.0,0.001,4.0,0.69,2.2535836696624756
,10.0,1.0,1.0,pytorch,0.0,opu,900.0,0.001,0.0,0.8407,2.2867119312286377
,10.0,0.0,1.0,pytorch,0.0,opu,900.0,0.001,0.0,0.8407,2.2172420024871826
sqrt,10.0,1.0,1.0,pytorch,0.0,opu,900.0,0.001,0.0,0.7563,2.5125796794891357
sqrt,10.0,0.0,1.0,pytorch,0.0,opu,900.0,0.001,0.0,0.6485,2.252882242202759
cos,10.0,1.0,1.0,pytorch,0.0,opu,900.0,0.001,0.0,0.6321,3.041630744934082
cos,10.0,0.0,1.0,pytorch,0.0,opu,900.0,0.001,0.0,0.6076,2.6554224491119385
,10.0,1.0,1.0,pytorch,0.0,opu,900.0,0.001,1.0,0.8414,2.2154791355133057
,10.0,0.0,1.0,pytorch,0.0,opu,900.0,0.001,1.0,0.8414,2.4776782989501953
sqrt,10.0,1.0,1.0,pytorch,0.0,opu,900.0,0.001,1.0,0.7686,2.5026845932006836
sqrt,10.0,0.0,1.0,pytorch,0.0,opu,900.0,0.001,1.0,0.6609,2.351069450378418
cos,10.0,1.0,1.0,pytorch,0.0,opu,900.0,0.001,1.0,0.6449,3.3482651710510254
cos,10.0,0.0,1.0,pytorch,0.0,opu,900.0,0.001,1.0,0.6116,2.74761700630188
,10.0,1.0,1.0,pytorch,0.0,opu,900.0,0.001,2.0,0.8431,2.43416690826416
,10.0,0.0,1.0,pytorch,0.0,opu,900.0,0.001,2.0,0.8431,2.1646246910095215
sqrt,10.0,1.0,1.0,pytorch,0.0,opu,900.0,0.001,2.0,0.773,2.4194886684417725
sqrt,10.0,0.0,1.0,pytorch,0.0,opu,900.0,0.001,2.0,0.6848,2.243090867996216
cos,10.0,1.0,1.0,pytorch,0.0,opu,900.0,0.001,2.0,0.6573,3.2388806343078613
cos,10.0,0.0,1.0,pytorch,0.0,opu,900.0,0.001,2.0,0.6404,3.1650376319885254
,10.0,1.0,1.0,pytorch,0.0,opu,900.0,0.001,3.0,0.8406,2.554593086242676
,10.0,0.0,1.0,pytorch,0.0,opu,900.0,0.001,3.0,0.8406,2.2168776988983154
sqrt,10.0,1.0,1.0,pytorch,0.0,opu,900.0,0.001,3.0,0.7837,2.400923490524292
sqrt,10.0,0.0,1.0,pytorch,0.0,opu,900.0,0.001,3.0,0.7127,2.2571041584014893
cos,10.0,1.0,1.0,pytorch,0.0,opu,900.0,0.001,3.0,0.6943,3.7308263778686523
cos,10.0,0.0,1.0,pytorch,0.0,opu,900.0,0.001,3.0,0.6404,2.7356646060943604
,10.0,1.0,1.0,pytorch,0.0,opu,900.0,0.001,4.0,0.8393,2.4291577339172363
,10.0,0.0,1.0,pytorch,0.0,opu,900.0,0.001,4.0,0.8393,2.311741590499878
sqrt,10.0,1.0,1.0,pytorch,0.0,opu,900.0,0.001,4.0,0.7977,2.816866874694824
sqrt,10.0,0.0,1.0,pytorch,0.0,opu,900.0,0.001,4.0,0.7552,2.260524034500122
cos,10.0,1.0,1.0,pytorch,0.0,opu,900.0,0.001,4.0,0.7332,3.1155755519866943
cos,10.0,0.0,1.0,pytorch,0.0,opu,900.0,0.001,4.0,0.6767,2.949209690093994
,10.0,1.0,1.0,pytorch,0.0,opu,1000.0,0.001,0.0,0.844,2.622443914413452
,10.0,0.0,1.0,pytorch,0.0,opu,1000.0,0.001,0.0,0.844,2.296935796737671
sqrt,10.0,1.0,1.0,pytorch,0.0,opu,1000.0,0.001,0.0,0.7588,2.8031182289123535
sqrt,10.0,0.0,1.0,pytorch,0.0,opu,1000.0,0.001,0.0,0.6429,2.639446973800659
cos,10.0,1.0,1.0,pytorch,0.0,opu,1000.0,0.001,0.0,0.615,4.546250581741333
cos,10.0,0.0,1.0,pytorch,0.0,opu,1000.0,0.001,0.0,0.6148,3.534553289413452
,10.0,1.0,1.0,pytorch,0.0,opu,1000.0,0.001,1.0,0.8438,3.3202052116394043
,10.0,0.0,1.0,pytorch,0.0,opu,1000.0,0.001,1.0,0.8438,2.31276273727417
sqrt,10.0,1.0,1.0,pytorch,0.0,opu,1000.0,0.001,1.0,0.7705,2.7874817848205566
sqrt,10.0,0.0,1.0,pytorch,0.0,opu,1000.0,0.001,1.0,0.6599,2.2771596908569336
cos,10.0,1.0,1.0,pytorch,0.0,opu,1000.0,0.001,1.0,0.6505,3.5334649085998535
cos,10.0,0.0,1.0,pytorch,0.0,opu,1000.0,0.001,1.0,0.6003,3.144580841064453
,10.0,1.0,1.0,pytorch,0.0,opu,1000.0,0.001,2.0,0.8454,2.828162670135498
,10.0,0.0,1.0,pytorch,0.0,opu,1000.0,0.001,2.0,0.8454,2.7045094966888428
sqrt,10.0,1.0,1.0,pytorch,0.0,opu,1000.0,0.001,2.0,0.7742,2.5974996089935303
sqrt,10.0,0.0,1.0,pytorch,0.0,opu,1000.0,0.001,2.0,0.6828,2.5487420558929443
cos,10.0,1.0,1.0,pytorch,0.0,opu,1000.0,0.001,2.0,0.6621,3.3449995517730713
cos,10.0,0.0,1.0,pytorch,0.0,opu,1000.0,0.001,2.0,0.6213,3.428708076477051
,10.0,1.0,1.0,pytorch,0.0,opu,1000.0,0.001,3.0,0.8411,2.8461806774139404
,10.0,0.0,1.0,pytorch,0.0,opu,1000.0,0.001,3.0,0.8411,2.0872416496276855
sqrt,10.0,1.0,1.0,pytorch,0.0,opu,1000.0,0.001,3.0,0.7832,2.5736424922943115
sqrt,10.0,0.0,1.0,pytorch,0.0,opu,1000.0,0.001,3.0,0.7131,3.0572433471679688
cos,10.0,1.0,1.0,pytorch,0.0,opu,1000.0,0.001,3.0,0.6884,3.5497050285339355
cos,10.0,0.0,1.0,pytorch,0.0,opu,1000.0,0.001,3.0,0.6543,3.133042812347412
,10.0,1.0,1.0,pytorch,0.0,opu,1000.0,0.001,4.0,0.8425,2.521214723587036
,10.0,0.0,1.0,pytorch,0.0,opu,1000.0,0.001,4.0,0.8425,2.713899850845337
sqrt,10.0,1.0,1.0,pytorch,0.0,opu,1000.0,0.001,4.0,0.7997,2.8015363216400146
sqrt,10.0,0.0,1.0,pytorch,0.0,opu,1000.0,0.001,4.0,0.7549,3.259564161300659
cos,10.0,1.0,1.0,pytorch,0.0,opu,1000.0,0.001,4.0,0.7283,3.338303565979004
cos,10.0,0.0,1.0,pytorch,0.0,opu,1000.0,0.001,4.0,0.6647,3.038041591644287
,10.0,1.0,1.0,pytorch,0.0,opu,2000.0,0.001,0.0,0.8563,7.586790561676025
,10.0,0.0,1.0,pytorch,0.0,opu,2000.0,0.001,0.0,0.8563,7.867910146713257
sqrt,10.0,1.0,1.0,pytorch,0.0,opu,2000.0,0.001,0.0,0.7783,9.238428354263306
sqrt,10.0,0.0,1.0,pytorch,0.0,opu,2000.0,0.001,0.0,0.6758,9.200219869613647
cos,10.0,1.0,1.0,pytorch,0.0,opu,2000.0,0.001,0.0,0.6557,9.631734132766724
cos,10.0,0.0,1.0,pytorch,0.0,opu,2000.0,0.001,0.0,0.6201,11.882434368133545
,10.0,1.0,1.0,pytorch,0.0,opu,2000.0,0.001,1.0,0.8568,8.241032361984253
,10.0,0.0,1.0,pytorch,0.0,opu,2000.0,0.001,1.0,0.8568,8.050722122192383
sqrt,10.0,1.0,1.0,pytorch,0.0,opu,2000.0,0.001,1.0,0.7894,8.024292945861816
sqrt,10.0,0.0,1.0,pytorch,0.0,opu,2000.0,0.001,1.0,0.7137,9.293762922286987
cos,10.0,1.0,1.0,pytorch,0.0,opu,2000.0,0.001,1.0,0.6836,9.802441120147705
cos,10.0,0.0,1.0,pytorch,0.0,opu,2000.0,0.001,1.0,0.6372,9.301636457443237
,10.0,1.0,1.0,pytorch,0.0,opu,2000.0,0.001,2.0,0.8567,7.189032077789307
,10.0,0.0,1.0,pytorch,0.0,opu,2000.0,0.001,2.0,0.8567,6.159118175506592
sqrt,10.0,1.0,1.0,pytorch,0.0,opu,2000.0,0.001,2.0,0.815,7.509708881378174
sqrt,10.0,0.0,1.0,pytorch,0.0,opu,2000.0,0.001,2.0,0.7763,9.13330340385437
cos,10.0,1.0,1.0,pytorch,0.0,opu,2000.0,0.001,2.0,0.7575,9.242780923843384
cos,10.0,0.0,1.0,pytorch,0.0,opu,2000.0,0.001,2.0,0.7069,10.824051856994629
,10.0,1.0,1.0,pytorch,0.0,opu,2000.0,0.001,3.0,0.8559,8.412811756134033
,10.0,0.0,1.0,pytorch,0.0,opu,2000.0,0.001,3.0,0.8559,7.519416332244873
sqrt,10.0,1.0,1.0,pytorch,0.0,opu,2000.0,0.001,3.0,0.8197,7.22083854675293
sqrt,10.0,0.0,1.0,pytorch,0.0,opu,2000.0,0.001,3.0,0.7856,8.598310470581055
cos,10.0,1.0,1.0,pytorch,0.0,opu,2000.0,0.001,3.0,0.7682,11.107594728469849
cos,10.0,0.0,1.0,pytorch,0.0,opu,2000.0,0.001,3.0,0.7286,8.392758131027222
,10.0,1.0,1.0,pytorch,0.0,opu,2000.0,0.001,4.0,0.8586,8.273294448852539
,10.0,0.0,1.0,pytorch,0.0,opu,2000.0,0.001,4.0,0.8586,5.91303563117981
sqrt,10.0,1.0,1.0,pytorch,0.0,opu,2000.0,0.001,4.0,0.8235,6.197084426879883
sqrt,10.0,0.0,1.0,pytorch,0.0,opu,2000.0,0.001,4.0,0.7853,7.340754270553589
cos,10.0,1.0,1.0,pytorch,0.0,opu,2000.0,0.001,4.0,0.7688,9.481329441070557
cos,10.0,0.0,1.0,pytorch,0.0,opu,2000.0,0.001,4.0,0.7298,7.793222427368164
