alpha,dataset,gamma,kernel,model,output_dim,scale,test_score,threshold,training_time,validation_score,warnings
100.0,stl10,0.0001,rbf,alexnet.npz,10000.0,1.0,0.7665,0.7000000000000001,80.5350329875946,0.7528,1.0
10.0,stl10,0.0001,rbf,alexnet.npz,10000.0,1.0,0.809375,0.7000000000000001,80.5350329875946,0.7838,1.0
1.0,stl10,0.0001,rbf,alexnet.npz,10000.0,1.0,0.85675,0.7000000000000001,80.5350329875946,0.8364,1.0
0.1,stl10,0.0001,rbf,alexnet.npz,10000.0,1.0,0.849,0.7000000000000001,80.5350329875946,0.8316,1.0
0.01,stl10,0.0001,rbf,alexnet.npz,10000.0,1.0,0.795625,0.7000000000000001,80.5350329875946,0.794,1.0
0.0,stl10,0.0001,rbf,alexnet.npz,10000.0,1.0,0.745625,0.7000000000000001,80.5350329875946,0.7824,1.0
100.0,stl10,0.0001,rbf,alexnet.npz,10000.0,0.1,0.752,0.7000000000000001,81.52061820030212,0.7448,1.0
10.0,stl10,0.0001,rbf,alexnet.npz,10000.0,0.1,0.753,0.7000000000000001,81.52061820030212,0.7458,1.0
1.0,stl10,0.0001,rbf,alexnet.npz,10000.0,0.1,0.7665,0.7000000000000001,81.52061820030212,0.7528,1.0
0.1,stl10,0.0001,rbf,alexnet.npz,10000.0,0.1,0.809375,0.7000000000000001,81.52061820030212,0.7838,1.0
0.01,stl10,0.0001,rbf,alexnet.npz,10000.0,0.1,0.85675,0.7000000000000001,81.52061820030212,0.8364,1.0
0.0,stl10,0.0001,rbf,alexnet.npz,10000.0,0.1,0.745625,0.7000000000000001,81.52061820030212,0.7824,1.0
100.0,stl10,0.0001,rbf,alexnet.npz,10000.0,0.01,0.75225,0.7000000000000001,108.49997401237488,0.7448,2.0
10.0,stl10,0.0001,rbf,alexnet.npz,10000.0,0.01,0.75225,0.7000000000000001,108.49997401237488,0.7448,2.0
1.0,stl10,0.0001,rbf,alexnet.npz,10000.0,0.01,0.752,0.7000000000000001,108.49997401237488,0.7448,2.0
0.1,stl10,0.0001,rbf,alexnet.npz,10000.0,0.01,0.753,0.7000000000000001,108.49997401237488,0.7458,2.0
0.01,stl10,0.0001,rbf,alexnet.npz,10000.0,0.01,0.7665,0.7000000000000001,108.49997401237488,0.7528,2.0
0.0,stl10,0.0001,rbf,alexnet.npz,10000.0,0.01,0.745625,0.7000000000000001,108.49997401237488,0.7824,2.0
100.0,stl10,0.0001,rbf,alexnet.npz,10000.0,0.001,0.75225,0.7000000000000001,123.9285843372345,0.7448,2.0
10.0,stl10,0.0001,rbf,alexnet.npz,10000.0,0.001,0.75225,0.7000000000000001,123.9285843372345,0.7448,2.0
1.0,stl10,0.0001,rbf,alexnet.npz,10000.0,0.001,0.75225,0.7000000000000001,123.9285843372345,0.7448,2.0
0.1,stl10,0.0001,rbf,alexnet.npz,10000.0,0.001,0.75225,0.7000000000000001,123.9285843372345,0.7448,2.0
0.01,stl10,0.0001,rbf,alexnet.npz,10000.0,0.001,0.752,0.7000000000000001,123.9285843372345,0.7448,2.0
0.0,stl10,0.0001,rbf,alexnet.npz,10000.0,0.001,0.745625,0.7000000000000001,123.9285843372345,0.7824,2.0
100.0,stl10,0.0001,rbf,alexnet.npz,10000.0,0.0001,0.75225,0.7000000000000001,35.46476221084595,0.7448,2.0
10.0,stl10,0.0001,rbf,alexnet.npz,10000.0,0.0001,0.75225,0.7000000000000001,35.46476221084595,0.7448,2.0
1.0,stl10,0.0001,rbf,alexnet.npz,10000.0,0.0001,0.75225,0.7000000000000001,35.46476221084595,0.7448,2.0
0.1,stl10,0.0001,rbf,alexnet.npz,10000.0,0.0001,0.75225,0.7000000000000001,35.46476221084595,0.7448,2.0
0.01,stl10,0.0001,rbf,alexnet.npz,10000.0,0.0001,0.75225,0.7000000000000001,35.46476221084595,0.7448,2.0
0.0,stl10,0.0001,rbf,alexnet.npz,10000.0,0.0001,0.745625,0.7000000000000001,35.46476221084595,0.7824,2.0
100.0,stl10,0.0001,rbf,alexnet.npz,10000.0,1e-05,0.75225,0.7000000000000001,116.3230881690979,0.7448,2.0
10.0,stl10,0.0001,rbf,alexnet.npz,10000.0,1e-05,0.75225,0.7000000000000001,116.3230881690979,0.7448,2.0
1.0,stl10,0.0001,rbf,alexnet.npz,10000.0,1e-05,0.75225,0.7000000000000001,116.3230881690979,0.7448,2.0
0.1,stl10,0.0001,rbf,alexnet.npz,10000.0,1e-05,0.75225,0.7000000000000001,116.3230881690979,0.7448,2.0
0.01,stl10,0.0001,rbf,alexnet.npz,10000.0,1e-05,0.75225,0.7000000000000001,116.3230881690979,0.7448,2.0
0.0,stl10,0.0001,rbf,alexnet.npz,10000.0,1e-05,0.745625,0.7000000000000001,116.3230881690979,0.7824,2.0
100.0,stl10,0.0002,rbf,alexnet.npz,10000.0,1.0,0.771625,0.7000000000000001,36.02051615715027,0.7548,1.0
10.0,stl10,0.0002,rbf,alexnet.npz,10000.0,1.0,0.820875,0.7000000000000001,36.02051615715027,0.7952,1.0
1.0,stl10,0.0002,rbf,alexnet.npz,10000.0,1.0,0.8605,0.7000000000000001,36.02051615715027,0.8404,1.0
0.1,stl10,0.0002,rbf,alexnet.npz,10000.0,1.0,0.837125,0.7000000000000001,36.02051615715027,0.8298,1.0
0.01,stl10,0.0002,rbf,alexnet.npz,10000.0,1.0,0.781125,0.7000000000000001,36.02051615715027,0.8026,1.0
0.0,stl10,0.0002,rbf,alexnet.npz,10000.0,1.0,0.76,0.7000000000000001,36.02051615715027,0.7962,1.0
100.0,stl10,0.0002,rbf,alexnet.npz,10000.0,0.1,0.751875,0.7000000000000001,34.77092981338501,0.7444,1.0
10.0,stl10,0.0002,rbf,alexnet.npz,10000.0,0.1,0.75375,0.7000000000000001,34.77092981338501,0.7456,1.0
1.0,stl10,0.0002,rbf,alexnet.npz,10000.0,0.1,0.771625,0.7000000000000001,34.77092981338501,0.7548,1.0
0.1,stl10,0.0002,rbf,alexnet.npz,10000.0,0.1,0.820875,0.7000000000000001,34.77092981338501,0.7952,1.0
0.01,stl10,0.0002,rbf,alexnet.npz,10000.0,0.1,0.8605,0.7000000000000001,34.77092981338501,0.8404,1.0
0.0,stl10,0.0002,rbf,alexnet.npz,10000.0,0.1,0.76,0.7000000000000001,34.77092981338501,0.7962,1.0
100.0,stl10,0.0002,rbf,alexnet.npz,10000.0,0.01,0.7515,0.7000000000000001,104.28181886672974,0.7442,2.0
10.0,stl10,0.0002,rbf,alexnet.npz,10000.0,0.01,0.7515,0.7000000000000001,104.28181886672974,0.7444,2.0
1.0,stl10,0.0002,rbf,alexnet.npz,10000.0,0.01,0.751875,0.7000000000000001,104.28181886672974,0.7444,2.0
0.1,stl10,0.0002,rbf,alexnet.npz,10000.0,0.01,0.75375,0.7000000000000001,104.28181886672974,0.7456,2.0
0.01,stl10,0.0002,rbf,alexnet.npz,10000.0,0.01,0.771625,0.7000000000000001,104.28181886672974,0.7548,2.0
0.0,stl10,0.0002,rbf,alexnet.npz,10000.0,0.01,0.76,0.7000000000000001,104.28181886672974,0.7962,2.0
100.0,stl10,0.0002,rbf,alexnet.npz,10000.0,0.001,0.751375,0.7000000000000001,117.84210348129272,0.7442,2.0
10.0,stl10,0.0002,rbf,alexnet.npz,10000.0,0.001,0.751375,0.7000000000000001,117.84210348129272,0.7442,2.0
1.0,stl10,0.0002,rbf,alexnet.npz,10000.0,0.001,0.7515,0.7000000000000001,117.84210348129272,0.7442,2.0
0.1,stl10,0.0002,rbf,alexnet.npz,10000.0,0.001,0.7515,0.7000000000000001,117.84210348129272,0.7444,2.0
0.01,stl10,0.0002,rbf,alexnet.npz,10000.0,0.001,0.751875,0.7000000000000001,117.84210348129272,0.7444,2.0
0.0,stl10,0.0002,rbf,alexnet.npz,10000.0,0.001,0.76,0.7000000000000001,117.84210348129272,0.7962,2.0
100.0,stl10,0.0002,rbf,alexnet.npz,10000.0,0.0001,0.751375,0.7000000000000001,30.41180682182312,0.7442,2.0
10.0,stl10,0.0002,rbf,alexnet.npz,10000.0,0.0001,0.751375,0.7000000000000001,30.41180682182312,0.7442,2.0
1.0,stl10,0.0002,rbf,alexnet.npz,10000.0,0.0001,0.751375,0.7000000000000001,30.41180682182312,0.7442,2.0
0.1,stl10,0.0002,rbf,alexnet.npz,10000.0,0.0001,0.751375,0.7000000000000001,30.41180682182312,0.7442,2.0
0.01,stl10,0.0002,rbf,alexnet.npz,10000.0,0.0001,0.7515,0.7000000000000001,30.41180682182312,0.7442,2.0
0.0,stl10,0.0002,rbf,alexnet.npz,10000.0,0.0001,0.76,0.7000000000000001,30.41180682182312,0.7962,2.0
100.0,stl10,0.0002,rbf,alexnet.npz,10000.0,1e-05,0.751375,0.7000000000000001,34.70264530181885,0.7442,2.0
10.0,stl10,0.0002,rbf,alexnet.npz,10000.0,1e-05,0.751375,0.7000000000000001,34.70264530181885,0.7442,2.0
1.0,stl10,0.0002,rbf,alexnet.npz,10000.0,1e-05,0.751375,0.7000000000000001,34.70264530181885,0.7442,2.0
0.1,stl10,0.0002,rbf,alexnet.npz,10000.0,1e-05,0.751375,0.7000000000000001,34.70264530181885,0.7442,2.0
0.01,stl10,0.0002,rbf,alexnet.npz,10000.0,1e-05,0.751375,0.7000000000000001,34.70264530181885,0.7442,2.0
0.0,stl10,0.0002,rbf,alexnet.npz,10000.0,1e-05,0.76,0.7000000000000001,34.70264530181885,0.7962,2.0
100.0,stl10,0.00030000000000000003,rbf,alexnet.npz,10000.0,1.0,0.77225,0.7000000000000001,31.025237798690796,0.7542,1.0
10.0,stl10,0.00030000000000000003,rbf,alexnet.npz,10000.0,1.0,0.82325,0.7000000000000001,31.025237798690796,0.7974,1.0
1.0,stl10,0.00030000000000000003,rbf,alexnet.npz,10000.0,1.0,0.858625,0.7000000000000001,31.025237798690796,0.8392,1.0
0.1,stl10,0.00030000000000000003,rbf,alexnet.npz,10000.0,1.0,0.829625,0.7000000000000001,31.025237798690796,0.8278,1.0
0.01,stl10,0.00030000000000000003,rbf,alexnet.npz,10000.0,1.0,0.779125,0.7000000000000001,31.025237798690796,0.8082,1.0
0.0,stl10,0.00030000000000000003,rbf,alexnet.npz,10000.0,1.0,0.762375,0.7000000000000001,31.025237798690796,0.8032,1.0
100.0,stl10,0.00030000000000000003,rbf,alexnet.npz,10000.0,0.1,0.753625,0.7000000000000001,83.7201566696167,0.7438,1.0
10.0,stl10,0.00030000000000000003,rbf,alexnet.npz,10000.0,0.1,0.757,0.7000000000000001,83.7201566696167,0.7464,1.0
1.0,stl10,0.00030000000000000003,rbf,alexnet.npz,10000.0,0.1,0.77225,0.7000000000000001,83.7201566696167,0.7542,1.0
0.1,stl10,0.00030000000000000003,rbf,alexnet.npz,10000.0,0.1,0.82325,0.7000000000000001,83.7201566696167,0.7974,1.0
0.01,stl10,0.00030000000000000003,rbf,alexnet.npz,10000.0,0.1,0.858625,0.7000000000000001,83.7201566696167,0.8392,1.0
0.0,stl10,0.00030000000000000003,rbf,alexnet.npz,10000.0,0.1,0.762375,0.7000000000000001,83.7201566696167,0.8032,1.0
100.0,stl10,0.00030000000000000003,rbf,alexnet.npz,10000.0,0.01,0.753125,0.7000000000000001,36.30303883552551,0.7438,2.0
10.0,stl10,0.00030000000000000003,rbf,alexnet.npz,10000.0,0.01,0.75325,0.7000000000000001,36.30303883552551,0.7438,2.0
1.0,stl10,0.00030000000000000003,rbf,alexnet.npz,10000.0,0.01,0.753625,0.7000000000000001,36.30303883552551,0.7438,2.0
0.1,stl10,0.00030000000000000003,rbf,alexnet.npz,10000.0,0.01,0.757,0.7000000000000001,36.30303883552551,0.7464,2.0
0.01,stl10,0.00030000000000000003,rbf,alexnet.npz,10000.0,0.01,0.77225,0.7000000000000001,36.30303883552551,0.7542,2.0
0.0,stl10,0.00030000000000000003,rbf,alexnet.npz,10000.0,0.01,0.762375,0.7000000000000001,36.30303883552551,0.8032,2.0
100.0,stl10,0.00030000000000000003,rbf,alexnet.npz,10000.0,0.001,0.753125,0.7000000000000001,122.17991900444031,0.7438,2.0
10.0,stl10,0.00030000000000000003,rbf,alexnet.npz,10000.0,0.001,0.753125,0.7000000000000001,122.17991900444031,0.7438,2.0
1.0,stl10,0.00030000000000000003,rbf,alexnet.npz,10000.0,0.001,0.753125,0.7000000000000001,122.17991900444031,0.7438,2.0
0.1,stl10,0.00030000000000000003,rbf,alexnet.npz,10000.0,0.001,0.75325,0.7000000000000001,122.17991900444031,0.7438,2.0
0.01,stl10,0.00030000000000000003,rbf,alexnet.npz,10000.0,0.001,0.753625,0.7000000000000001,122.17991900444031,0.7438,2.0
0.0,stl10,0.00030000000000000003,rbf,alexnet.npz,10000.0,0.001,0.762375,0.7000000000000001,122.17991900444031,0.8032,2.0
100.0,stl10,0.00030000000000000003,rbf,alexnet.npz,10000.0,0.0001,0.753125,0.7000000000000001,35.008222341537476,0.7438,2.0
10.0,stl10,0.00030000000000000003,rbf,alexnet.npz,10000.0,0.0001,0.753125,0.7000000000000001,35.008222341537476,0.7438,2.0
1.0,stl10,0.00030000000000000003,rbf,alexnet.npz,10000.0,0.0001,0.753125,0.7000000000000001,35.008222341537476,0.7438,2.0
0.1,stl10,0.00030000000000000003,rbf,alexnet.npz,10000.0,0.0001,0.753125,0.7000000000000001,35.008222341537476,0.7438,2.0
0.01,stl10,0.00030000000000000003,rbf,alexnet.npz,10000.0,0.0001,0.753125,0.7000000000000001,35.008222341537476,0.7438,2.0
0.0,stl10,0.00030000000000000003,rbf,alexnet.npz,10000.0,0.0001,0.762375,0.7000000000000001,35.008222341537476,0.8032,2.0
100.0,stl10,0.00030000000000000003,rbf,alexnet.npz,10000.0,1e-05,0.753125,0.7000000000000001,114.65383124351501,0.7438,2.0
10.0,stl10,0.00030000000000000003,rbf,alexnet.npz,10000.0,1e-05,0.753125,0.7000000000000001,114.65383124351501,0.7438,2.0
1.0,stl10,0.00030000000000000003,rbf,alexnet.npz,10000.0,1e-05,0.753125,0.7000000000000001,114.65383124351501,0.7438,2.0
0.1,stl10,0.00030000000000000003,rbf,alexnet.npz,10000.0,1e-05,0.753125,0.7000000000000001,114.65383124351501,0.7438,2.0
0.01,stl10,0.00030000000000000003,rbf,alexnet.npz,10000.0,1e-05,0.753125,0.7000000000000001,114.65383124351501,0.7438,2.0
0.0,stl10,0.00030000000000000003,rbf,alexnet.npz,10000.0,1e-05,0.762375,0.7000000000000001,114.65383124351501,0.8032,2.0
100.0,stl10,0.0004,rbf,alexnet.npz,10000.0,1.0,0.771875,0.7000000000000001,30.87190079689026,0.755,1.0
10.0,stl10,0.0004,rbf,alexnet.npz,10000.0,1.0,0.82275,0.7000000000000001,30.87190079689026,0.797,1.0
1.0,stl10,0.0004,rbf,alexnet.npz,10000.0,1.0,0.856625,0.7000000000000001,30.87190079689026,0.8362,1.0
0.1,stl10,0.0004,rbf,alexnet.npz,10000.0,1.0,0.822,0.7000000000000001,30.87190079689026,0.8228,1.0
0.01,stl10,0.0004,rbf,alexnet.npz,10000.0,1.0,0.772625,0.7000000000000001,30.87190079689026,0.8064,1.0
0.0,stl10,0.0004,rbf,alexnet.npz,10000.0,1.0,0.7595,0.7000000000000001,30.87190079689026,0.8026,1.0
100.0,stl10,0.0004,rbf,alexnet.npz,10000.0,0.1,0.754375,0.7000000000000001,34.755972146987915,0.7442,1.0
10.0,stl10,0.0004,rbf,alexnet.npz,10000.0,0.1,0.757125,0.7000000000000001,34.755972146987915,0.747,1.0
1.0,stl10,0.0004,rbf,alexnet.npz,10000.0,0.1,0.771875,0.7000000000000001,34.755972146987915,0.755,1.0
0.1,stl10,0.0004,rbf,alexnet.npz,10000.0,0.1,0.82275,0.7000000000000001,34.755972146987915,0.797,1.0
0.01,stl10,0.0004,rbf,alexnet.npz,10000.0,0.1,0.856625,0.7000000000000001,34.755972146987915,0.8362,1.0
0.0,stl10,0.0004,rbf,alexnet.npz,10000.0,0.1,0.7595,0.7000000000000001,34.755972146987915,0.8026,1.0
100.0,stl10,0.0004,rbf,alexnet.npz,10000.0,0.01,0.754,0.7000000000000001,106.07440519332886,0.7442,2.0
10.0,stl10,0.0004,rbf,alexnet.npz,10000.0,0.01,0.753875,0.7000000000000001,106.07440519332886,0.7442,2.0
1.0,stl10,0.0004,rbf,alexnet.npz,10000.0,0.01,0.754375,0.7000000000000001,106.07440519332886,0.7442,2.0
0.1,stl10,0.0004,rbf,alexnet.npz,10000.0,0.01,0.757125,0.7000000000000001,106.07440519332886,0.747,2.0
0.01,stl10,0.0004,rbf,alexnet.npz,10000.0,0.01,0.771875,0.7000000000000001,106.07440519332886,0.755,2.0
0.0,stl10,0.0004,rbf,alexnet.npz,10000.0,0.01,0.7595,0.7000000000000001,106.07440519332886,0.8026,2.0
100.0,stl10,0.0004,rbf,alexnet.npz,10000.0,0.001,0.754,0.7000000000000001,105.74420690536499,0.7442,2.0
10.0,stl10,0.0004,rbf,alexnet.npz,10000.0,0.001,0.754,0.7000000000000001,105.74420690536499,0.7442,2.0
1.0,stl10,0.0004,rbf,alexnet.npz,10000.0,0.001,0.754,0.7000000000000001,105.74420690536499,0.7442,2.0
0.1,stl10,0.0004,rbf,alexnet.npz,10000.0,0.001,0.753875,0.7000000000000001,105.74420690536499,0.7442,2.0
0.01,stl10,0.0004,rbf,alexnet.npz,10000.0,0.001,0.754375,0.7000000000000001,105.74420690536499,0.7442,2.0
0.0,stl10,0.0004,rbf,alexnet.npz,10000.0,0.001,0.7595,0.7000000000000001,105.74420690536499,0.8026,2.0
100.0,stl10,0.0004,rbf,alexnet.npz,10000.0,0.0001,0.754,0.7000000000000001,37.108946323394775,0.7442,2.0
10.0,stl10,0.0004,rbf,alexnet.npz,10000.0,0.0001,0.754,0.7000000000000001,37.108946323394775,0.7442,2.0
1.0,stl10,0.0004,rbf,alexnet.npz,10000.0,0.0001,0.754,0.7000000000000001,37.108946323394775,0.7442,2.0
0.1,stl10,0.0004,rbf,alexnet.npz,10000.0,0.0001,0.754,0.7000000000000001,37.108946323394775,0.7442,2.0
0.01,stl10,0.0004,rbf,alexnet.npz,10000.0,0.0001,0.754,0.7000000000000001,37.108946323394775,0.7442,2.0
0.0,stl10,0.0004,rbf,alexnet.npz,10000.0,0.0001,0.7595,0.7000000000000001,37.108946323394775,0.8026,2.0
100.0,stl10,0.0004,rbf,alexnet.npz,10000.0,1e-05,0.754,0.7000000000000001,30.42577028274536,0.7442,2.0
10.0,stl10,0.0004,rbf,alexnet.npz,10000.0,1e-05,0.754,0.7000000000000001,30.42577028274536,0.7442,2.0
1.0,stl10,0.0004,rbf,alexnet.npz,10000.0,1e-05,0.754,0.7000000000000001,30.42577028274536,0.7442,2.0
0.1,stl10,0.0004,rbf,alexnet.npz,10000.0,1e-05,0.754,0.7000000000000001,30.42577028274536,0.7442,2.0
0.01,stl10,0.0004,rbf,alexnet.npz,10000.0,1e-05,0.754,0.7000000000000001,30.42577028274536,0.7442,2.0
0.0,stl10,0.0004,rbf,alexnet.npz,10000.0,1e-05,0.7595,0.7000000000000001,30.42577028274536,0.8026,2.0
100.0,stl10,0.0005,rbf,alexnet.npz,10000.0,1.0,0.769875,0.7000000000000001,35.96068835258484,0.7528,1.0
10.0,stl10,0.0005,rbf,alexnet.npz,10000.0,1.0,0.82075,0.7000000000000001,35.96068835258484,0.794,1.0
1.0,stl10,0.0005,rbf,alexnet.npz,10000.0,1.0,0.850625,0.7000000000000001,35.96068835258484,0.8312,1.0
0.1,stl10,0.0005,rbf,alexnet.npz,10000.0,1.0,0.81225,0.7000000000000001,35.96068835258484,0.817,1.0
0.01,stl10,0.0005,rbf,alexnet.npz,10000.0,1.0,0.767875,0.7000000000000001,35.96068835258484,0.8012,1.0
0.0,stl10,0.0005,rbf,alexnet.npz,10000.0,1.0,0.756625,0.7000000000000001,35.96068835258484,0.7988,1.0
100.0,stl10,0.0005,rbf,alexnet.npz,10000.0,0.1,0.751875,0.7000000000000001,34.64247727394104,0.7432,1.0
10.0,stl10,0.0005,rbf,alexnet.npz,10000.0,0.1,0.75475,0.7000000000000001,34.64247727394104,0.7444,1.0
1.0,stl10,0.0005,rbf,alexnet.npz,10000.0,0.1,0.769875,0.7000000000000001,34.64247727394104,0.7528,1.0
0.1,stl10,0.0005,rbf,alexnet.npz,10000.0,0.1,0.82075,0.7000000000000001,34.64247727394104,0.794,1.0
0.01,stl10,0.0005,rbf,alexnet.npz,10000.0,0.1,0.850625,0.7000000000000001,34.64247727394104,0.8312,1.0
0.0,stl10,0.0005,rbf,alexnet.npz,10000.0,0.1,0.756625,0.7000000000000001,34.64247727394104,0.7988,1.0
100.0,stl10,0.0005,rbf,alexnet.npz,10000.0,0.01,0.75175,0.7000000000000001,107.90250325202942,0.7428,2.0
10.0,stl10,0.0005,rbf,alexnet.npz,10000.0,0.01,0.75175,0.7000000000000001,107.90250325202942,0.7428,2.0
1.0,stl10,0.0005,rbf,alexnet.npz,10000.0,0.01,0.751875,0.7000000000000001,107.90250325202942,0.7432,2.0
0.1,stl10,0.0005,rbf,alexnet.npz,10000.0,0.01,0.75475,0.7000000000000001,107.90250325202942,0.7444,2.0
0.01,stl10,0.0005,rbf,alexnet.npz,10000.0,0.01,0.769875,0.7000000000000001,107.90250325202942,0.7528,2.0
0.0,stl10,0.0005,rbf,alexnet.npz,10000.0,0.01,0.756625,0.7000000000000001,107.90250325202942,0.7988,2.0
100.0,stl10,0.0005,rbf,alexnet.npz,10000.0,0.001,0.75175,0.7000000000000001,104.80379462242126,0.7428,2.0
10.0,stl10,0.0005,rbf,alexnet.npz,10000.0,0.001,0.75175,0.7000000000000001,104.80379462242126,0.7428,2.0
1.0,stl10,0.0005,rbf,alexnet.npz,10000.0,0.001,0.75175,0.7000000000000001,104.80379462242126,0.7428,2.0
0.1,stl10,0.0005,rbf,alexnet.npz,10000.0,0.001,0.75175,0.7000000000000001,104.80379462242126,0.7428,2.0
0.01,stl10,0.0005,rbf,alexnet.npz,10000.0,0.001,0.751875,0.7000000000000001,104.80379462242126,0.7432,2.0
0.0,stl10,0.0005,rbf,alexnet.npz,10000.0,0.001,0.756625,0.7000000000000001,104.80379462242126,0.7988,2.0
100.0,stl10,0.0005,rbf,alexnet.npz,10000.0,0.0001,0.75175,0.7000000000000001,35.61171793937683,0.7428,2.0
10.0,stl10,0.0005,rbf,alexnet.npz,10000.0,0.0001,0.75175,0.7000000000000001,35.61171793937683,0.7428,2.0
1.0,stl10,0.0005,rbf,alexnet.npz,10000.0,0.0001,0.75175,0.7000000000000001,35.61171793937683,0.7428,2.0
0.1,stl10,0.0005,rbf,alexnet.npz,10000.0,0.0001,0.75175,0.7000000000000001,35.61171793937683,0.7428,2.0
0.01,stl10,0.0005,rbf,alexnet.npz,10000.0,0.0001,0.75175,0.7000000000000001,35.61171793937683,0.7428,2.0
0.0,stl10,0.0005,rbf,alexnet.npz,10000.0,0.0001,0.756625,0.7000000000000001,35.61171793937683,0.7988,2.0
100.0,stl10,0.0005,rbf,alexnet.npz,10000.0,1e-05,0.75175,0.7000000000000001,35.83914399147034,0.7428,2.0
10.0,stl10,0.0005,rbf,alexnet.npz,10000.0,1e-05,0.75175,0.7000000000000001,35.83914399147034,0.7428,2.0
1.0,stl10,0.0005,rbf,alexnet.npz,10000.0,1e-05,0.75175,0.7000000000000001,35.83914399147034,0.7428,2.0
0.1,stl10,0.0005,rbf,alexnet.npz,10000.0,1e-05,0.75175,0.7000000000000001,35.83914399147034,0.7428,2.0
0.01,stl10,0.0005,rbf,alexnet.npz,10000.0,1e-05,0.75175,0.7000000000000001,35.83914399147034,0.7428,2.0
0.0,stl10,0.0005,rbf,alexnet.npz,10000.0,1e-05,0.756625,0.7000000000000001,35.83914399147034,0.7988,2.0
100.0,stl10,0.0006000000000000001,rbf,alexnet.npz,10000.0,1.0,0.769625,0.7000000000000001,31.480029582977295,0.7496,1.0
10.0,stl10,0.0006000000000000001,rbf,alexnet.npz,10000.0,1.0,0.816,0.7000000000000001,31.480029582977295,0.79,1.0
1.0,stl10,0.0006000000000000001,rbf,alexnet.npz,10000.0,1.0,0.848,0.7000000000000001,31.480029582977295,0.825,1.0
0.1,stl10,0.0006000000000000001,rbf,alexnet.npz,10000.0,1.0,0.80425,0.7000000000000001,31.480029582977295,0.811,1.0
0.01,stl10,0.0006000000000000001,rbf,alexnet.npz,10000.0,1.0,0.762875,0.7000000000000001,31.480029582977295,0.7966,1.0
0.0,stl10,0.0006000000000000001,rbf,alexnet.npz,10000.0,1.0,0.751625,0.7000000000000001,31.480029582977295,0.7952,1.0
100.0,stl10,0.0006000000000000001,rbf,alexnet.npz,10000.0,0.1,0.750375,0.7000000000000001,36.09341073036194,0.7416,1.0
10.0,stl10,0.0006000000000000001,rbf,alexnet.npz,10000.0,0.1,0.7525,0.7000000000000001,36.09341073036194,0.744,1.0
1.0,stl10,0.0006000000000000001,rbf,alexnet.npz,10000.0,0.1,0.769625,0.7000000000000001,36.09341073036194,0.7496,1.0
0.1,stl10,0.0006000000000000001,rbf,alexnet.npz,10000.0,0.1,0.816,0.7000000000000001,36.09341073036194,0.79,1.0
0.01,stl10,0.0006000000000000001,rbf,alexnet.npz,10000.0,0.1,0.848,0.7000000000000001,36.09341073036194,0.825,1.0
0.0,stl10,0.0006000000000000001,rbf,alexnet.npz,10000.0,0.1,0.751625,0.7000000000000001,36.09341073036194,0.7952,1.0
100.0,stl10,0.0006000000000000001,rbf,alexnet.npz,10000.0,0.01,0.750375,0.7000000000000001,35.96827149391174,0.7414,2.0
10.0,stl10,0.0006000000000000001,rbf,alexnet.npz,10000.0,0.01,0.750375,0.7000000000000001,35.96827149391174,0.7414,2.0
1.0,stl10,0.0006000000000000001,rbf,alexnet.npz,10000.0,0.01,0.750375,0.7000000000000001,35.96827149391174,0.7416,2.0
0.1,stl10,0.0006000000000000001,rbf,alexnet.npz,10000.0,0.01,0.7525,0.7000000000000001,35.96827149391174,0.744,2.0
0.01,stl10,0.0006000000000000001,rbf,alexnet.npz,10000.0,0.01,0.769625,0.7000000000000001,35.96827149391174,0.7496,2.0
0.0,stl10,0.0006000000000000001,rbf,alexnet.npz,10000.0,0.01,0.751625,0.7000000000000001,35.96827149391174,0.7952,2.0
100.0,stl10,0.0006000000000000001,rbf,alexnet.npz,10000.0,0.001,0.750375,0.7000000000000001,31.880674123764038,0.7414,2.0
10.0,stl10,0.0006000000000000001,rbf,alexnet.npz,10000.0,0.001,0.750375,0.7000000000000001,31.880674123764038,0.7414,2.0
1.0,stl10,0.0006000000000000001,rbf,alexnet.npz,10000.0,0.001,0.750375,0.7000000000000001,31.880674123764038,0.7414,2.0
0.1,stl10,0.0006000000000000001,rbf,alexnet.npz,10000.0,0.001,0.750375,0.7000000000000001,31.880674123764038,0.7414,2.0
0.01,stl10,0.0006000000000000001,rbf,alexnet.npz,10000.0,0.001,0.750375,0.7000000000000001,31.880674123764038,0.7416,2.0
0.0,stl10,0.0006000000000000001,rbf,alexnet.npz,10000.0,0.001,0.751625,0.7000000000000001,31.880674123764038,0.7952,2.0
100.0,stl10,0.0006000000000000001,rbf,alexnet.npz,10000.0,0.0001,0.750375,0.7000000000000001,110.88048338890076,0.7414,2.0
10.0,stl10,0.0006000000000000001,rbf,alexnet.npz,10000.0,0.0001,0.750375,0.7000000000000001,110.88048338890076,0.7414,2.0
1.0,stl10,0.0006000000000000001,rbf,alexnet.npz,10000.0,0.0001,0.750375,0.7000000000000001,110.88048338890076,0.7414,2.0
0.1,stl10,0.0006000000000000001,rbf,alexnet.npz,10000.0,0.0001,0.750375,0.7000000000000001,110.88048338890076,0.7414,2.0
0.01,stl10,0.0006000000000000001,rbf,alexnet.npz,10000.0,0.0001,0.750375,0.7000000000000001,110.88048338890076,0.7414,2.0
0.0,stl10,0.0006000000000000001,rbf,alexnet.npz,10000.0,0.0001,0.751625,0.7000000000000001,110.88048338890076,0.7952,2.0
100.0,stl10,0.0006000000000000001,rbf,alexnet.npz,10000.0,1e-05,0.750375,0.7000000000000001,107.2581856250763,0.7414,2.0
10.0,stl10,0.0006000000000000001,rbf,alexnet.npz,10000.0,1e-05,0.750375,0.7000000000000001,107.2581856250763,0.7414,2.0
1.0,stl10,0.0006000000000000001,rbf,alexnet.npz,10000.0,1e-05,0.750375,0.7000000000000001,107.2581856250763,0.7414,2.0
0.1,stl10,0.0006000000000000001,rbf,alexnet.npz,10000.0,1e-05,0.750375,0.7000000000000001,107.2581856250763,0.7414,2.0
0.01,stl10,0.0006000000000000001,rbf,alexnet.npz,10000.0,1e-05,0.750375,0.7000000000000001,107.2581856250763,0.7414,2.0
0.0,stl10,0.0006000000000000001,rbf,alexnet.npz,10000.0,1e-05,0.751625,0.7000000000000001,107.2581856250763,0.7952,2.0
100.0,stl10,0.0007000000000000001,rbf,alexnet.npz,10000.0,1.0,0.766875,0.7000000000000001,78.01697540283203,0.7494,1.0
10.0,stl10,0.0007000000000000001,rbf,alexnet.npz,10000.0,1.0,0.812625,0.7000000000000001,78.01697540283203,0.786,1.0
1.0,stl10,0.0007000000000000001,rbf,alexnet.npz,10000.0,1.0,0.841375,0.7000000000000001,78.01697540283203,0.8158,1.0
0.1,stl10,0.0007000000000000001,rbf,alexnet.npz,10000.0,1.0,0.7945,0.7000000000000001,78.01697540283203,0.8056,1.0
0.01,stl10,0.0007000000000000001,rbf,alexnet.npz,10000.0,1.0,0.752125,0.7000000000000001,78.01697540283203,0.7912,1.0
0.0,stl10,0.0007000000000000001,rbf,alexnet.npz,10000.0,1.0,0.741125,0.7000000000000001,78.01697540283203,0.7894,1.0
100.0,stl10,0.0007000000000000001,rbf,alexnet.npz,10000.0,0.1,0.7495,0.7000000000000001,73.51927900314331,0.7424,1.0
10.0,stl10,0.0007000000000000001,rbf,alexnet.npz,10000.0,0.1,0.751375,0.7000000000000001,73.51927900314331,0.7428,1.0
1.0,stl10,0.0007000000000000001,rbf,alexnet.npz,10000.0,0.1,0.766875,0.7000000000000001,73.51927900314331,0.7494,1.0
0.1,stl10,0.0007000000000000001,rbf,alexnet.npz,10000.0,0.1,0.812625,0.7000000000000001,73.51927900314331,0.786,1.0
0.01,stl10,0.0007000000000000001,rbf,alexnet.npz,10000.0,0.1,0.841375,0.7000000000000001,73.51927900314331,0.8158,1.0
0.0,stl10,0.0007000000000000001,rbf,alexnet.npz,10000.0,0.1,0.741125,0.7000000000000001,73.51927900314331,0.7894,1.0
100.0,stl10,0.0007000000000000001,rbf,alexnet.npz,10000.0,0.01,0.749625,0.7000000000000001,103.94467520713806,0.7422,2.0
10.0,stl10,0.0007000000000000001,rbf,alexnet.npz,10000.0,0.01,0.749625,0.7000000000000001,103.94467520713806,0.7422,2.0
1.0,stl10,0.0007000000000000001,rbf,alexnet.npz,10000.0,0.01,0.7495,0.7000000000000001,103.94467520713806,0.7424,2.0
0.1,stl10,0.0007000000000000001,rbf,alexnet.npz,10000.0,0.01,0.751375,0.7000000000000001,103.94467520713806,0.7428,2.0
0.01,stl10,0.0007000000000000001,rbf,alexnet.npz,10000.0,0.01,0.766875,0.7000000000000001,103.94467520713806,0.7494,2.0
0.0,stl10,0.0007000000000000001,rbf,alexnet.npz,10000.0,0.01,0.741125,0.7000000000000001,103.94467520713806,0.7894,2.0
100.0,stl10,0.0007000000000000001,rbf,alexnet.npz,10000.0,0.001,0.749625,0.7000000000000001,113.5497260093689,0.7422,2.0
10.0,stl10,0.0007000000000000001,rbf,alexnet.npz,10000.0,0.001,0.749625,0.7000000000000001,113.5497260093689,0.7422,2.0
1.0,stl10,0.0007000000000000001,rbf,alexnet.npz,10000.0,0.001,0.749625,0.7000000000000001,113.5497260093689,0.7422,2.0
0.1,stl10,0.0007000000000000001,rbf,alexnet.npz,10000.0,0.001,0.749625,0.7000000000000001,113.5497260093689,0.7422,2.0
0.01,stl10,0.0007000000000000001,rbf,alexnet.npz,10000.0,0.001,0.7495,0.7000000000000001,113.5497260093689,0.7424,2.0
0.0,stl10,0.0007000000000000001,rbf,alexnet.npz,10000.0,0.001,0.741125,0.7000000000000001,113.5497260093689,0.7894,2.0
100.0,stl10,0.0007000000000000001,rbf,alexnet.npz,10000.0,0.0001,0.749625,0.7000000000000001,111.72695136070251,0.7422,2.0
10.0,stl10,0.0007000000000000001,rbf,alexnet.npz,10000.0,0.0001,0.749625,0.7000000000000001,111.72695136070251,0.7422,2.0
1.0,stl10,0.0007000000000000001,rbf,alexnet.npz,10000.0,0.0001,0.749625,0.7000000000000001,111.72695136070251,0.7422,2.0
0.1,stl10,0.0007000000000000001,rbf,alexnet.npz,10000.0,0.0001,0.749625,0.7000000000000001,111.72695136070251,0.7422,2.0
0.01,stl10,0.0007000000000000001,rbf,alexnet.npz,10000.0,0.0001,0.749625,0.7000000000000001,111.72695136070251,0.7422,2.0
0.0,stl10,0.0007000000000000001,rbf,alexnet.npz,10000.0,0.0001,0.741125,0.7000000000000001,111.72695136070251,0.7894,2.0
100.0,stl10,0.0007000000000000001,rbf,alexnet.npz,10000.0,1e-05,0.749625,0.7000000000000001,102.72327899932861,0.7422,2.0
10.0,stl10,0.0007000000000000001,rbf,alexnet.npz,10000.0,1e-05,0.749625,0.7000000000000001,102.72327899932861,0.7422,2.0
1.0,stl10,0.0007000000000000001,rbf,alexnet.npz,10000.0,1e-05,0.749625,0.7000000000000001,102.72327899932861,0.7422,2.0
0.1,stl10,0.0007000000000000001,rbf,alexnet.npz,10000.0,1e-05,0.749625,0.7000000000000001,102.72327899932861,0.7422,2.0
0.01,stl10,0.0007000000000000001,rbf,alexnet.npz,10000.0,1e-05,0.749625,0.7000000000000001,102.72327899932861,0.7422,2.0
0.0,stl10,0.0007000000000000001,rbf,alexnet.npz,10000.0,1e-05,0.741125,0.7000000000000001,102.72327899932861,0.7894,2.0
100.0,stl10,0.0008,rbf,alexnet.npz,10000.0,1.0,0.763875,0.7000000000000001,36.23842430114746,0.7482,1.0
10.0,stl10,0.0008,rbf,alexnet.npz,10000.0,1.0,0.804125,0.7000000000000001,36.23842430114746,0.7796,1.0
1.0,stl10,0.0008,rbf,alexnet.npz,10000.0,1.0,0.8305,0.7000000000000001,36.23842430114746,0.8102,1.0
0.1,stl10,0.0008,rbf,alexnet.npz,10000.0,1.0,0.783,0.7000000000000001,36.23842430114746,0.7932,1.0
0.01,stl10,0.0008,rbf,alexnet.npz,10000.0,1.0,0.737625,0.7000000000000001,36.23842430114746,0.7806,1.0
0.0,stl10,0.0008,rbf,alexnet.npz,10000.0,1.0,0.726125,0.7000000000000001,36.23842430114746,0.7784,1.0
100.0,stl10,0.0008,rbf,alexnet.npz,10000.0,0.1,0.747375,0.7000000000000001,38.10084652900696,0.7414,1.0
10.0,stl10,0.0008,rbf,alexnet.npz,10000.0,0.1,0.749125,0.7000000000000001,38.10084652900696,0.7426,1.0
1.0,stl10,0.0008,rbf,alexnet.npz,10000.0,0.1,0.763875,0.7000000000000001,38.10084652900696,0.7482,1.0
0.1,stl10,0.0008,rbf,alexnet.npz,10000.0,0.1,0.804125,0.7000000000000001,38.10084652900696,0.7796,1.0
0.01,stl10,0.0008,rbf,alexnet.npz,10000.0,0.1,0.8305,0.7000000000000001,38.10084652900696,0.8102,1.0
0.0,stl10,0.0008,rbf,alexnet.npz,10000.0,0.1,0.726125,0.7000000000000001,38.10084652900696,0.7784,1.0
100.0,stl10,0.0008,rbf,alexnet.npz,10000.0,0.01,0.74725,0.7000000000000001,35.99498724937439,0.7414,2.0
10.0,stl10,0.0008,rbf,alexnet.npz,10000.0,0.01,0.74725,0.7000000000000001,35.99498724937439,0.7414,2.0
1.0,stl10,0.0008,rbf,alexnet.npz,10000.0,0.01,0.747375,0.7000000000000001,35.99498724937439,0.7414,2.0
0.1,stl10,0.0008,rbf,alexnet.npz,10000.0,0.01,0.749125,0.7000000000000001,35.99498724937439,0.7426,2.0
0.01,stl10,0.0008,rbf,alexnet.npz,10000.0,0.01,0.763875,0.7000000000000001,35.99498724937439,0.7482,2.0
0.0,stl10,0.0008,rbf,alexnet.npz,10000.0,0.01,0.726125,0.7000000000000001,35.99498724937439,0.7784,2.0
100.0,stl10,0.0008,rbf,alexnet.npz,10000.0,0.001,0.74725,0.7000000000000001,114.49988651275635,0.7414,2.0
10.0,stl10,0.0008,rbf,alexnet.npz,10000.0,0.001,0.74725,0.7000000000000001,114.49988651275635,0.7414,2.0
1.0,stl10,0.0008,rbf,alexnet.npz,10000.0,0.001,0.74725,0.7000000000000001,114.49988651275635,0.7414,2.0
0.1,stl10,0.0008,rbf,alexnet.npz,10000.0,0.001,0.74725,0.7000000000000001,114.49988651275635,0.7414,2.0
0.01,stl10,0.0008,rbf,alexnet.npz,10000.0,0.001,0.747375,0.7000000000000001,114.49988651275635,0.7414,2.0
0.0,stl10,0.0008,rbf,alexnet.npz,10000.0,0.001,0.726125,0.7000000000000001,114.49988651275635,0.7784,2.0
100.0,stl10,0.0008,rbf,alexnet.npz,10000.0,0.0001,0.74725,0.7000000000000001,108.20196008682251,0.7414,2.0
10.0,stl10,0.0008,rbf,alexnet.npz,10000.0,0.0001,0.74725,0.7000000000000001,108.20196008682251,0.7414,2.0
1.0,stl10,0.0008,rbf,alexnet.npz,10000.0,0.0001,0.74725,0.7000000000000001,108.20196008682251,0.7414,2.0
0.1,stl10,0.0008,rbf,alexnet.npz,10000.0,0.0001,0.74725,0.7000000000000001,108.20196008682251,0.7414,2.0
0.01,stl10,0.0008,rbf,alexnet.npz,10000.0,0.0001,0.74725,0.7000000000000001,108.20196008682251,0.7414,2.0
0.0,stl10,0.0008,rbf,alexnet.npz,10000.0,0.0001,0.726125,0.7000000000000001,108.20196008682251,0.7784,2.0
100.0,stl10,0.0008,rbf,alexnet.npz,10000.0,1e-05,0.74725,0.7000000000000001,106.48448586463928,0.7414,2.0
10.0,stl10,0.0008,rbf,alexnet.npz,10000.0,1e-05,0.74725,0.7000000000000001,106.48448586463928,0.7414,2.0
1.0,stl10,0.0008,rbf,alexnet.npz,10000.0,1e-05,0.74725,0.7000000000000001,106.48448586463928,0.7414,2.0
0.1,stl10,0.0008,rbf,alexnet.npz,10000.0,1e-05,0.74725,0.7000000000000001,106.48448586463928,0.7414,2.0
0.01,stl10,0.0008,rbf,alexnet.npz,10000.0,1e-05,0.74725,0.7000000000000001,106.48448586463928,0.7414,2.0
0.0,stl10,0.0008,rbf,alexnet.npz,10000.0,1e-05,0.726125,0.7000000000000001,106.48448586463928,0.7784,2.0
100.0,stl10,0.0009000000000000001,rbf,alexnet.npz,10000.0,1.0,0.76025,0.7000000000000001,45.32326936721802,0.7466,1.0
10.0,stl10,0.0009000000000000001,rbf,alexnet.npz,10000.0,1.0,0.79575,0.7000000000000001,45.32326936721802,0.7734,1.0
1.0,stl10,0.0009000000000000001,rbf,alexnet.npz,10000.0,1.0,0.8185,0.7000000000000001,45.32326936721802,0.7994,1.0
0.1,stl10,0.0009000000000000001,rbf,alexnet.npz,10000.0,1.0,0.76425,0.7000000000000001,45.32326936721802,0.7794,1.0
0.01,stl10,0.0009000000000000001,rbf,alexnet.npz,10000.0,1.0,0.719625,0.7000000000000001,45.32326936721802,0.7652,1.0
0.0,stl10,0.0009000000000000001,rbf,alexnet.npz,10000.0,1.0,0.710625,0.7000000000000001,45.32326936721802,0.7638,1.0
100.0,stl10,0.0009000000000000001,rbf,alexnet.npz,10000.0,0.1,0.74625,0.7000000000000001,75.3968493938446,0.7404,1.0
10.0,stl10,0.0009000000000000001,rbf,alexnet.npz,10000.0,0.1,0.748125,0.7000000000000001,75.3968493938446,0.7408,1.0
1.0,stl10,0.0009000000000000001,rbf,alexnet.npz,10000.0,0.1,0.76025,0.7000000000000001,75.3968493938446,0.7466,1.0
0.1,stl10,0.0009000000000000001,rbf,alexnet.npz,10000.0,0.1,0.79575,0.7000000000000001,75.3968493938446,0.7734,1.0
0.01,stl10,0.0009000000000000001,rbf,alexnet.npz,10000.0,0.1,0.8185,0.7000000000000001,75.3968493938446,0.7994,1.0
0.0,stl10,0.0009000000000000001,rbf,alexnet.npz,10000.0,0.1,0.710625,0.7000000000000001,75.3968493938446,0.7638,1.0
100.0,stl10,0.0009000000000000001,rbf,alexnet.npz,10000.0,0.01,0.745875,0.7000000000000001,35.766780614852905,0.7406,2.0
10.0,stl10,0.0009000000000000001,rbf,alexnet.npz,10000.0,0.01,0.745875,0.7000000000000001,35.766780614852905,0.7406,2.0
1.0,stl10,0.0009000000000000001,rbf,alexnet.npz,10000.0,0.01,0.74625,0.7000000000000001,35.766780614852905,0.7404,2.0
0.1,stl10,0.0009000000000000001,rbf,alexnet.npz,10000.0,0.01,0.748125,0.7000000000000001,35.766780614852905,0.7408,2.0
0.01,stl10,0.0009000000000000001,rbf,alexnet.npz,10000.0,0.01,0.76025,0.7000000000000001,35.766780614852905,0.7466,2.0
0.0,stl10,0.0009000000000000001,rbf,alexnet.npz,10000.0,0.01,0.710625,0.7000000000000001,35.766780614852905,0.7638,2.0
100.0,stl10,0.0009000000000000001,rbf,alexnet.npz,10000.0,0.001,0.745875,0.7000000000000001,35.1322808265686,0.7406,2.0
10.0,stl10,0.0009000000000000001,rbf,alexnet.npz,10000.0,0.001,0.745875,0.7000000000000001,35.1322808265686,0.7406,2.0
1.0,stl10,0.0009000000000000001,rbf,alexnet.npz,10000.0,0.001,0.745875,0.7000000000000001,35.1322808265686,0.7406,2.0
0.1,stl10,0.0009000000000000001,rbf,alexnet.npz,10000.0,0.001,0.745875,0.7000000000000001,35.1322808265686,0.7406,2.0
0.01,stl10,0.0009000000000000001,rbf,alexnet.npz,10000.0,0.001,0.74625,0.7000000000000001,35.1322808265686,0.7404,2.0
0.0,stl10,0.0009000000000000001,rbf,alexnet.npz,10000.0,0.001,0.710625,0.7000000000000001,35.1322808265686,0.7638,2.0
100.0,stl10,0.0009000000000000001,rbf,alexnet.npz,10000.0,0.0001,0.745875,0.7000000000000001,30.58797860145569,0.7406,2.0
10.0,stl10,0.0009000000000000001,rbf,alexnet.npz,10000.0,0.0001,0.745875,0.7000000000000001,30.58797860145569,0.7406,2.0
1.0,stl10,0.0009000000000000001,rbf,alexnet.npz,10000.0,0.0001,0.745875,0.7000000000000001,30.58797860145569,0.7406,2.0
0.1,stl10,0.0009000000000000001,rbf,alexnet.npz,10000.0,0.0001,0.745875,0.7000000000000001,30.58797860145569,0.7406,2.0
0.01,stl10,0.0009000000000000001,rbf,alexnet.npz,10000.0,0.0001,0.745875,0.7000000000000001,30.58797860145569,0.7406,2.0
0.0,stl10,0.0009000000000000001,rbf,alexnet.npz,10000.0,0.0001,0.710625,0.7000000000000001,30.58797860145569,0.7638,2.0
100.0,stl10,0.0009000000000000001,rbf,alexnet.npz,10000.0,1e-05,0.745875,0.7000000000000001,37.33782696723938,0.7406,2.0
10.0,stl10,0.0009000000000000001,rbf,alexnet.npz,10000.0,1e-05,0.745875,0.7000000000000001,37.33782696723938,0.7406,2.0
1.0,stl10,0.0009000000000000001,rbf,alexnet.npz,10000.0,1e-05,0.745875,0.7000000000000001,37.33782696723938,0.7406,2.0
0.1,stl10,0.0009000000000000001,rbf,alexnet.npz,10000.0,1e-05,0.745875,0.7000000000000001,37.33782696723938,0.7406,2.0
0.01,stl10,0.0009000000000000001,rbf,alexnet.npz,10000.0,1e-05,0.745875,0.7000000000000001,37.33782696723938,0.7406,2.0
0.0,stl10,0.0009000000000000001,rbf,alexnet.npz,10000.0,1e-05,0.710625,0.7000000000000001,37.33782696723938,0.7638,2.0
100.0,stl10,10.0,rbf,vgg16_bn.npz,10000.0,1.0,0.09975,0.6000000000000001,37.314085721969604,0.0982,1.0
10.0,stl10,10.0,rbf,vgg16_bn.npz,10000.0,1.0,0.09975,0.6000000000000001,37.314085721969604,0.0978,1.0
1.0,stl10,10.0,rbf,vgg16_bn.npz,10000.0,1.0,0.102875,0.6000000000000001,37.314085721969604,0.1006,1.0
0.1,stl10,10.0,rbf,vgg16_bn.npz,10000.0,1.0,0.10025,0.6000000000000001,37.314085721969604,0.0994,1.0
0.01,stl10,10.0,rbf,vgg16_bn.npz,10000.0,1.0,0.101875,0.6000000000000001,37.314085721969604,0.1004,1.0
0.0,stl10,10.0,rbf,vgg16_bn.npz,10000.0,1.0,0.102625,0.6000000000000001,37.314085721969604,0.1004,1.0
100.0,stl10,10.0,rbf,vgg16_bn.npz,10000.0,0.1,0.09975,0.6000000000000001,31.252106189727783,0.0958,1.0
10.0,stl10,10.0,rbf,vgg16_bn.npz,10000.0,0.1,0.099625,0.6000000000000001,31.252106189727783,0.0964,1.0
1.0,stl10,10.0,rbf,vgg16_bn.npz,10000.0,0.1,0.09975,0.6000000000000001,31.252106189727783,0.0982,1.0
0.1,stl10,10.0,rbf,vgg16_bn.npz,10000.0,0.1,0.09975,0.6000000000000001,31.252106189727783,0.0978,1.0
0.01,stl10,10.0,rbf,vgg16_bn.npz,10000.0,0.1,0.102875,0.6000000000000001,31.252106189727783,0.1006,1.0
0.0,stl10,10.0,rbf,vgg16_bn.npz,10000.0,0.1,0.102625,0.6000000000000001,31.252106189727783,0.1004,1.0
100.0,stl10,10.0,rbf,vgg16_bn.npz,10000.0,0.01,0.09975,0.6000000000000001,35.44306945800781,0.0958,2.0
10.0,stl10,10.0,rbf,vgg16_bn.npz,10000.0,0.01,0.09975,0.6000000000000001,35.44306945800781,0.0958,2.0
1.0,stl10,10.0,rbf,vgg16_bn.npz,10000.0,0.01,0.09975,0.6000000000000001,35.44306945800781,0.0958,2.0
0.1,stl10,10.0,rbf,vgg16_bn.npz,10000.0,0.01,0.099625,0.6000000000000001,35.44306945800781,0.0964,2.0
0.01,stl10,10.0,rbf,vgg16_bn.npz,10000.0,0.01,0.09975,0.6000000000000001,35.44306945800781,0.0982,2.0
0.0,stl10,10.0,rbf,vgg16_bn.npz,10000.0,0.01,0.102625,0.6000000000000001,35.44306945800781,0.1004,2.0
100.0,stl10,10.0,rbf,vgg16_bn.npz,10000.0,0.001,0.09975,0.6000000000000001,34.793333292007446,0.0958,2.0
10.0,stl10,10.0,rbf,vgg16_bn.npz,10000.0,0.001,0.09975,0.6000000000000001,34.793333292007446,0.0958,2.0
1.0,stl10,10.0,rbf,vgg16_bn.npz,10000.0,0.001,0.09975,0.6000000000000001,34.793333292007446,0.0958,2.0
0.1,stl10,10.0,rbf,vgg16_bn.npz,10000.0,0.001,0.09975,0.6000000000000001,34.793333292007446,0.0958,2.0
0.01,stl10,10.0,rbf,vgg16_bn.npz,10000.0,0.001,0.09975,0.6000000000000001,34.793333292007446,0.0958,2.0
0.0,stl10,10.0,rbf,vgg16_bn.npz,10000.0,0.001,0.102625,0.6000000000000001,34.793333292007446,0.1004,2.0
100.0,stl10,10.0,rbf,vgg16_bn.npz,10000.0,0.0001,0.09975,0.6000000000000001,119.35347700119019,0.0958,2.0
10.0,stl10,10.0,rbf,vgg16_bn.npz,10000.0,0.0001,0.09975,0.6000000000000001,119.35347700119019,0.0958,2.0
1.0,stl10,10.0,rbf,vgg16_bn.npz,10000.0,0.0001,0.09975,0.6000000000000001,119.35347700119019,0.0958,2.0
0.1,stl10,10.0,rbf,vgg16_bn.npz,10000.0,0.0001,0.09975,0.6000000000000001,119.35347700119019,0.0958,2.0
0.01,stl10,10.0,rbf,vgg16_bn.npz,10000.0,0.0001,0.09975,0.6000000000000001,119.35347700119019,0.0958,2.0
0.0,stl10,10.0,rbf,vgg16_bn.npz,10000.0,0.0001,0.102625,0.6000000000000001,119.35347700119019,0.1004,2.0
100.0,stl10,10.0,rbf,vgg16_bn.npz,10000.0,1e-05,0.09975,0.6000000000000001,36.585832834243774,0.096,2.0
10.0,stl10,10.0,rbf,vgg16_bn.npz,10000.0,1e-05,0.09975,0.6000000000000001,36.585832834243774,0.0958,2.0
1.0,stl10,10.0,rbf,vgg16_bn.npz,10000.0,1e-05,0.09975,0.6000000000000001,36.585832834243774,0.0958,2.0
0.1,stl10,10.0,rbf,vgg16_bn.npz,10000.0,1e-05,0.09975,0.6000000000000001,36.585832834243774,0.0958,2.0
0.01,stl10,10.0,rbf,vgg16_bn.npz,10000.0,1e-05,0.09975,0.6000000000000001,36.585832834243774,0.0958,2.0
0.0,stl10,10.0,rbf,vgg16_bn.npz,10000.0,1e-05,0.102625,0.6000000000000001,36.585832834243774,0.1004,2.0
100.0,stl10,20.0,rbf,vgg16_bn.npz,10000.0,1.0,0.096,0.6000000000000001,31.960625410079956,0.1026,1.0
10.0,stl10,20.0,rbf,vgg16_bn.npz,10000.0,1.0,0.09375,0.6000000000000001,31.960625410079956,0.1018,1.0
1.0,stl10,20.0,rbf,vgg16_bn.npz,10000.0,1.0,0.09475,0.6000000000000001,31.960625410079956,0.0978,1.0
0.1,stl10,20.0,rbf,vgg16_bn.npz,10000.0,1.0,0.09725,0.6000000000000001,31.960625410079956,0.1014,1.0
0.01,stl10,20.0,rbf,vgg16_bn.npz,10000.0,1.0,0.098625,0.6000000000000001,31.960625410079956,0.1022,1.0
0.0,stl10,20.0,rbf,vgg16_bn.npz,10000.0,1.0,0.099125,0.6000000000000001,31.960625410079956,0.1022,1.0
100.0,stl10,20.0,rbf,vgg16_bn.npz,10000.0,0.1,0.096125,0.6000000000000001,36.897258043289185,0.1022,1.0
10.0,stl10,20.0,rbf,vgg16_bn.npz,10000.0,0.1,0.096125,0.6000000000000001,36.897258043289185,0.1022,1.0
1.0,stl10,20.0,rbf,vgg16_bn.npz,10000.0,0.1,0.096,0.6000000000000001,36.897258043289185,0.1026,1.0
0.1,stl10,20.0,rbf,vgg16_bn.npz,10000.0,0.1,0.09375,0.6000000000000001,36.897258043289185,0.1018,1.0
0.01,stl10,20.0,rbf,vgg16_bn.npz,10000.0,0.1,0.09475,0.6000000000000001,36.897258043289185,0.0978,1.0
0.0,stl10,20.0,rbf,vgg16_bn.npz,10000.0,0.1,0.099125,0.6000000000000001,36.897258043289185,0.1022,1.0
100.0,stl10,20.0,rbf,vgg16_bn.npz,10000.0,0.01,0.096125,0.6000000000000001,36.91292667388916,0.1022,1.0
10.0,stl10,20.0,rbf,vgg16_bn.npz,10000.0,0.01,0.096125,0.6000000000000001,36.91292667388916,0.1022,1.0
1.0,stl10,20.0,rbf,vgg16_bn.npz,10000.0,0.01,0.096125,0.6000000000000001,36.91292667388916,0.1022,1.0
0.1,stl10,20.0,rbf,vgg16_bn.npz,10000.0,0.01,0.096125,0.6000000000000001,36.91292667388916,0.1022,1.0
0.01,stl10,20.0,rbf,vgg16_bn.npz,10000.0,0.01,0.096,0.6000000000000001,36.91292667388916,0.1026,1.0
0.0,stl10,20.0,rbf,vgg16_bn.npz,10000.0,0.01,0.099125,0.6000000000000001,36.91292667388916,0.1022,1.0
100.0,stl10,20.0,rbf,vgg16_bn.npz,10000.0,0.001,0.096125,0.6000000000000001,35.332613468170166,0.1022,1.0
10.0,stl10,20.0,rbf,vgg16_bn.npz,10000.0,0.001,0.096125,0.6000000000000001,35.332613468170166,0.1022,1.0
1.0,stl10,20.0,rbf,vgg16_bn.npz,10000.0,0.001,0.096125,0.6000000000000001,35.332613468170166,0.1022,1.0
0.1,stl10,20.0,rbf,vgg16_bn.npz,10000.0,0.001,0.096125,0.6000000000000001,35.332613468170166,0.1022,1.0
0.01,stl10,20.0,rbf,vgg16_bn.npz,10000.0,0.001,0.096125,0.6000000000000001,35.332613468170166,0.1022,1.0
0.0,stl10,20.0,rbf,vgg16_bn.npz,10000.0,0.001,0.099125,0.6000000000000001,35.332613468170166,0.1022,1.0
100.0,stl10,20.0,rbf,vgg16_bn.npz,10000.0,0.0001,0.096125,0.6000000000000001,78.01828646659851,0.1022,1.0
10.0,stl10,20.0,rbf,vgg16_bn.npz,10000.0,0.0001,0.096125,0.6000000000000001,78.01828646659851,0.1022,1.0
1.0,stl10,20.0,rbf,vgg16_bn.npz,10000.0,0.0001,0.096125,0.6000000000000001,78.01828646659851,0.1022,1.0
0.1,stl10,20.0,rbf,vgg16_bn.npz,10000.0,0.0001,0.096125,0.6000000000000001,78.01828646659851,0.1022,1.0
0.01,stl10,20.0,rbf,vgg16_bn.npz,10000.0,0.0001,0.096125,0.6000000000000001,78.01828646659851,0.1022,1.0
0.0,stl10,20.0,rbf,vgg16_bn.npz,10000.0,0.0001,0.099125,0.6000000000000001,78.01828646659851,0.1022,1.0
100.0,stl10,20.0,rbf,vgg16_bn.npz,10000.0,1e-05,0.096125,0.6000000000000001,70.26248717308044,0.1022,1.0
10.0,stl10,20.0,rbf,vgg16_bn.npz,10000.0,1e-05,0.096125,0.6000000000000001,70.26248717308044,0.1022,1.0
1.0,stl10,20.0,rbf,vgg16_bn.npz,10000.0,1e-05,0.096125,0.6000000000000001,70.26248717308044,0.1022,1.0
0.1,stl10,20.0,rbf,vgg16_bn.npz,10000.0,1e-05,0.096125,0.6000000000000001,70.26248717308044,0.1022,1.0
0.01,stl10,20.0,rbf,vgg16_bn.npz,10000.0,1e-05,0.096125,0.6000000000000001,70.26248717308044,0.1022,1.0
0.0,stl10,20.0,rbf,vgg16_bn.npz,10000.0,1e-05,0.099125,0.6000000000000001,70.26248717308044,0.1022,1.0
100.0,stl10,30.0,rbf,vgg16_bn.npz,10000.0,1.0,0.100625,0.6000000000000001,73.56393432617188,0.106,1.0
10.0,stl10,30.0,rbf,vgg16_bn.npz,10000.0,1.0,0.09975,0.6000000000000001,73.56393432617188,0.1058,1.0
1.0,stl10,30.0,rbf,vgg16_bn.npz,10000.0,1.0,0.099625,0.6000000000000001,73.56393432617188,0.107,1.0
0.1,stl10,30.0,rbf,vgg16_bn.npz,10000.0,1.0,0.1025,0.6000000000000001,73.56393432617188,0.0978,1.0
0.01,stl10,30.0,rbf,vgg16_bn.npz,10000.0,1.0,0.10025,0.6000000000000001,73.56393432617188,0.1004,1.0
0.0,stl10,30.0,rbf,vgg16_bn.npz,10000.0,1.0,0.099625,0.6000000000000001,73.56393432617188,0.1,1.0
100.0,stl10,30.0,rbf,vgg16_bn.npz,10000.0,0.1,0.10025,0.6000000000000001,37.79113721847534,0.106,1.0
10.0,stl10,30.0,rbf,vgg16_bn.npz,10000.0,0.1,0.100375,0.6000000000000001,37.79113721847534,0.106,1.0
1.0,stl10,30.0,rbf,vgg16_bn.npz,10000.0,0.1,0.100625,0.6000000000000001,37.79113721847534,0.106,1.0
0.1,stl10,30.0,rbf,vgg16_bn.npz,10000.0,0.1,0.09975,0.6000000000000001,37.79113721847534,0.1058,1.0
0.01,stl10,30.0,rbf,vgg16_bn.npz,10000.0,0.1,0.099625,0.6000000000000001,37.79113721847534,0.107,1.0
0.0,stl10,30.0,rbf,vgg16_bn.npz,10000.0,0.1,0.099625,0.6000000000000001,37.79113721847534,0.1,1.0
100.0,stl10,30.0,rbf,vgg16_bn.npz,10000.0,0.01,0.10025,0.6000000000000001,70.06268787384033,0.106,1.0
10.0,stl10,30.0,rbf,vgg16_bn.npz,10000.0,0.01,0.10025,0.6000000000000001,70.06268787384033,0.106,1.0
1.0,stl10,30.0,rbf,vgg16_bn.npz,10000.0,0.01,0.10025,0.6000000000000001,70.06268787384033,0.106,1.0
0.1,stl10,30.0,rbf,vgg16_bn.npz,10000.0,0.01,0.100375,0.6000000000000001,70.06268787384033,0.106,1.0
0.01,stl10,30.0,rbf,vgg16_bn.npz,10000.0,0.01,0.100625,0.6000000000000001,70.06268787384033,0.106,1.0
0.0,stl10,30.0,rbf,vgg16_bn.npz,10000.0,0.01,0.099625,0.6000000000000001,70.06268787384033,0.1,1.0
100.0,stl10,30.0,rbf,vgg16_bn.npz,10000.0,0.001,0.10025,0.6000000000000001,44.39237904548645,0.106,1.0
10.0,stl10,30.0,rbf,vgg16_bn.npz,10000.0,0.001,0.10025,0.6000000000000001,44.39237904548645,0.106,1.0
1.0,stl10,30.0,rbf,vgg16_bn.npz,10000.0,0.001,0.10025,0.6000000000000001,44.39237904548645,0.106,1.0
0.1,stl10,30.0,rbf,vgg16_bn.npz,10000.0,0.001,0.10025,0.6000000000000001,44.39237904548645,0.106,1.0
0.01,stl10,30.0,rbf,vgg16_bn.npz,10000.0,0.001,0.10025,0.6000000000000001,44.39237904548645,0.106,1.0
0.0,stl10,30.0,rbf,vgg16_bn.npz,10000.0,0.001,0.099625,0.6000000000000001,44.39237904548645,0.1,1.0
100.0,stl10,30.0,rbf,vgg16_bn.npz,10000.0,0.0001,0.10025,0.6000000000000001,72.83332681655884,0.106,1.0
10.0,stl10,30.0,rbf,vgg16_bn.npz,10000.0,0.0001,0.10025,0.6000000000000001,72.83332681655884,0.106,1.0
1.0,stl10,30.0,rbf,vgg16_bn.npz,10000.0,0.0001,0.10025,0.6000000000000001,72.83332681655884,0.106,1.0
0.1,stl10,30.0,rbf,vgg16_bn.npz,10000.0,0.0001,0.10025,0.6000000000000001,72.83332681655884,0.106,1.0
0.01,stl10,30.0,rbf,vgg16_bn.npz,10000.0,0.0001,0.10025,0.6000000000000001,72.83332681655884,0.106,1.0
0.0,stl10,30.0,rbf,vgg16_bn.npz,10000.0,0.0001,0.099625,0.6000000000000001,72.83332681655884,0.1,1.0
100.0,stl10,30.0,rbf,vgg16_bn.npz,10000.0,1e-05,0.10025,0.6000000000000001,79.53037118911743,0.106,1.0
10.0,stl10,30.0,rbf,vgg16_bn.npz,10000.0,1e-05,0.10025,0.6000000000000001,79.53037118911743,0.106,1.0
1.0,stl10,30.0,rbf,vgg16_bn.npz,10000.0,1e-05,0.10025,0.6000000000000001,79.53037118911743,0.106,1.0
0.1,stl10,30.0,rbf,vgg16_bn.npz,10000.0,1e-05,0.10025,0.6000000000000001,79.53037118911743,0.106,1.0
0.01,stl10,30.0,rbf,vgg16_bn.npz,10000.0,1e-05,0.10025,0.6000000000000001,79.53037118911743,0.106,1.0
0.0,stl10,30.0,rbf,vgg16_bn.npz,10000.0,1e-05,0.099625,0.6000000000000001,79.53037118911743,0.1,1.0
100.0,stl10,40.0,rbf,vgg16_bn.npz,10000.0,1.0,0.102625,0.6000000000000001,109.48326635360718,0.0936,2.0
10.0,stl10,40.0,rbf,vgg16_bn.npz,10000.0,1.0,0.103875,0.6000000000000001,109.48326635360718,0.0952,2.0
1.0,stl10,40.0,rbf,vgg16_bn.npz,10000.0,1.0,0.099875,0.6000000000000001,109.48326635360718,0.0954,2.0
0.1,stl10,40.0,rbf,vgg16_bn.npz,10000.0,1.0,0.09775,0.6000000000000001,109.48326635360718,0.094,2.0
0.01,stl10,40.0,rbf,vgg16_bn.npz,10000.0,1.0,0.097125,0.6000000000000001,109.48326635360718,0.0966,2.0
0.0,stl10,40.0,rbf,vgg16_bn.npz,10000.0,1.0,0.09725,0.6000000000000001,109.48326635360718,0.097,2.0
100.0,stl10,40.0,rbf,vgg16_bn.npz,10000.0,0.1,0.102625,0.6000000000000001,110.15159559249878,0.0938,2.0
10.0,stl10,40.0,rbf,vgg16_bn.npz,10000.0,0.1,0.102375,0.6000000000000001,110.15159559249878,0.0938,2.0
1.0,stl10,40.0,rbf,vgg16_bn.npz,10000.0,0.1,0.102625,0.6000000000000001,110.15159559249878,0.0936,2.0
0.1,stl10,40.0,rbf,vgg16_bn.npz,10000.0,0.1,0.103875,0.6000000000000001,110.15159559249878,0.0952,2.0
0.01,stl10,40.0,rbf,vgg16_bn.npz,10000.0,0.1,0.099875,0.6000000000000001,110.15159559249878,0.0954,2.0
0.0,stl10,40.0,rbf,vgg16_bn.npz,10000.0,0.1,0.09725,0.6000000000000001,110.15159559249878,0.097,2.0
100.0,stl10,40.0,rbf,vgg16_bn.npz,10000.0,0.01,0.102625,0.6000000000000001,35.812809228897095,0.0938,2.0
10.0,stl10,40.0,rbf,vgg16_bn.npz,10000.0,0.01,0.102625,0.6000000000000001,35.812809228897095,0.0938,2.0
1.0,stl10,40.0,rbf,vgg16_bn.npz,10000.0,0.01,0.102625,0.6000000000000001,35.812809228897095,0.0938,2.0
0.1,stl10,40.0,rbf,vgg16_bn.npz,10000.0,0.01,0.102375,0.6000000000000001,35.812809228897095,0.0938,2.0
0.01,stl10,40.0,rbf,vgg16_bn.npz,10000.0,0.01,0.102625,0.6000000000000001,35.812809228897095,0.0936,2.0
0.0,stl10,40.0,rbf,vgg16_bn.npz,10000.0,0.01,0.09725,0.6000000000000001,35.812809228897095,0.097,2.0
100.0,stl10,40.0,rbf,vgg16_bn.npz,10000.0,0.001,0.102625,0.6000000000000001,124.86484289169312,0.0938,2.0
10.0,stl10,40.0,rbf,vgg16_bn.npz,10000.0,0.001,0.102625,0.6000000000000001,124.86484289169312,0.0938,2.0
1.0,stl10,40.0,rbf,vgg16_bn.npz,10000.0,0.001,0.102625,0.6000000000000001,124.86484289169312,0.0938,2.0
0.1,stl10,40.0,rbf,vgg16_bn.npz,10000.0,0.001,0.102625,0.6000000000000001,124.86484289169312,0.0938,2.0
0.01,stl10,40.0,rbf,vgg16_bn.npz,10000.0,0.001,0.102625,0.6000000000000001,124.86484289169312,0.0938,2.0
0.0,stl10,40.0,rbf,vgg16_bn.npz,10000.0,0.001,0.09725,0.6000000000000001,124.86484289169312,0.097,2.0
100.0,stl10,40.0,rbf,vgg16_bn.npz,10000.0,0.0001,0.102625,0.6000000000000001,107.72609329223633,0.0938,2.0
10.0,stl10,40.0,rbf,vgg16_bn.npz,10000.0,0.0001,0.102625,0.6000000000000001,107.72609329223633,0.0938,2.0
1.0,stl10,40.0,rbf,vgg16_bn.npz,10000.0,0.0001,0.102625,0.6000000000000001,107.72609329223633,0.0938,2.0
0.1,stl10,40.0,rbf,vgg16_bn.npz,10000.0,0.0001,0.102625,0.6000000000000001,107.72609329223633,0.0938,2.0
0.01,stl10,40.0,rbf,vgg16_bn.npz,10000.0,0.0001,0.102625,0.6000000000000001,107.72609329223633,0.0938,2.0
0.0,stl10,40.0,rbf,vgg16_bn.npz,10000.0,0.0001,0.09725,0.6000000000000001,107.72609329223633,0.097,2.0
100.0,stl10,40.0,rbf,vgg16_bn.npz,10000.0,1e-05,0.102625,0.6000000000000001,32.756699085235596,0.0938,2.0
10.0,stl10,40.0,rbf,vgg16_bn.npz,10000.0,1e-05,0.102625,0.6000000000000001,32.756699085235596,0.0938,2.0
1.0,stl10,40.0,rbf,vgg16_bn.npz,10000.0,1e-05,0.102625,0.6000000000000001,32.756699085235596,0.0938,2.0
0.1,stl10,40.0,rbf,vgg16_bn.npz,10000.0,1e-05,0.102625,0.6000000000000001,32.756699085235596,0.0938,2.0
0.01,stl10,40.0,rbf,vgg16_bn.npz,10000.0,1e-05,0.102625,0.6000000000000001,32.756699085235596,0.0938,2.0
0.0,stl10,40.0,rbf,vgg16_bn.npz,10000.0,1e-05,0.09725,0.6000000000000001,32.756699085235596,0.097,2.0
100.0,stl10,50.0,rbf,vgg16_bn.npz,10000.0,1.0,0.1,0.6000000000000001,36.500386476516724,0.1038,1.0
10.0,stl10,50.0,rbf,vgg16_bn.npz,10000.0,1.0,0.0995,0.6000000000000001,36.500386476516724,0.105,1.0
1.0,stl10,50.0,rbf,vgg16_bn.npz,10000.0,1.0,0.100875,0.6000000000000001,36.500386476516724,0.1038,1.0
0.1,stl10,50.0,rbf,vgg16_bn.npz,10000.0,1.0,0.102125,0.6000000000000001,36.500386476516724,0.1024,1.0
0.01,stl10,50.0,rbf,vgg16_bn.npz,10000.0,1.0,0.101875,0.6000000000000001,36.500386476516724,0.103,1.0
0.0,stl10,50.0,rbf,vgg16_bn.npz,10000.0,1.0,0.101625,0.6000000000000001,36.500386476516724,0.1034,1.0
100.0,stl10,50.0,rbf,vgg16_bn.npz,10000.0,0.1,0.100125,0.6000000000000001,32.17752814292908,0.1034,1.0
10.0,stl10,50.0,rbf,vgg16_bn.npz,10000.0,0.1,0.1,0.6000000000000001,32.17752814292908,0.1034,1.0
1.0,stl10,50.0,rbf,vgg16_bn.npz,10000.0,0.1,0.1,0.6000000000000001,32.17752814292908,0.1038,1.0
0.1,stl10,50.0,rbf,vgg16_bn.npz,10000.0,0.1,0.0995,0.6000000000000001,32.17752814292908,0.105,1.0
0.01,stl10,50.0,rbf,vgg16_bn.npz,10000.0,0.1,0.100875,0.6000000000000001,32.17752814292908,0.1038,1.0
0.0,stl10,50.0,rbf,vgg16_bn.npz,10000.0,0.1,0.101625,0.6000000000000001,32.17752814292908,0.1034,1.0
100.0,stl10,50.0,rbf,vgg16_bn.npz,10000.0,0.01,0.100125,0.6000000000000001,72.49244570732117,0.1034,1.0
10.0,stl10,50.0,rbf,vgg16_bn.npz,10000.0,0.01,0.100125,0.6000000000000001,72.49244570732117,0.1034,1.0
1.0,stl10,50.0,rbf,vgg16_bn.npz,10000.0,0.01,0.100125,0.6000000000000001,72.49244570732117,0.1034,1.0
0.1,stl10,50.0,rbf,vgg16_bn.npz,10000.0,0.01,0.1,0.6000000000000001,72.49244570732117,0.1034,1.0
0.01,stl10,50.0,rbf,vgg16_bn.npz,10000.0,0.01,0.1,0.6000000000000001,72.49244570732117,0.1038,1.0
0.0,stl10,50.0,rbf,vgg16_bn.npz,10000.0,0.01,0.101625,0.6000000000000001,72.49244570732117,0.1034,1.0
100.0,stl10,50.0,rbf,vgg16_bn.npz,10000.0,0.001,0.100125,0.6000000000000001,37.200923681259155,0.1034,1.0
10.0,stl10,50.0,rbf,vgg16_bn.npz,10000.0,0.001,0.100125,0.6000000000000001,37.200923681259155,0.1034,1.0
1.0,stl10,50.0,rbf,vgg16_bn.npz,10000.0,0.001,0.100125,0.6000000000000001,37.200923681259155,0.1034,1.0
0.1,stl10,50.0,rbf,vgg16_bn.npz,10000.0,0.001,0.100125,0.6000000000000001,37.200923681259155,0.1034,1.0
0.01,stl10,50.0,rbf,vgg16_bn.npz,10000.0,0.001,0.100125,0.6000000000000001,37.200923681259155,0.1034,1.0
0.0,stl10,50.0,rbf,vgg16_bn.npz,10000.0,0.001,0.101625,0.6000000000000001,37.200923681259155,0.1034,1.0
100.0,stl10,50.0,rbf,vgg16_bn.npz,10000.0,0.0001,0.100125,0.6000000000000001,35.0387499332428,0.1034,1.0
10.0,stl10,50.0,rbf,vgg16_bn.npz,10000.0,0.0001,0.100125,0.6000000000000001,35.0387499332428,0.1034,1.0
1.0,stl10,50.0,rbf,vgg16_bn.npz,10000.0,0.0001,0.100125,0.6000000000000001,35.0387499332428,0.1034,1.0
0.1,stl10,50.0,rbf,vgg16_bn.npz,10000.0,0.0001,0.100125,0.6000000000000001,35.0387499332428,0.1034,1.0
0.01,stl10,50.0,rbf,vgg16_bn.npz,10000.0,0.0001,0.100125,0.6000000000000001,35.0387499332428,0.1034,1.0
0.0,stl10,50.0,rbf,vgg16_bn.npz,10000.0,0.0001,0.101625,0.6000000000000001,35.0387499332428,0.1034,1.0
100.0,stl10,50.0,rbf,vgg16_bn.npz,10000.0,1e-05,0.100125,0.6000000000000001,36.98644661903381,0.1034,1.0
10.0,stl10,50.0,rbf,vgg16_bn.npz,10000.0,1e-05,0.100125,0.6000000000000001,36.98644661903381,0.1034,1.0
1.0,stl10,50.0,rbf,vgg16_bn.npz,10000.0,1e-05,0.100125,0.6000000000000001,36.98644661903381,0.1034,1.0
0.1,stl10,50.0,rbf,vgg16_bn.npz,10000.0,1e-05,0.100125,0.6000000000000001,36.98644661903381,0.1034,1.0
0.01,stl10,50.0,rbf,vgg16_bn.npz,10000.0,1e-05,0.100125,0.6000000000000001,36.98644661903381,0.1034,1.0
0.0,stl10,50.0,rbf,vgg16_bn.npz,10000.0,1e-05,0.101625,0.6000000000000001,36.98644661903381,0.1034,1.0
100.0,stl10,60.0,rbf,vgg16_bn.npz,10000.0,1.0,0.106125,0.6000000000000001,37.011687994003296,0.107,1.0
10.0,stl10,60.0,rbf,vgg16_bn.npz,10000.0,1.0,0.106625,0.6000000000000001,37.011687994003296,0.1082,1.0
1.0,stl10,60.0,rbf,vgg16_bn.npz,10000.0,1.0,0.107125,0.6000000000000001,37.011687994003296,0.1118,1.0
0.1,stl10,60.0,rbf,vgg16_bn.npz,10000.0,1.0,0.10675,0.6000000000000001,37.011687994003296,0.1088,1.0
0.01,stl10,60.0,rbf,vgg16_bn.npz,10000.0,1.0,0.10625,0.6000000000000001,37.011687994003296,0.1078,1.0
0.0,stl10,60.0,rbf,vgg16_bn.npz,10000.0,1.0,0.105875,0.6000000000000001,37.011687994003296,0.1078,1.0
100.0,stl10,60.0,rbf,vgg16_bn.npz,10000.0,0.1,0.10575,0.6000000000000001,31.883126974105835,0.1068,1.0
10.0,stl10,60.0,rbf,vgg16_bn.npz,10000.0,0.1,0.106,0.6000000000000001,31.883126974105835,0.1068,1.0
1.0,stl10,60.0,rbf,vgg16_bn.npz,10000.0,0.1,0.106125,0.6000000000000001,31.883126974105835,0.107,1.0
0.1,stl10,60.0,rbf,vgg16_bn.npz,10000.0,0.1,0.106625,0.6000000000000001,31.883126974105835,0.1082,1.0
0.01,stl10,60.0,rbf,vgg16_bn.npz,10000.0,0.1,0.107125,0.6000000000000001,31.883126974105835,0.1118,1.0
0.0,stl10,60.0,rbf,vgg16_bn.npz,10000.0,0.1,0.105875,0.6000000000000001,31.883126974105835,0.1078,1.0
100.0,stl10,60.0,rbf,vgg16_bn.npz,10000.0,0.01,0.10575,0.6000000000000001,36.8039710521698,0.1068,2.0
10.0,stl10,60.0,rbf,vgg16_bn.npz,10000.0,0.01,0.10575,0.6000000000000001,36.8039710521698,0.1068,2.0
1.0,stl10,60.0,rbf,vgg16_bn.npz,10000.0,0.01,0.10575,0.6000000000000001,36.8039710521698,0.1068,2.0
0.1,stl10,60.0,rbf,vgg16_bn.npz,10000.0,0.01,0.106,0.6000000000000001,36.8039710521698,0.1068,2.0
0.01,stl10,60.0,rbf,vgg16_bn.npz,10000.0,0.01,0.106125,0.6000000000000001,36.8039710521698,0.107,2.0
0.0,stl10,60.0,rbf,vgg16_bn.npz,10000.0,0.01,0.105875,0.6000000000000001,36.8039710521698,0.1078,2.0
100.0,stl10,60.0,rbf,vgg16_bn.npz,10000.0,0.001,0.10575,0.6000000000000001,110.44826626777649,0.1068,2.0
10.0,stl10,60.0,rbf,vgg16_bn.npz,10000.0,0.001,0.10575,0.6000000000000001,110.44826626777649,0.1068,2.0
1.0,stl10,60.0,rbf,vgg16_bn.npz,10000.0,0.001,0.10575,0.6000000000000001,110.44826626777649,0.1068,2.0
0.1,stl10,60.0,rbf,vgg16_bn.npz,10000.0,0.001,0.10575,0.6000000000000001,110.44826626777649,0.1068,2.0
0.01,stl10,60.0,rbf,vgg16_bn.npz,10000.0,0.001,0.10575,0.6000000000000001,110.44826626777649,0.1068,2.0
0.0,stl10,60.0,rbf,vgg16_bn.npz,10000.0,0.001,0.105875,0.6000000000000001,110.44826626777649,0.1078,2.0
100.0,stl10,60.0,rbf,vgg16_bn.npz,10000.0,0.0001,0.10575,0.6000000000000001,36.46938157081604,0.1068,2.0
10.0,stl10,60.0,rbf,vgg16_bn.npz,10000.0,0.0001,0.10575,0.6000000000000001,36.46938157081604,0.1068,2.0
1.0,stl10,60.0,rbf,vgg16_bn.npz,10000.0,0.0001,0.10575,0.6000000000000001,36.46938157081604,0.1068,2.0
0.1,stl10,60.0,rbf,vgg16_bn.npz,10000.0,0.0001,0.10575,0.6000000000000001,36.46938157081604,0.1068,2.0
0.01,stl10,60.0,rbf,vgg16_bn.npz,10000.0,0.0001,0.10575,0.6000000000000001,36.46938157081604,0.1068,2.0
0.0,stl10,60.0,rbf,vgg16_bn.npz,10000.0,0.0001,0.105875,0.6000000000000001,36.46938157081604,0.1078,2.0
100.0,stl10,60.0,rbf,vgg16_bn.npz,10000.0,1e-05,0.105625,0.6000000000000001,30.818878173828125,0.1068,2.0
10.0,stl10,60.0,rbf,vgg16_bn.npz,10000.0,1e-05,0.10575,0.6000000000000001,30.818878173828125,0.1068,2.0
1.0,stl10,60.0,rbf,vgg16_bn.npz,10000.0,1e-05,0.10575,0.6000000000000001,30.818878173828125,0.1068,2.0
0.1,stl10,60.0,rbf,vgg16_bn.npz,10000.0,1e-05,0.10575,0.6000000000000001,30.818878173828125,0.1068,2.0
0.01,stl10,60.0,rbf,vgg16_bn.npz,10000.0,1e-05,0.10575,0.6000000000000001,30.818878173828125,0.1068,2.0
0.0,stl10,60.0,rbf,vgg16_bn.npz,10000.0,1e-05,0.105875,0.6000000000000001,30.818878173828125,0.1078,2.0
100.0,stl10,70.0,rbf,vgg16_bn.npz,10000.0,1.0,0.09975,0.6000000000000001,43.38715314865112,0.099,1.0
10.0,stl10,70.0,rbf,vgg16_bn.npz,10000.0,1.0,0.09875,0.6000000000000001,43.38715314865112,0.0978,1.0
1.0,stl10,70.0,rbf,vgg16_bn.npz,10000.0,1.0,0.09825,0.6000000000000001,43.38715314865112,0.1028,1.0
0.1,stl10,70.0,rbf,vgg16_bn.npz,10000.0,1.0,0.09975,0.6000000000000001,43.38715314865112,0.1002,1.0
0.01,stl10,70.0,rbf,vgg16_bn.npz,10000.0,1.0,0.100125,0.6000000000000001,43.38715314865112,0.1004,1.0
0.0,stl10,70.0,rbf,vgg16_bn.npz,10000.0,1.0,0.09925,0.6000000000000001,43.38715314865112,0.0998,1.0
100.0,stl10,70.0,rbf,vgg16_bn.npz,10000.0,0.1,0.099625,0.6000000000000001,38.300920486450195,0.1,1.0
10.0,stl10,70.0,rbf,vgg16_bn.npz,10000.0,0.1,0.0995,0.6000000000000001,38.300920486450195,0.1,1.0
1.0,stl10,70.0,rbf,vgg16_bn.npz,10000.0,0.1,0.09975,0.6000000000000001,38.300920486450195,0.099,1.0
0.1,stl10,70.0,rbf,vgg16_bn.npz,10000.0,0.1,0.09875,0.6000000000000001,38.300920486450195,0.0978,1.0
0.01,stl10,70.0,rbf,vgg16_bn.npz,10000.0,0.1,0.09825,0.6000000000000001,38.300920486450195,0.1028,1.0
0.0,stl10,70.0,rbf,vgg16_bn.npz,10000.0,0.1,0.09925,0.6000000000000001,38.300920486450195,0.0998,1.0
100.0,stl10,70.0,rbf,vgg16_bn.npz,10000.0,0.01,0.099625,0.6000000000000001,69.5583016872406,0.1,1.0
10.0,stl10,70.0,rbf,vgg16_bn.npz,10000.0,0.01,0.099625,0.6000000000000001,69.5583016872406,0.1,1.0
1.0,stl10,70.0,rbf,vgg16_bn.npz,10000.0,0.01,0.099625,0.6000000000000001,69.5583016872406,0.1,1.0
0.1,stl10,70.0,rbf,vgg16_bn.npz,10000.0,0.01,0.0995,0.6000000000000001,69.5583016872406,0.1,1.0
0.01,stl10,70.0,rbf,vgg16_bn.npz,10000.0,0.01,0.09975,0.6000000000000001,69.5583016872406,0.099,1.0
0.0,stl10,70.0,rbf,vgg16_bn.npz,10000.0,0.01,0.09925,0.6000000000000001,69.5583016872406,0.0998,1.0
100.0,stl10,70.0,rbf,vgg16_bn.npz,10000.0,0.001,0.099625,0.6000000000000001,35.793514251708984,0.1,1.0
10.0,stl10,70.0,rbf,vgg16_bn.npz,10000.0,0.001,0.099625,0.6000000000000001,35.793514251708984,0.1,1.0
1.0,stl10,70.0,rbf,vgg16_bn.npz,10000.0,0.001,0.099625,0.6000000000000001,35.793514251708984,0.1,1.0
0.1,stl10,70.0,rbf,vgg16_bn.npz,10000.0,0.001,0.099625,0.6000000000000001,35.793514251708984,0.1,1.0
0.01,stl10,70.0,rbf,vgg16_bn.npz,10000.0,0.001,0.099625,0.6000000000000001,35.793514251708984,0.1,1.0
0.0,stl10,70.0,rbf,vgg16_bn.npz,10000.0,0.001,0.09925,0.6000000000000001,35.793514251708984,0.0998,1.0
100.0,stl10,70.0,rbf,vgg16_bn.npz,10000.0,0.0001,0.099625,0.6000000000000001,31.005011081695557,0.1,1.0
10.0,stl10,70.0,rbf,vgg16_bn.npz,10000.0,0.0001,0.099625,0.6000000000000001,31.005011081695557,0.1,1.0
1.0,stl10,70.0,rbf,vgg16_bn.npz,10000.0,0.0001,0.099625,0.6000000000000001,31.005011081695557,0.1,1.0
0.1,stl10,70.0,rbf,vgg16_bn.npz,10000.0,0.0001,0.099625,0.6000000000000001,31.005011081695557,0.1,1.0
0.01,stl10,70.0,rbf,vgg16_bn.npz,10000.0,0.0001,0.099625,0.6000000000000001,31.005011081695557,0.1,1.0
0.0,stl10,70.0,rbf,vgg16_bn.npz,10000.0,0.0001,0.09925,0.6000000000000001,31.005011081695557,0.0998,1.0
100.0,stl10,70.0,rbf,vgg16_bn.npz,10000.0,1e-05,0.09975,0.6000000000000001,68.09825325012207,0.1,1.0
10.0,stl10,70.0,rbf,vgg16_bn.npz,10000.0,1e-05,0.09975,0.6000000000000001,68.09825325012207,0.1,1.0
1.0,stl10,70.0,rbf,vgg16_bn.npz,10000.0,1e-05,0.099625,0.6000000000000001,68.09825325012207,0.1,1.0
0.1,stl10,70.0,rbf,vgg16_bn.npz,10000.0,1e-05,0.099625,0.6000000000000001,68.09825325012207,0.1,1.0
0.01,stl10,70.0,rbf,vgg16_bn.npz,10000.0,1e-05,0.099625,0.6000000000000001,68.09825325012207,0.1,1.0
0.0,stl10,70.0,rbf,vgg16_bn.npz,10000.0,1e-05,0.09925,0.6000000000000001,68.09825325012207,0.0998,1.0
100.0,stl10,80.0,rbf,vgg16_bn.npz,10000.0,1.0,0.092375,0.6000000000000001,85.61288785934448,0.0898,1.0
10.0,stl10,80.0,rbf,vgg16_bn.npz,10000.0,1.0,0.095,0.6000000000000001,85.61288785934448,0.0896,1.0
1.0,stl10,80.0,rbf,vgg16_bn.npz,10000.0,1.0,0.09775,0.6000000000000001,85.61288785934448,0.0894,1.0
0.1,stl10,80.0,rbf,vgg16_bn.npz,10000.0,1.0,0.097375,0.6000000000000001,85.61288785934448,0.0904,1.0
0.01,stl10,80.0,rbf,vgg16_bn.npz,10000.0,1.0,0.09825,0.6000000000000001,85.61288785934448,0.0912,1.0
0.0,stl10,80.0,rbf,vgg16_bn.npz,10000.0,1.0,0.098125,0.6000000000000001,85.61288785934448,0.0912,1.0
100.0,stl10,80.0,rbf,vgg16_bn.npz,10000.0,0.1,0.0925,0.6000000000000001,109.86532521247864,0.09,2.0
10.0,stl10,80.0,rbf,vgg16_bn.npz,10000.0,0.1,0.0925,0.6000000000000001,109.86532521247864,0.09,2.0
1.0,stl10,80.0,rbf,vgg16_bn.npz,10000.0,0.1,0.092375,0.6000000000000001,109.86532521247864,0.0898,2.0
0.1,stl10,80.0,rbf,vgg16_bn.npz,10000.0,0.1,0.095,0.6000000000000001,109.86532521247864,0.0896,2.0
0.01,stl10,80.0,rbf,vgg16_bn.npz,10000.0,0.1,0.09775,0.6000000000000001,109.86532521247864,0.0894,2.0
0.0,stl10,80.0,rbf,vgg16_bn.npz,10000.0,0.1,0.098125,0.6000000000000001,109.86532521247864,0.0912,2.0
100.0,stl10,80.0,rbf,vgg16_bn.npz,10000.0,0.01,0.0925,0.6000000000000001,121.94854426383972,0.09,2.0
10.0,stl10,80.0,rbf,vgg16_bn.npz,10000.0,0.01,0.0925,0.6000000000000001,121.94854426383972,0.09,2.0
1.0,stl10,80.0,rbf,vgg16_bn.npz,10000.0,0.01,0.0925,0.6000000000000001,121.94854426383972,0.09,2.0
0.1,stl10,80.0,rbf,vgg16_bn.npz,10000.0,0.01,0.0925,0.6000000000000001,121.94854426383972,0.09,2.0
0.01,stl10,80.0,rbf,vgg16_bn.npz,10000.0,0.01,0.092375,0.6000000000000001,121.94854426383972,0.0898,2.0
0.0,stl10,80.0,rbf,vgg16_bn.npz,10000.0,0.01,0.098125,0.6000000000000001,121.94854426383972,0.0912,2.0
100.0,stl10,80.0,rbf,vgg16_bn.npz,10000.0,0.001,0.0925,0.6000000000000001,118.84624552726746,0.09,2.0
10.0,stl10,80.0,rbf,vgg16_bn.npz,10000.0,0.001,0.0925,0.6000000000000001,118.84624552726746,0.09,2.0
1.0,stl10,80.0,rbf,vgg16_bn.npz,10000.0,0.001,0.0925,0.6000000000000001,118.84624552726746,0.09,2.0
0.1,stl10,80.0,rbf,vgg16_bn.npz,10000.0,0.001,0.0925,0.6000000000000001,118.84624552726746,0.09,2.0
0.01,stl10,80.0,rbf,vgg16_bn.npz,10000.0,0.001,0.0925,0.6000000000000001,118.84624552726746,0.09,2.0
0.0,stl10,80.0,rbf,vgg16_bn.npz,10000.0,0.001,0.098125,0.6000000000000001,118.84624552726746,0.0912,2.0
100.0,stl10,80.0,rbf,vgg16_bn.npz,10000.0,0.0001,0.0925,0.6000000000000001,35.25400710105896,0.09,2.0
10.0,stl10,80.0,rbf,vgg16_bn.npz,10000.0,0.0001,0.0925,0.6000000000000001,35.25400710105896,0.09,2.0
1.0,stl10,80.0,rbf,vgg16_bn.npz,10000.0,0.0001,0.0925,0.6000000000000001,35.25400710105896,0.09,2.0
0.1,stl10,80.0,rbf,vgg16_bn.npz,10000.0,0.0001,0.0925,0.6000000000000001,35.25400710105896,0.09,2.0
0.01,stl10,80.0,rbf,vgg16_bn.npz,10000.0,0.0001,0.0925,0.6000000000000001,35.25400710105896,0.09,2.0
0.0,stl10,80.0,rbf,vgg16_bn.npz,10000.0,0.0001,0.098125,0.6000000000000001,35.25400710105896,0.0912,2.0
100.0,stl10,80.0,rbf,vgg16_bn.npz,10000.0,1e-05,0.0925,0.6000000000000001,43.424172163009644,0.0902,2.0
10.0,stl10,80.0,rbf,vgg16_bn.npz,10000.0,1e-05,0.0925,0.6000000000000001,43.424172163009644,0.09,2.0
1.0,stl10,80.0,rbf,vgg16_bn.npz,10000.0,1e-05,0.0925,0.6000000000000001,43.424172163009644,0.09,2.0
0.1,stl10,80.0,rbf,vgg16_bn.npz,10000.0,1e-05,0.0925,0.6000000000000001,43.424172163009644,0.09,2.0
0.01,stl10,80.0,rbf,vgg16_bn.npz,10000.0,1e-05,0.0925,0.6000000000000001,43.424172163009644,0.09,2.0
0.0,stl10,80.0,rbf,vgg16_bn.npz,10000.0,1e-05,0.098125,0.6000000000000001,43.424172163009644,0.0912,2.0
100.0,stl10,90.0,rbf,vgg16_bn.npz,10000.0,1.0,0.09475,0.6000000000000001,37.40703058242798,0.1,2.0
10.0,stl10,90.0,rbf,vgg16_bn.npz,10000.0,1.0,0.09375,0.6000000000000001,37.40703058242798,0.0992,2.0
1.0,stl10,90.0,rbf,vgg16_bn.npz,10000.0,1.0,0.0975,0.6000000000000001,37.40703058242798,0.1004,2.0
0.1,stl10,90.0,rbf,vgg16_bn.npz,10000.0,1.0,0.095375,0.6000000000000001,37.40703058242798,0.1016,2.0
0.01,stl10,90.0,rbf,vgg16_bn.npz,10000.0,1.0,0.0945,0.6000000000000001,37.40703058242798,0.1024,2.0
0.0,stl10,90.0,rbf,vgg16_bn.npz,10000.0,1.0,0.093,0.6000000000000001,37.40703058242798,0.1028,2.0
100.0,stl10,90.0,rbf,vgg16_bn.npz,10000.0,0.1,0.0945,0.6000000000000001,108.3903489112854,0.1006,2.0
10.0,stl10,90.0,rbf,vgg16_bn.npz,10000.0,0.1,0.0945,0.6000000000000001,108.3903489112854,0.1006,2.0
1.0,stl10,90.0,rbf,vgg16_bn.npz,10000.0,0.1,0.09475,0.6000000000000001,108.3903489112854,0.1,2.0
0.1,stl10,90.0,rbf,vgg16_bn.npz,10000.0,0.1,0.09375,0.6000000000000001,108.3903489112854,0.0992,2.0
0.01,stl10,90.0,rbf,vgg16_bn.npz,10000.0,0.1,0.0975,0.6000000000000001,108.3903489112854,0.1004,2.0
0.0,stl10,90.0,rbf,vgg16_bn.npz,10000.0,0.1,0.093,0.6000000000000001,108.3903489112854,0.1028,2.0
100.0,stl10,90.0,rbf,vgg16_bn.npz,10000.0,0.01,0.0945,0.6000000000000001,38.346832036972046,0.1006,2.0
10.0,stl10,90.0,rbf,vgg16_bn.npz,10000.0,0.01,0.0945,0.6000000000000001,38.346832036972046,0.1006,2.0
1.0,stl10,90.0,rbf,vgg16_bn.npz,10000.0,0.01,0.0945,0.6000000000000001,38.346832036972046,0.1006,2.0
0.1,stl10,90.0,rbf,vgg16_bn.npz,10000.0,0.01,0.0945,0.6000000000000001,38.346832036972046,0.1006,2.0
0.01,stl10,90.0,rbf,vgg16_bn.npz,10000.0,0.01,0.09475,0.6000000000000001,38.346832036972046,0.1,2.0
0.0,stl10,90.0,rbf,vgg16_bn.npz,10000.0,0.01,0.093,0.6000000000000001,38.346832036972046,0.1028,2.0
100.0,stl10,90.0,rbf,vgg16_bn.npz,10000.0,0.001,0.0945,0.6000000000000001,103.6262309551239,0.1006,2.0
10.0,stl10,90.0,rbf,vgg16_bn.npz,10000.0,0.001,0.0945,0.6000000000000001,103.6262309551239,0.1006,2.0
1.0,stl10,90.0,rbf,vgg16_bn.npz,10000.0,0.001,0.0945,0.6000000000000001,103.6262309551239,0.1006,2.0
0.1,stl10,90.0,rbf,vgg16_bn.npz,10000.0,0.001,0.0945,0.6000000000000001,103.6262309551239,0.1006,2.0
0.01,stl10,90.0,rbf,vgg16_bn.npz,10000.0,0.001,0.0945,0.6000000000000001,103.6262309551239,0.1006,2.0
0.0,stl10,90.0,rbf,vgg16_bn.npz,10000.0,0.001,0.093,0.6000000000000001,103.6262309551239,0.1028,2.0
100.0,stl10,90.0,rbf,vgg16_bn.npz,10000.0,0.0001,0.0945,0.6000000000000001,107.15203022956848,0.1006,2.0
10.0,stl10,90.0,rbf,vgg16_bn.npz,10000.0,0.0001,0.0945,0.6000000000000001,107.15203022956848,0.1006,2.0
1.0,stl10,90.0,rbf,vgg16_bn.npz,10000.0,0.0001,0.0945,0.6000000000000001,107.15203022956848,0.1006,2.0
0.1,stl10,90.0,rbf,vgg16_bn.npz,10000.0,0.0001,0.0945,0.6000000000000001,107.15203022956848,0.1006,2.0
0.01,stl10,90.0,rbf,vgg16_bn.npz,10000.0,0.0001,0.0945,0.6000000000000001,107.15203022956848,0.1006,2.0
0.0,stl10,90.0,rbf,vgg16_bn.npz,10000.0,0.0001,0.093,0.6000000000000001,107.15203022956848,0.1028,2.0
100.0,stl10,90.0,rbf,vgg16_bn.npz,10000.0,1e-05,0.0945,0.6000000000000001,118.50718021392822,0.1006,2.0
10.0,stl10,90.0,rbf,vgg16_bn.npz,10000.0,1e-05,0.0945,0.6000000000000001,118.50718021392822,0.1006,2.0
1.0,stl10,90.0,rbf,vgg16_bn.npz,10000.0,1e-05,0.0945,0.6000000000000001,118.50718021392822,0.1006,2.0
0.1,stl10,90.0,rbf,vgg16_bn.npz,10000.0,1e-05,0.0945,0.6000000000000001,118.50718021392822,0.1006,2.0
0.01,stl10,90.0,rbf,vgg16_bn.npz,10000.0,1e-05,0.0945,0.6000000000000001,118.50718021392822,0.1006,2.0
0.0,stl10,90.0,rbf,vgg16_bn.npz,10000.0,1e-05,0.093,0.6000000000000001,118.50718021392822,0.1028,2.0
100.0,stl10,0.001,rbf,resnet34.npz,10000.0,1.0,0.935875,0.9,76.95879530906677,0.9332,1.0
10.0,stl10,0.001,rbf,resnet34.npz,10000.0,1.0,0.94925,0.9,76.95879530906677,0.944,1.0
1.0,stl10,0.001,rbf,resnet34.npz,10000.0,1.0,0.958375,0.9,76.95879530906677,0.9514,1.0
0.1,stl10,0.001,rbf,resnet34.npz,10000.0,1.0,0.96075,0.9,76.95879530906677,0.9532,1.0
0.01,stl10,0.001,rbf,resnet34.npz,10000.0,1.0,0.95975,0.9,76.95879530906677,0.9516,1.0
0.0,stl10,0.001,rbf,resnet34.npz,10000.0,1.0,0.938375,0.9,76.95879530906677,0.945,1.0
100.0,stl10,0.001,rbf,resnet34.npz,10000.0,0.1,0.927625,0.9,45.63276791572571,0.927,1.0
10.0,stl10,0.001,rbf,resnet34.npz,10000.0,0.1,0.928125,0.9,45.63276791572571,0.9276,1.0
1.0,stl10,0.001,rbf,resnet34.npz,10000.0,0.1,0.935875,0.9,45.63276791572571,0.9332,1.0
0.1,stl10,0.001,rbf,resnet34.npz,10000.0,0.1,0.94925,0.9,45.63276791572571,0.944,1.0
0.01,stl10,0.001,rbf,resnet34.npz,10000.0,0.1,0.958375,0.9,45.63276791572571,0.9514,1.0
0.0,stl10,0.001,rbf,resnet34.npz,10000.0,0.1,0.938375,0.9,45.63276791572571,0.945,1.0
100.0,stl10,0.001,rbf,resnet34.npz,10000.0,0.01,0.927625,0.9,34.645896911621094,0.927,2.0
10.0,stl10,0.001,rbf,resnet34.npz,10000.0,0.01,0.927625,0.9,34.645896911621094,0.927,2.0
1.0,stl10,0.001,rbf,resnet34.npz,10000.0,0.01,0.927625,0.9,34.645896911621094,0.927,2.0
0.1,stl10,0.001,rbf,resnet34.npz,10000.0,0.01,0.928125,0.9,34.645896911621094,0.9276,2.0
0.01,stl10,0.001,rbf,resnet34.npz,10000.0,0.01,0.935875,0.9,34.645896911621094,0.9332,2.0
0.0,stl10,0.001,rbf,resnet34.npz,10000.0,0.01,0.938375,0.9,34.645896911621094,0.945,2.0
100.0,stl10,0.001,rbf,resnet34.npz,10000.0,0.001,0.927625,0.9,108.20108366012573,0.927,2.0
10.0,stl10,0.001,rbf,resnet34.npz,10000.0,0.001,0.927625,0.9,108.20108366012573,0.927,2.0
1.0,stl10,0.001,rbf,resnet34.npz,10000.0,0.001,0.927625,0.9,108.20108366012573,0.927,2.0
0.1,stl10,0.001,rbf,resnet34.npz,10000.0,0.001,0.927625,0.9,108.20108366012573,0.927,2.0
0.01,stl10,0.001,rbf,resnet34.npz,10000.0,0.001,0.927625,0.9,108.20108366012573,0.927,2.0
0.0,stl10,0.001,rbf,resnet34.npz,10000.0,0.001,0.938375,0.9,108.20108366012573,0.945,2.0
100.0,stl10,0.001,rbf,resnet34.npz,10000.0,0.0001,0.927625,0.9,34.472795486450195,0.927,2.0
10.0,stl10,0.001,rbf,resnet34.npz,10000.0,0.0001,0.927625,0.9,34.472795486450195,0.927,2.0
1.0,stl10,0.001,rbf,resnet34.npz,10000.0,0.0001,0.927625,0.9,34.472795486450195,0.927,2.0
0.1,stl10,0.001,rbf,resnet34.npz,10000.0,0.0001,0.927625,0.9,34.472795486450195,0.927,2.0
0.01,stl10,0.001,rbf,resnet34.npz,10000.0,0.0001,0.927625,0.9,34.472795486450195,0.927,2.0
0.0,stl10,0.001,rbf,resnet34.npz,10000.0,0.0001,0.938375,0.9,34.472795486450195,0.945,2.0
100.0,stl10,0.001,rbf,resnet34.npz,10000.0,1e-05,0.927625,0.9,113.93987154960632,0.927,2.0
10.0,stl10,0.001,rbf,resnet34.npz,10000.0,1e-05,0.927625,0.9,113.93987154960632,0.927,2.0
1.0,stl10,0.001,rbf,resnet34.npz,10000.0,1e-05,0.927625,0.9,113.93987154960632,0.927,2.0
0.1,stl10,0.001,rbf,resnet34.npz,10000.0,1e-05,0.927625,0.9,113.93987154960632,0.927,2.0
0.01,stl10,0.001,rbf,resnet34.npz,10000.0,1e-05,0.927625,0.9,113.93987154960632,0.927,2.0
0.0,stl10,0.001,rbf,resnet34.npz,10000.0,1e-05,0.938375,0.9,113.93987154960632,0.945,2.0
100.0,stl10,0.002,rbf,resnet34.npz,10000.0,1.0,0.93975,0.9,35.527045488357544,0.9344,1.0
10.0,stl10,0.002,rbf,resnet34.npz,10000.0,1.0,0.952625,0.9,35.527045488357544,0.9468,1.0
1.0,stl10,0.002,rbf,resnet34.npz,10000.0,1.0,0.96025,0.9,35.527045488357544,0.9536,1.0
0.1,stl10,0.002,rbf,resnet34.npz,10000.0,1.0,0.961875,0.9,35.527045488357544,0.9532,1.0
0.01,stl10,0.002,rbf,resnet34.npz,10000.0,1.0,0.9545,0.9,35.527045488357544,0.9474,1.0
0.0,stl10,0.002,rbf,resnet34.npz,10000.0,1.0,0.94075,0.9,35.527045488357544,0.9454,1.0
100.0,stl10,0.002,rbf,resnet34.npz,10000.0,0.1,0.928125,0.9,35.47748064994812,0.9272,1.0
10.0,stl10,0.002,rbf,resnet34.npz,10000.0,0.1,0.929,0.9,35.47748064994812,0.9284,1.0
1.0,stl10,0.002,rbf,resnet34.npz,10000.0,0.1,0.93975,0.9,35.47748064994812,0.9344,1.0
0.1,stl10,0.002,rbf,resnet34.npz,10000.0,0.1,0.952625,0.9,35.47748064994812,0.9468,1.0
0.01,stl10,0.002,rbf,resnet34.npz,10000.0,0.1,0.96025,0.9,35.47748064994812,0.9536,1.0
0.0,stl10,0.002,rbf,resnet34.npz,10000.0,0.1,0.94075,0.9,35.47748064994812,0.9454,1.0
100.0,stl10,0.002,rbf,resnet34.npz,10000.0,0.01,0.928,0.9,112.11000537872314,0.927,2.0
10.0,stl10,0.002,rbf,resnet34.npz,10000.0,0.01,0.928,0.9,112.11000537872314,0.927,2.0
1.0,stl10,0.002,rbf,resnet34.npz,10000.0,0.01,0.928125,0.9,112.11000537872314,0.9272,2.0
0.1,stl10,0.002,rbf,resnet34.npz,10000.0,0.01,0.929,0.9,112.11000537872314,0.9284,2.0
0.01,stl10,0.002,rbf,resnet34.npz,10000.0,0.01,0.93975,0.9,112.11000537872314,0.9344,2.0
0.0,stl10,0.002,rbf,resnet34.npz,10000.0,0.01,0.94075,0.9,112.11000537872314,0.9454,2.0
100.0,stl10,0.002,rbf,resnet34.npz,10000.0,0.001,0.928,0.9,110.04059934616089,0.927,2.0
10.0,stl10,0.002,rbf,resnet34.npz,10000.0,0.001,0.928,0.9,110.04059934616089,0.927,2.0
1.0,stl10,0.002,rbf,resnet34.npz,10000.0,0.001,0.928,0.9,110.04059934616089,0.927,2.0
0.1,stl10,0.002,rbf,resnet34.npz,10000.0,0.001,0.928,0.9,110.04059934616089,0.927,2.0
0.01,stl10,0.002,rbf,resnet34.npz,10000.0,0.001,0.928125,0.9,110.04059934616089,0.9272,2.0
0.0,stl10,0.002,rbf,resnet34.npz,10000.0,0.001,0.94075,0.9,110.04059934616089,0.9454,2.0
100.0,stl10,0.002,rbf,resnet34.npz,10000.0,0.0001,0.928,0.9,119.59997820854187,0.927,2.0
10.0,stl10,0.002,rbf,resnet34.npz,10000.0,0.0001,0.928,0.9,119.59997820854187,0.927,2.0
1.0,stl10,0.002,rbf,resnet34.npz,10000.0,0.0001,0.928,0.9,119.59997820854187,0.927,2.0
0.1,stl10,0.002,rbf,resnet34.npz,10000.0,0.0001,0.928,0.9,119.59997820854187,0.927,2.0
0.01,stl10,0.002,rbf,resnet34.npz,10000.0,0.0001,0.928,0.9,119.59997820854187,0.927,2.0
0.0,stl10,0.002,rbf,resnet34.npz,10000.0,0.0001,0.94075,0.9,119.59997820854187,0.9454,2.0
100.0,stl10,0.002,rbf,resnet34.npz,10000.0,1e-05,0.928,0.9,35.199809551239014,0.927,2.0
10.0,stl10,0.002,rbf,resnet34.npz,10000.0,1e-05,0.928,0.9,35.199809551239014,0.927,2.0
1.0,stl10,0.002,rbf,resnet34.npz,10000.0,1e-05,0.928,0.9,35.199809551239014,0.927,2.0
0.1,stl10,0.002,rbf,resnet34.npz,10000.0,1e-05,0.928,0.9,35.199809551239014,0.927,2.0
0.01,stl10,0.002,rbf,resnet34.npz,10000.0,1e-05,0.928,0.9,35.199809551239014,0.927,2.0
0.0,stl10,0.002,rbf,resnet34.npz,10000.0,1e-05,0.94075,0.9,35.199809551239014,0.9454,2.0
100.0,stl10,0.003,rbf,resnet34.npz,10000.0,1.0,0.94125,0.9,34.67797493934631,0.9362,1.0
10.0,stl10,0.003,rbf,resnet34.npz,10000.0,1.0,0.95475,0.9,34.67797493934631,0.95,1.0
1.0,stl10,0.003,rbf,resnet34.npz,10000.0,1.0,0.961125,0.9,34.67797493934631,0.954,1.0
0.1,stl10,0.003,rbf,resnet34.npz,10000.0,1.0,0.96075,0.9,34.67797493934631,0.9534,1.0
0.01,stl10,0.003,rbf,resnet34.npz,10000.0,1.0,0.951,0.9,34.67797493934631,0.9462,1.0
0.0,stl10,0.003,rbf,resnet34.npz,10000.0,1.0,0.94175,0.9,34.67797493934631,0.945,1.0
100.0,stl10,0.003,rbf,resnet34.npz,10000.0,0.1,0.928,0.9,72.58030009269714,0.9272,1.0
10.0,stl10,0.003,rbf,resnet34.npz,10000.0,0.1,0.92925,0.9,72.58030009269714,0.9288,1.0
1.0,stl10,0.003,rbf,resnet34.npz,10000.0,0.1,0.94125,0.9,72.58030009269714,0.9362,1.0
0.1,stl10,0.003,rbf,resnet34.npz,10000.0,0.1,0.95475,0.9,72.58030009269714,0.95,1.0
0.01,stl10,0.003,rbf,resnet34.npz,10000.0,0.1,0.961125,0.9,72.58030009269714,0.954,1.0
0.0,stl10,0.003,rbf,resnet34.npz,10000.0,0.1,0.94175,0.9,72.58030009269714,0.945,1.0
100.0,stl10,0.003,rbf,resnet34.npz,10000.0,0.01,0.92775,0.9,36.36739683151245,0.927,2.0
10.0,stl10,0.003,rbf,resnet34.npz,10000.0,0.01,0.927875,0.9,36.36739683151245,0.927,2.0
1.0,stl10,0.003,rbf,resnet34.npz,10000.0,0.01,0.928,0.9,36.36739683151245,0.9272,2.0
0.1,stl10,0.003,rbf,resnet34.npz,10000.0,0.01,0.92925,0.9,36.36739683151245,0.9288,2.0
0.01,stl10,0.003,rbf,resnet34.npz,10000.0,0.01,0.94125,0.9,36.36739683151245,0.9362,2.0
0.0,stl10,0.003,rbf,resnet34.npz,10000.0,0.01,0.94175,0.9,36.36739683151245,0.945,2.0
100.0,stl10,0.003,rbf,resnet34.npz,10000.0,0.001,0.92775,0.9,34.51611351966858,0.927,2.0
10.0,stl10,0.003,rbf,resnet34.npz,10000.0,0.001,0.92775,0.9,34.51611351966858,0.927,2.0
1.0,stl10,0.003,rbf,resnet34.npz,10000.0,0.001,0.92775,0.9,34.51611351966858,0.927,2.0
0.1,stl10,0.003,rbf,resnet34.npz,10000.0,0.001,0.927875,0.9,34.51611351966858,0.927,2.0
0.01,stl10,0.003,rbf,resnet34.npz,10000.0,0.001,0.928,0.9,34.51611351966858,0.9272,2.0
0.0,stl10,0.003,rbf,resnet34.npz,10000.0,0.001,0.94175,0.9,34.51611351966858,0.945,2.0
100.0,stl10,0.003,rbf,resnet34.npz,10000.0,0.0001,0.92775,0.9,35.768211126327515,0.927,2.0
10.0,stl10,0.003,rbf,resnet34.npz,10000.0,0.0001,0.92775,0.9,35.768211126327515,0.927,2.0
1.0,stl10,0.003,rbf,resnet34.npz,10000.0,0.0001,0.92775,0.9,35.768211126327515,0.927,2.0
0.1,stl10,0.003,rbf,resnet34.npz,10000.0,0.0001,0.92775,0.9,35.768211126327515,0.927,2.0
0.01,stl10,0.003,rbf,resnet34.npz,10000.0,0.0001,0.92775,0.9,35.768211126327515,0.927,2.0
0.0,stl10,0.003,rbf,resnet34.npz,10000.0,0.0001,0.94175,0.9,35.768211126327515,0.945,2.0
100.0,stl10,0.003,rbf,resnet34.npz,10000.0,1e-05,0.92775,0.9,111.2051272392273,0.927,2.0
10.0,stl10,0.003,rbf,resnet34.npz,10000.0,1e-05,0.92775,0.9,111.2051272392273,0.927,2.0
1.0,stl10,0.003,rbf,resnet34.npz,10000.0,1e-05,0.92775,0.9,111.2051272392273,0.927,2.0
0.1,stl10,0.003,rbf,resnet34.npz,10000.0,1e-05,0.92775,0.9,111.2051272392273,0.927,2.0
0.01,stl10,0.003,rbf,resnet34.npz,10000.0,1e-05,0.92775,0.9,111.2051272392273,0.927,2.0
0.0,stl10,0.003,rbf,resnet34.npz,10000.0,1e-05,0.94175,0.9,111.2051272392273,0.945,2.0
100.0,stl10,0.004,rbf,resnet34.npz,10000.0,1.0,0.9425,0.9,31.107832670211792,0.9378,1.0
10.0,stl10,0.004,rbf,resnet34.npz,10000.0,1.0,0.956,0.9,31.107832670211792,0.9504,1.0
1.0,stl10,0.004,rbf,resnet34.npz,10000.0,1.0,0.961625,0.9,31.107832670211792,0.9544,1.0
0.1,stl10,0.004,rbf,resnet34.npz,10000.0,1.0,0.959,0.9,31.107832670211792,0.9522,1.0
0.01,stl10,0.004,rbf,resnet34.npz,10000.0,1.0,0.95,0.9,31.107832670211792,0.9474,1.0
0.0,stl10,0.004,rbf,resnet34.npz,10000.0,1.0,0.943,0.9,31.107832670211792,0.9454,1.0
100.0,stl10,0.004,rbf,resnet34.npz,10000.0,0.1,0.928375,0.9,72.38730835914612,0.9282,1.0
10.0,stl10,0.004,rbf,resnet34.npz,10000.0,0.1,0.93025,0.9,72.38730835914612,0.9298,1.0
1.0,stl10,0.004,rbf,resnet34.npz,10000.0,0.1,0.9425,0.9,72.38730835914612,0.9378,1.0
0.1,stl10,0.004,rbf,resnet34.npz,10000.0,0.1,0.956,0.9,72.38730835914612,0.9504,1.0
0.01,stl10,0.004,rbf,resnet34.npz,10000.0,0.1,0.961625,0.9,72.38730835914612,0.9544,1.0
0.0,stl10,0.004,rbf,resnet34.npz,10000.0,0.1,0.943,0.9,72.38730835914612,0.9454,1.0
100.0,stl10,0.004,rbf,resnet34.npz,10000.0,0.01,0.928,0.9,41.01379418373108,0.928,2.0
10.0,stl10,0.004,rbf,resnet34.npz,10000.0,0.01,0.928,0.9,41.01379418373108,0.928,2.0
1.0,stl10,0.004,rbf,resnet34.npz,10000.0,0.01,0.928375,0.9,41.01379418373108,0.9282,2.0
0.1,stl10,0.004,rbf,resnet34.npz,10000.0,0.01,0.93025,0.9,41.01379418373108,0.9298,2.0
0.01,stl10,0.004,rbf,resnet34.npz,10000.0,0.01,0.9425,0.9,41.01379418373108,0.9378,2.0
0.0,stl10,0.004,rbf,resnet34.npz,10000.0,0.01,0.943,0.9,41.01379418373108,0.9454,2.0
100.0,stl10,0.004,rbf,resnet34.npz,10000.0,0.001,0.928,0.9,111.36205887794495,0.928,2.0
10.0,stl10,0.004,rbf,resnet34.npz,10000.0,0.001,0.928,0.9,111.36205887794495,0.928,2.0
1.0,stl10,0.004,rbf,resnet34.npz,10000.0,0.001,0.928,0.9,111.36205887794495,0.928,2.0
0.1,stl10,0.004,rbf,resnet34.npz,10000.0,0.001,0.928,0.9,111.36205887794495,0.928,2.0
0.01,stl10,0.004,rbf,resnet34.npz,10000.0,0.001,0.928375,0.9,111.36205887794495,0.9282,2.0
0.0,stl10,0.004,rbf,resnet34.npz,10000.0,0.001,0.943,0.9,111.36205887794495,0.9454,2.0
100.0,stl10,0.004,rbf,resnet34.npz,10000.0,0.0001,0.928,0.9,102.01761627197266,0.928,2.0
10.0,stl10,0.004,rbf,resnet34.npz,10000.0,0.0001,0.928,0.9,102.01761627197266,0.928,2.0
1.0,stl10,0.004,rbf,resnet34.npz,10000.0,0.0001,0.928,0.9,102.01761627197266,0.928,2.0
0.1,stl10,0.004,rbf,resnet34.npz,10000.0,0.0001,0.928,0.9,102.01761627197266,0.928,2.0
0.01,stl10,0.004,rbf,resnet34.npz,10000.0,0.0001,0.928,0.9,102.01761627197266,0.928,2.0
0.0,stl10,0.004,rbf,resnet34.npz,10000.0,0.0001,0.943,0.9,102.01761627197266,0.9454,2.0
100.0,stl10,0.004,rbf,resnet34.npz,10000.0,1e-05,0.928,0.9,42.090038537979126,0.928,2.0
10.0,stl10,0.004,rbf,resnet34.npz,10000.0,1e-05,0.928,0.9,42.090038537979126,0.928,2.0
1.0,stl10,0.004,rbf,resnet34.npz,10000.0,1e-05,0.928,0.9,42.090038537979126,0.928,2.0
0.1,stl10,0.004,rbf,resnet34.npz,10000.0,1e-05,0.928,0.9,42.090038537979126,0.928,2.0
0.01,stl10,0.004,rbf,resnet34.npz,10000.0,1e-05,0.928,0.9,42.090038537979126,0.928,2.0
0.0,stl10,0.004,rbf,resnet34.npz,10000.0,1e-05,0.943,0.9,42.090038537979126,0.9454,2.0
100.0,stl10,0.005,rbf,resnet34.npz,10000.0,1.0,0.94325,0.9,71.71801614761353,0.9386,1.0
10.0,stl10,0.005,rbf,resnet34.npz,10000.0,1.0,0.95675,0.9,71.71801614761353,0.9518,1.0
1.0,stl10,0.005,rbf,resnet34.npz,10000.0,1.0,0.961875,0.9,71.71801614761353,0.955,1.0
0.1,stl10,0.005,rbf,resnet34.npz,10000.0,1.0,0.958125,0.9,71.71801614761353,0.9504,1.0
0.01,stl10,0.005,rbf,resnet34.npz,10000.0,1.0,0.949125,0.9,71.71801614761353,0.9482,1.0
0.0,stl10,0.005,rbf,resnet34.npz,10000.0,1.0,0.942625,0.9,71.71801614761353,0.9478,1.0
100.0,stl10,0.005,rbf,resnet34.npz,10000.0,0.1,0.929,0.9,69.65292382240295,0.929,1.0
10.0,stl10,0.005,rbf,resnet34.npz,10000.0,0.1,0.932,0.9,69.65292382240295,0.9304,1.0
1.0,stl10,0.005,rbf,resnet34.npz,10000.0,0.1,0.94325,0.9,69.65292382240295,0.9386,1.0
0.1,stl10,0.005,rbf,resnet34.npz,10000.0,0.1,0.95675,0.9,69.65292382240295,0.9518,1.0
0.01,stl10,0.005,rbf,resnet34.npz,10000.0,0.1,0.961875,0.9,69.65292382240295,0.955,1.0
0.0,stl10,0.005,rbf,resnet34.npz,10000.0,0.1,0.942625,0.9,69.65292382240295,0.9478,1.0
100.0,stl10,0.005,rbf,resnet34.npz,10000.0,0.01,0.929,0.9,110.30792284011841,0.9288,2.0
10.0,stl10,0.005,rbf,resnet34.npz,10000.0,0.01,0.929,0.9,110.30792284011841,0.9288,2.0
1.0,stl10,0.005,rbf,resnet34.npz,10000.0,0.01,0.929,0.9,110.30792284011841,0.929,2.0
0.1,stl10,0.005,rbf,resnet34.npz,10000.0,0.01,0.932,0.9,110.30792284011841,0.9304,2.0
0.01,stl10,0.005,rbf,resnet34.npz,10000.0,0.01,0.94325,0.9,110.30792284011841,0.9386,2.0
0.0,stl10,0.005,rbf,resnet34.npz,10000.0,0.01,0.942625,0.9,110.30792284011841,0.9478,2.0
100.0,stl10,0.005,rbf,resnet34.npz,10000.0,0.001,0.929,0.9,103.60336232185364,0.9288,2.0
10.0,stl10,0.005,rbf,resnet34.npz,10000.0,0.001,0.929,0.9,103.60336232185364,0.9288,2.0
1.0,stl10,0.005,rbf,resnet34.npz,10000.0,0.001,0.929,0.9,103.60336232185364,0.9288,2.0
0.1,stl10,0.005,rbf,resnet34.npz,10000.0,0.001,0.929,0.9,103.60336232185364,0.9288,2.0
0.01,stl10,0.005,rbf,resnet34.npz,10000.0,0.001,0.929,0.9,103.60336232185364,0.929,2.0
0.0,stl10,0.005,rbf,resnet34.npz,10000.0,0.001,0.942625,0.9,103.60336232185364,0.9478,2.0
100.0,stl10,0.005,rbf,resnet34.npz,10000.0,0.0001,0.929,0.9,34.95673203468323,0.9288,2.0
10.0,stl10,0.005,rbf,resnet34.npz,10000.0,0.0001,0.929,0.9,34.95673203468323,0.9288,2.0
1.0,stl10,0.005,rbf,resnet34.npz,10000.0,0.0001,0.929,0.9,34.95673203468323,0.9288,2.0
0.1,stl10,0.005,rbf,resnet34.npz,10000.0,0.0001,0.929,0.9,34.95673203468323,0.9288,2.0
0.01,stl10,0.005,rbf,resnet34.npz,10000.0,0.0001,0.929,0.9,34.95673203468323,0.9288,2.0
0.0,stl10,0.005,rbf,resnet34.npz,10000.0,0.0001,0.942625,0.9,34.95673203468323,0.9478,2.0
100.0,stl10,0.005,rbf,resnet34.npz,10000.0,1e-05,0.929,0.9,106.71859550476074,0.9288,2.0
10.0,stl10,0.005,rbf,resnet34.npz,10000.0,1e-05,0.929,0.9,106.71859550476074,0.9288,2.0
1.0,stl10,0.005,rbf,resnet34.npz,10000.0,1e-05,0.929,0.9,106.71859550476074,0.9288,2.0
0.1,stl10,0.005,rbf,resnet34.npz,10000.0,1e-05,0.929,0.9,106.71859550476074,0.9288,2.0
0.01,stl10,0.005,rbf,resnet34.npz,10000.0,1e-05,0.929,0.9,106.71859550476074,0.9288,2.0
0.0,stl10,0.005,rbf,resnet34.npz,10000.0,1e-05,0.942625,0.9,106.71859550476074,0.9478,2.0
100.0,stl10,0.006,rbf,resnet34.npz,10000.0,1.0,0.943375,0.9,35.32242035865784,0.9376,1.0
10.0,stl10,0.006,rbf,resnet34.npz,10000.0,1.0,0.95675,0.9,35.32242035865784,0.9518,1.0
1.0,stl10,0.006,rbf,resnet34.npz,10000.0,1.0,0.962,0.9,35.32242035865784,0.9546,1.0
0.1,stl10,0.006,rbf,resnet34.npz,10000.0,1.0,0.957,0.9,35.32242035865784,0.9498,1.0
0.01,stl10,0.006,rbf,resnet34.npz,10000.0,1.0,0.94675,0.9,35.32242035865784,0.9474,1.0
0.0,stl10,0.006,rbf,resnet34.npz,10000.0,1.0,0.94425,0.9,35.32242035865784,0.9464,1.0
100.0,stl10,0.006,rbf,resnet34.npz,10000.0,0.1,0.92975,0.9,36.51332211494446,0.929,1.0
10.0,stl10,0.006,rbf,resnet34.npz,10000.0,0.1,0.933,0.9,36.51332211494446,0.9318,1.0
1.0,stl10,0.006,rbf,resnet34.npz,10000.0,0.1,0.943375,0.9,36.51332211494446,0.9376,1.0
0.1,stl10,0.006,rbf,resnet34.npz,10000.0,0.1,0.95675,0.9,36.51332211494446,0.9518,1.0
0.01,stl10,0.006,rbf,resnet34.npz,10000.0,0.1,0.962,0.9,36.51332211494446,0.9546,1.0
0.0,stl10,0.006,rbf,resnet34.npz,10000.0,0.1,0.94425,0.9,36.51332211494446,0.9464,1.0
100.0,stl10,0.006,rbf,resnet34.npz,10000.0,0.01,0.929375,0.9,108.94746494293213,0.929,2.0
10.0,stl10,0.006,rbf,resnet34.npz,10000.0,0.01,0.929375,0.9,108.94746494293213,0.929,2.0
1.0,stl10,0.006,rbf,resnet34.npz,10000.0,0.01,0.92975,0.9,108.94746494293213,0.929,2.0
0.1,stl10,0.006,rbf,resnet34.npz,10000.0,0.01,0.933,0.9,108.94746494293213,0.9318,2.0
0.01,stl10,0.006,rbf,resnet34.npz,10000.0,0.01,0.943375,0.9,108.94746494293213,0.9376,2.0
0.0,stl10,0.006,rbf,resnet34.npz,10000.0,0.01,0.94425,0.9,108.94746494293213,0.9464,2.0
100.0,stl10,0.006,rbf,resnet34.npz,10000.0,0.001,0.929375,0.9,129.99476599693298,0.929,2.0
10.0,stl10,0.006,rbf,resnet34.npz,10000.0,0.001,0.929375,0.9,129.99476599693298,0.929,2.0
1.0,stl10,0.006,rbf,resnet34.npz,10000.0,0.001,0.929375,0.9,129.99476599693298,0.929,2.0
0.1,stl10,0.006,rbf,resnet34.npz,10000.0,0.001,0.929375,0.9,129.99476599693298,0.929,2.0
0.01,stl10,0.006,rbf,resnet34.npz,10000.0,0.001,0.92975,0.9,129.99476599693298,0.929,2.0
0.0,stl10,0.006,rbf,resnet34.npz,10000.0,0.001,0.94425,0.9,129.99476599693298,0.9464,2.0
100.0,stl10,0.006,rbf,resnet34.npz,10000.0,0.0001,0.929375,0.9,125.2076485157013,0.929,2.0
10.0,stl10,0.006,rbf,resnet34.npz,10000.0,0.0001,0.929375,0.9,125.2076485157013,0.929,2.0
1.0,stl10,0.006,rbf,resnet34.npz,10000.0,0.0001,0.929375,0.9,125.2076485157013,0.929,2.0
0.1,stl10,0.006,rbf,resnet34.npz,10000.0,0.0001,0.929375,0.9,125.2076485157013,0.929,2.0
0.01,stl10,0.006,rbf,resnet34.npz,10000.0,0.0001,0.929375,0.9,125.2076485157013,0.929,2.0
0.0,stl10,0.006,rbf,resnet34.npz,10000.0,0.0001,0.94425,0.9,125.2076485157013,0.9464,2.0
100.0,stl10,0.006,rbf,resnet34.npz,10000.0,1e-05,0.929375,0.9,130.7241439819336,0.929,2.0
10.0,stl10,0.006,rbf,resnet34.npz,10000.0,1e-05,0.929375,0.9,130.7241439819336,0.929,2.0
1.0,stl10,0.006,rbf,resnet34.npz,10000.0,1e-05,0.929375,0.9,130.7241439819336,0.929,2.0
0.1,stl10,0.006,rbf,resnet34.npz,10000.0,1e-05,0.929375,0.9,130.7241439819336,0.929,2.0
0.01,stl10,0.006,rbf,resnet34.npz,10000.0,1e-05,0.929375,0.9,130.7241439819336,0.929,2.0
0.0,stl10,0.006,rbf,resnet34.npz,10000.0,1e-05,0.94425,0.9,130.7241439819336,0.9464,2.0
100.0,stl10,0.007,rbf,resnet34.npz,10000.0,1.0,0.94375,0.9,31.23466420173645,0.9378,1.0
10.0,stl10,0.007,rbf,resnet34.npz,10000.0,1.0,0.956375,0.9,31.23466420173645,0.9512,1.0
1.0,stl10,0.007,rbf,resnet34.npz,10000.0,1.0,0.96225,0.9,31.23466420173645,0.9544,1.0
0.1,stl10,0.007,rbf,resnet34.npz,10000.0,1.0,0.956,0.9,31.23466420173645,0.95,1.0
0.01,stl10,0.007,rbf,resnet34.npz,10000.0,1.0,0.946625,0.9,31.23466420173645,0.9452,1.0
0.0,stl10,0.007,rbf,resnet34.npz,10000.0,1.0,0.94425,0.9,31.23466420173645,0.9444,1.0
100.0,stl10,0.007,rbf,resnet34.npz,10000.0,0.1,0.931125,0.9,34.006821632385254,0.9298,1.0
10.0,stl10,0.007,rbf,resnet34.npz,10000.0,0.1,0.933375,0.9,34.006821632385254,0.9312,1.0
1.0,stl10,0.007,rbf,resnet34.npz,10000.0,0.1,0.94375,0.9,34.006821632385254,0.9378,1.0
0.1,stl10,0.007,rbf,resnet34.npz,10000.0,0.1,0.956375,0.9,34.006821632385254,0.9512,1.0
0.01,stl10,0.007,rbf,resnet34.npz,10000.0,0.1,0.96225,0.9,34.006821632385254,0.9544,1.0
0.0,stl10,0.007,rbf,resnet34.npz,10000.0,0.1,0.94425,0.9,34.006821632385254,0.9444,1.0
100.0,stl10,0.007,rbf,resnet34.npz,10000.0,0.01,0.930875,0.9,108.33042120933533,0.9296,2.0
10.0,stl10,0.007,rbf,resnet34.npz,10000.0,0.01,0.930875,0.9,108.33042120933533,0.9296,2.0
1.0,stl10,0.007,rbf,resnet34.npz,10000.0,0.01,0.931125,0.9,108.33042120933533,0.9298,2.0
0.1,stl10,0.007,rbf,resnet34.npz,10000.0,0.01,0.933375,0.9,108.33042120933533,0.9312,2.0
0.01,stl10,0.007,rbf,resnet34.npz,10000.0,0.01,0.94375,0.9,108.33042120933533,0.9378,2.0
0.0,stl10,0.007,rbf,resnet34.npz,10000.0,0.01,0.94425,0.9,108.33042120933533,0.9444,2.0
100.0,stl10,0.007,rbf,resnet34.npz,10000.0,0.001,0.930875,0.9,113.19676160812378,0.9296,2.0
10.0,stl10,0.007,rbf,resnet34.npz,10000.0,0.001,0.930875,0.9,113.19676160812378,0.9296,2.0
1.0,stl10,0.007,rbf,resnet34.npz,10000.0,0.001,0.930875,0.9,113.19676160812378,0.9296,2.0
0.1,stl10,0.007,rbf,resnet34.npz,10000.0,0.001,0.930875,0.9,113.19676160812378,0.9296,2.0
0.01,stl10,0.007,rbf,resnet34.npz,10000.0,0.001,0.931125,0.9,113.19676160812378,0.9298,2.0
0.0,stl10,0.007,rbf,resnet34.npz,10000.0,0.001,0.94425,0.9,113.19676160812378,0.9444,2.0
100.0,stl10,0.007,rbf,resnet34.npz,10000.0,0.0001,0.930875,0.9,37.77257442474365,0.9296,2.0
10.0,stl10,0.007,rbf,resnet34.npz,10000.0,0.0001,0.930875,0.9,37.77257442474365,0.9296,2.0
1.0,stl10,0.007,rbf,resnet34.npz,10000.0,0.0001,0.930875,0.9,37.77257442474365,0.9296,2.0
0.1,stl10,0.007,rbf,resnet34.npz,10000.0,0.0001,0.930875,0.9,37.77257442474365,0.9296,2.0
0.01,stl10,0.007,rbf,resnet34.npz,10000.0,0.0001,0.930875,0.9,37.77257442474365,0.9296,2.0
0.0,stl10,0.007,rbf,resnet34.npz,10000.0,0.0001,0.94425,0.9,37.77257442474365,0.9444,2.0
100.0,stl10,0.007,rbf,resnet34.npz,10000.0,1e-05,0.930875,0.9,30.384464740753174,0.9296,2.0
10.0,stl10,0.007,rbf,resnet34.npz,10000.0,1e-05,0.930875,0.9,30.384464740753174,0.9296,2.0
1.0,stl10,0.007,rbf,resnet34.npz,10000.0,1e-05,0.930875,0.9,30.384464740753174,0.9296,2.0
0.1,stl10,0.007,rbf,resnet34.npz,10000.0,1e-05,0.930875,0.9,30.384464740753174,0.9296,2.0
0.01,stl10,0.007,rbf,resnet34.npz,10000.0,1e-05,0.930875,0.9,30.384464740753174,0.9296,2.0
0.0,stl10,0.007,rbf,resnet34.npz,10000.0,1e-05,0.94425,0.9,30.384464740753174,0.9444,2.0
100.0,stl10,0.008,rbf,resnet34.npz,10000.0,1.0,0.944375,0.9,44.244186878204346,0.9378,1.0
10.0,stl10,0.008,rbf,resnet34.npz,10000.0,1.0,0.956,0.9,44.244186878204346,0.9494,1.0
1.0,stl10,0.008,rbf,resnet34.npz,10000.0,1.0,0.961375,0.9,44.244186878204346,0.954,1.0
0.1,stl10,0.008,rbf,resnet34.npz,10000.0,1.0,0.954625,0.9,44.244186878204346,0.9488,1.0
0.01,stl10,0.008,rbf,resnet34.npz,10000.0,1.0,0.94625,0.9,44.244186878204346,0.9444,1.0
0.0,stl10,0.008,rbf,resnet34.npz,10000.0,1.0,0.94325,0.9,44.244186878204346,0.944,1.0
100.0,stl10,0.008,rbf,resnet34.npz,10000.0,0.1,0.931625,0.9,80.46227622032166,0.9308,1.0
10.0,stl10,0.008,rbf,resnet34.npz,10000.0,0.1,0.934,0.9,80.46227622032166,0.9316,1.0
1.0,stl10,0.008,rbf,resnet34.npz,10000.0,0.1,0.944375,0.9,80.46227622032166,0.9378,1.0
0.1,stl10,0.008,rbf,resnet34.npz,10000.0,0.1,0.956,0.9,80.46227622032166,0.9494,1.0
0.01,stl10,0.008,rbf,resnet34.npz,10000.0,0.1,0.961375,0.9,80.46227622032166,0.954,1.0
0.0,stl10,0.008,rbf,resnet34.npz,10000.0,0.1,0.94325,0.9,80.46227622032166,0.944,1.0
100.0,stl10,0.008,rbf,resnet34.npz,10000.0,0.01,0.931125,0.9,30.859755277633667,0.9306,2.0
10.0,stl10,0.008,rbf,resnet34.npz,10000.0,0.01,0.931125,0.9,30.859755277633667,0.9306,2.0
1.0,stl10,0.008,rbf,resnet34.npz,10000.0,0.01,0.931625,0.9,30.859755277633667,0.9308,2.0
0.1,stl10,0.008,rbf,resnet34.npz,10000.0,0.01,0.934,0.9,30.859755277633667,0.9316,2.0
0.01,stl10,0.008,rbf,resnet34.npz,10000.0,0.01,0.944375,0.9,30.859755277633667,0.9378,2.0
0.0,stl10,0.008,rbf,resnet34.npz,10000.0,0.01,0.94325,0.9,30.859755277633667,0.944,2.0
100.0,stl10,0.008,rbf,resnet34.npz,10000.0,0.001,0.931125,0.9,35.594395875930786,0.9306,2.0
10.0,stl10,0.008,rbf,resnet34.npz,10000.0,0.001,0.931125,0.9,35.594395875930786,0.9306,2.0
1.0,stl10,0.008,rbf,resnet34.npz,10000.0,0.001,0.931125,0.9,35.594395875930786,0.9306,2.0
0.1,stl10,0.008,rbf,resnet34.npz,10000.0,0.001,0.931125,0.9,35.594395875930786,0.9306,2.0
0.01,stl10,0.008,rbf,resnet34.npz,10000.0,0.001,0.931625,0.9,35.594395875930786,0.9308,2.0
0.0,stl10,0.008,rbf,resnet34.npz,10000.0,0.001,0.94325,0.9,35.594395875930786,0.944,2.0
100.0,stl10,0.008,rbf,resnet34.npz,10000.0,0.0001,0.931125,0.9,30.31392478942871,0.9306,2.0
10.0,stl10,0.008,rbf,resnet34.npz,10000.0,0.0001,0.931125,0.9,30.31392478942871,0.9306,2.0
1.0,stl10,0.008,rbf,resnet34.npz,10000.0,0.0001,0.931125,0.9,30.31392478942871,0.9306,2.0
0.1,stl10,0.008,rbf,resnet34.npz,10000.0,0.0001,0.931125,0.9,30.31392478942871,0.9306,2.0
0.01,stl10,0.008,rbf,resnet34.npz,10000.0,0.0001,0.931125,0.9,30.31392478942871,0.9306,2.0
0.0,stl10,0.008,rbf,resnet34.npz,10000.0,0.0001,0.94325,0.9,30.31392478942871,0.944,2.0
100.0,stl10,0.008,rbf,resnet34.npz,10000.0,1e-05,0.931125,0.9,113.3654637336731,0.9306,2.0
10.0,stl10,0.008,rbf,resnet34.npz,10000.0,1e-05,0.931125,0.9,113.3654637336731,0.9306,2.0
1.0,stl10,0.008,rbf,resnet34.npz,10000.0,1e-05,0.931125,0.9,113.3654637336731,0.9306,2.0
0.1,stl10,0.008,rbf,resnet34.npz,10000.0,1e-05,0.931125,0.9,113.3654637336731,0.9306,2.0
0.01,stl10,0.008,rbf,resnet34.npz,10000.0,1e-05,0.931125,0.9,113.3654637336731,0.9306,2.0
0.0,stl10,0.008,rbf,resnet34.npz,10000.0,1e-05,0.94325,0.9,113.3654637336731,0.944,2.0
100.0,stl10,0.009000000000000001,rbf,resnet34.npz,10000.0,1.0,0.943875,0.9,74.82247877120972,0.9378,1.0
10.0,stl10,0.009000000000000001,rbf,resnet34.npz,10000.0,1.0,0.956,0.9,74.82247877120972,0.949,1.0
1.0,stl10,0.009000000000000001,rbf,resnet34.npz,10000.0,1.0,0.9605,0.9,74.82247877120972,0.9532,1.0
0.1,stl10,0.009000000000000001,rbf,resnet34.npz,10000.0,1.0,0.953875,0.9,74.82247877120972,0.9484,1.0
0.01,stl10,0.009000000000000001,rbf,resnet34.npz,10000.0,1.0,0.945375,0.9,74.82247877120972,0.9468,1.0
0.0,stl10,0.009000000000000001,rbf,resnet34.npz,10000.0,1.0,0.941,0.9,74.82247877120972,0.9456,1.0
100.0,stl10,0.009000000000000001,rbf,resnet34.npz,10000.0,0.1,0.93275,0.9,79.4611587524414,0.9304,1.0
10.0,stl10,0.009000000000000001,rbf,resnet34.npz,10000.0,0.1,0.93425,0.9,79.4611587524414,0.9312,1.0
1.0,stl10,0.009000000000000001,rbf,resnet34.npz,10000.0,0.1,0.943875,0.9,79.4611587524414,0.9378,1.0
0.1,stl10,0.009000000000000001,rbf,resnet34.npz,10000.0,0.1,0.956,0.9,79.4611587524414,0.949,1.0
0.01,stl10,0.009000000000000001,rbf,resnet34.npz,10000.0,0.1,0.9605,0.9,79.4611587524414,0.9532,1.0
0.0,stl10,0.009000000000000001,rbf,resnet34.npz,10000.0,0.1,0.941,0.9,79.4611587524414,0.9456,1.0
100.0,stl10,0.009000000000000001,rbf,resnet34.npz,10000.0,0.01,0.93225,0.9,102.63636064529419,0.9304,2.0
10.0,stl10,0.009000000000000001,rbf,resnet34.npz,10000.0,0.01,0.93225,0.9,102.63636064529419,0.9304,2.0
1.0,stl10,0.009000000000000001,rbf,resnet34.npz,10000.0,0.01,0.93275,0.9,102.63636064529419,0.9304,2.0
0.1,stl10,0.009000000000000001,rbf,resnet34.npz,10000.0,0.01,0.93425,0.9,102.63636064529419,0.9312,2.0
0.01,stl10,0.009000000000000001,rbf,resnet34.npz,10000.0,0.01,0.943875,0.9,102.63636064529419,0.9378,2.0
0.0,stl10,0.009000000000000001,rbf,resnet34.npz,10000.0,0.01,0.941,0.9,102.63636064529419,0.9456,2.0
100.0,stl10,0.009000000000000001,rbf,resnet34.npz,10000.0,0.001,0.93225,0.9,31.297837257385254,0.9304,2.0
10.0,stl10,0.009000000000000001,rbf,resnet34.npz,10000.0,0.001,0.93225,0.9,31.297837257385254,0.9304,2.0
1.0,stl10,0.009000000000000001,rbf,resnet34.npz,10000.0,0.001,0.93225,0.9,31.297837257385254,0.9304,2.0
0.1,stl10,0.009000000000000001,rbf,resnet34.npz,10000.0,0.001,0.93225,0.9,31.297837257385254,0.9304,2.0
0.01,stl10,0.009000000000000001,rbf,resnet34.npz,10000.0,0.001,0.93275,0.9,31.297837257385254,0.9304,2.0
0.0,stl10,0.009000000000000001,rbf,resnet34.npz,10000.0,0.001,0.941,0.9,31.297837257385254,0.9456,2.0
100.0,stl10,0.009000000000000001,rbf,resnet34.npz,10000.0,0.0001,0.93225,0.9,116.17716789245605,0.9304,2.0
10.0,stl10,0.009000000000000001,rbf,resnet34.npz,10000.0,0.0001,0.93225,0.9,116.17716789245605,0.9304,2.0
1.0,stl10,0.009000000000000001,rbf,resnet34.npz,10000.0,0.0001,0.93225,0.9,116.17716789245605,0.9304,2.0
0.1,stl10,0.009000000000000001,rbf,resnet34.npz,10000.0,0.0001,0.93225,0.9,116.17716789245605,0.9304,2.0
0.01,stl10,0.009000000000000001,rbf,resnet34.npz,10000.0,0.0001,0.93225,0.9,116.17716789245605,0.9304,2.0
0.0,stl10,0.009000000000000001,rbf,resnet34.npz,10000.0,0.0001,0.941,0.9,116.17716789245605,0.9456,2.0
100.0,stl10,0.009000000000000001,rbf,resnet34.npz,10000.0,1e-05,0.93225,0.9,30.273341178894043,0.9304,2.0
10.0,stl10,0.009000000000000001,rbf,resnet34.npz,10000.0,1e-05,0.93225,0.9,30.273341178894043,0.9304,2.0
1.0,stl10,0.009000000000000001,rbf,resnet34.npz,10000.0,1e-05,0.93225,0.9,30.273341178894043,0.9304,2.0
0.1,stl10,0.009000000000000001,rbf,resnet34.npz,10000.0,1e-05,0.93225,0.9,30.273341178894043,0.9304,2.0
0.01,stl10,0.009000000000000001,rbf,resnet34.npz,10000.0,1e-05,0.93225,0.9,30.273341178894043,0.9304,2.0
0.0,stl10,0.009000000000000001,rbf,resnet34.npz,10000.0,1e-05,0.941,0.9,30.273341178894043,0.9456,2.0
