alpha,dataset,degree,dummy,kernel,model,output_dim,scale,test_score,threshold,training_time,validation_score,warnings
100.0,cifar10,0.5,0.0,opu,vgg16_bn_avgpool.npz,10000.0,1.0,0.7949,0.0,177.74075150489807,0.7784,0.0
10.0,cifar10,0.5,0.0,opu,vgg16_bn_avgpool.npz,10000.0,1.0,0.7949,0.0,177.74075150489807,0.7784,0.0
1.0,cifar10,0.5,0.0,opu,vgg16_bn_avgpool.npz,10000.0,1.0,0.7949,0.0,177.74075150489807,0.7784,0.0
0.1,cifar10,0.5,0.0,opu,vgg16_bn_avgpool.npz,10000.0,1.0,0.7949,0.0,177.74075150489807,0.7784,0.0
0.01,cifar10,0.5,0.0,opu,vgg16_bn_avgpool.npz,10000.0,1.0,0.7949,0.0,177.74075150489807,0.7784,0.0
0.0,cifar10,0.5,0.0,opu,vgg16_bn_avgpool.npz,10000.0,1.0,0.7949,0.0,177.74075150489807,0.7784,0.0
100.0,cifar10,0.5,0.0,opu,vgg16_bn_avgpool.npz,10000.0,0.1,0.7976,0.0,176.76038670539856,0.7815,0.0
10.0,cifar10,0.5,0.0,opu,vgg16_bn_avgpool.npz,10000.0,0.1,0.7952,0.0,176.76038670539856,0.7788,0.0
1.0,cifar10,0.5,0.0,opu,vgg16_bn_avgpool.npz,10000.0,0.1,0.7949,0.0,176.76038670539856,0.7784,0.0
0.1,cifar10,0.5,0.0,opu,vgg16_bn_avgpool.npz,10000.0,0.1,0.7949,0.0,176.76038670539856,0.7784,0.0
0.01,cifar10,0.5,0.0,opu,vgg16_bn_avgpool.npz,10000.0,0.1,0.7949,0.0,176.76038670539856,0.7784,0.0
0.0,cifar10,0.5,0.0,opu,vgg16_bn_avgpool.npz,10000.0,0.1,0.7949,0.0,176.76038670539856,0.7784,0.0
100.0,cifar10,0.5,0.0,opu,vgg16_bn_avgpool.npz,10000.0,0.01,0.8249,0.0,177.47048807144165,0.8164,0.0
10.0,cifar10,0.5,0.0,opu,vgg16_bn_avgpool.npz,10000.0,0.01,0.8073,0.0,177.47048807144165,0.7978,0.0
1.0,cifar10,0.5,0.0,opu,vgg16_bn_avgpool.npz,10000.0,0.01,0.7976,0.0,177.47048807144165,0.7815,0.0
0.1,cifar10,0.5,0.0,opu,vgg16_bn_avgpool.npz,10000.0,0.01,0.7953,0.0,177.47048807144165,0.7788,0.0
0.01,cifar10,0.5,0.0,opu,vgg16_bn_avgpool.npz,10000.0,0.01,0.7949,0.0,177.47048807144165,0.7784,0.0
0.0,cifar10,0.5,0.0,opu,vgg16_bn_avgpool.npz,10000.0,0.01,0.7949,0.0,177.47048807144165,0.7784,0.0
100.0,cifar10,0.5,0.0,opu,vgg16_bn_avgpool.npz,10000.0,0.001,0.6474,0.0,174.75260090827942,0.6416,0.0
10.0,cifar10,0.5,0.0,opu,vgg16_bn_avgpool.npz,10000.0,0.001,0.786,0.0,174.75260090827942,0.7733,0.0
1.0,cifar10,0.5,0.0,opu,vgg16_bn_avgpool.npz,10000.0,0.001,0.8249,0.0,174.75260090827942,0.8164,0.0
0.1,cifar10,0.5,0.0,opu,vgg16_bn_avgpool.npz,10000.0,0.001,0.8073,0.0,174.75260090827942,0.7978,0.0
0.01,cifar10,0.5,0.0,opu,vgg16_bn_avgpool.npz,10000.0,0.001,0.7976,0.0,174.75260090827942,0.7815,0.0
0.0,cifar10,0.5,0.0,opu,vgg16_bn_avgpool.npz,10000.0,0.001,0.7949,0.0,174.75260090827942,0.7784,0.0
100.0,cifar10,0.5,0.0,opu,vgg16_bn_avgpool.npz,10000.0,0.0001,0.4343,0.0,175.46524095535278,0.381,0.0
10.0,cifar10,0.5,0.0,opu,vgg16_bn_avgpool.npz,10000.0,0.0001,0.4729,0.0,175.46524095535278,0.4863,0.0
1.0,cifar10,0.5,0.0,opu,vgg16_bn_avgpool.npz,10000.0,0.0001,0.6474,0.0,175.46524095535278,0.6416,0.0
0.1,cifar10,0.5,0.0,opu,vgg16_bn_avgpool.npz,10000.0,0.0001,0.786,0.0,175.46524095535278,0.7733,0.0
0.01,cifar10,0.5,0.0,opu,vgg16_bn_avgpool.npz,10000.0,0.0001,0.8249,0.0,175.46524095535278,0.8164,0.0
0.0,cifar10,0.5,0.0,opu,vgg16_bn_avgpool.npz,10000.0,0.0001,0.7949,0.0,175.46524095535278,0.7784,0.0
100.0,cifar10,0.5,0.0,opu,vgg16_bn_avgpool.npz,10000.0,1e-05,0.4269,0.0,175.0908181667328,0.0952,0.0
10.0,cifar10,0.5,0.0,opu,vgg16_bn_avgpool.npz,10000.0,1e-05,0.4278,0.0,175.0908181667328,0.0952,0.0
1.0,cifar10,0.5,0.0,opu,vgg16_bn_avgpool.npz,10000.0,1e-05,0.4343,0.0,175.0908181667328,0.381,0.0
0.1,cifar10,0.5,0.0,opu,vgg16_bn_avgpool.npz,10000.0,1e-05,0.4729,0.0,175.0908181667328,0.4863,0.0
0.01,cifar10,0.5,0.0,opu,vgg16_bn_avgpool.npz,10000.0,1e-05,0.6474,0.0,175.0908181667328,0.6416,0.0
0.0,cifar10,0.5,0.0,opu,vgg16_bn_avgpool.npz,10000.0,1e-05,0.7949,0.0,175.0908181667328,0.7784,0.0
100.0,cifar10,0.5,1.0,opu,vgg16_bn_avgpool.npz,10000.0,1.0,0.8003,0.0,173.25734615325928,0.7849,0.0
10.0,cifar10,0.5,1.0,opu,vgg16_bn_avgpool.npz,10000.0,1.0,0.8003,0.0,173.25734615325928,0.7848,0.0
1.0,cifar10,0.5,1.0,opu,vgg16_bn_avgpool.npz,10000.0,1.0,0.8003,0.0,173.25734615325928,0.7848,0.0
0.1,cifar10,0.5,1.0,opu,vgg16_bn_avgpool.npz,10000.0,1.0,0.8003,0.0,173.25734615325928,0.7848,0.0
0.01,cifar10,0.5,1.0,opu,vgg16_bn_avgpool.npz,10000.0,1.0,0.8003,0.0,173.25734615325928,0.7848,0.0
0.0,cifar10,0.5,1.0,opu,vgg16_bn_avgpool.npz,10000.0,1.0,0.8003,0.0,173.25734615325928,0.7848,0.0
100.0,cifar10,0.5,1.0,opu,vgg16_bn_avgpool.npz,10000.0,0.1,0.8014,0.0,179.28285121917725,0.7878,0.0
10.0,cifar10,0.5,1.0,opu,vgg16_bn_avgpool.npz,10000.0,0.1,0.8005,0.0,179.28285121917725,0.785,0.0
1.0,cifar10,0.5,1.0,opu,vgg16_bn_avgpool.npz,10000.0,0.1,0.8003,0.0,179.28285121917725,0.7849,0.0
0.1,cifar10,0.5,1.0,opu,vgg16_bn_avgpool.npz,10000.0,0.1,0.8003,0.0,179.28285121917725,0.7848,0.0
0.01,cifar10,0.5,1.0,opu,vgg16_bn_avgpool.npz,10000.0,0.1,0.8003,0.0,179.28285121917725,0.7848,0.0
0.0,cifar10,0.5,1.0,opu,vgg16_bn_avgpool.npz,10000.0,0.1,0.8003,0.0,179.28285121917725,0.7848,0.0
100.0,cifar10,0.5,1.0,opu,vgg16_bn_avgpool.npz,10000.0,0.01,0.8211,0.0,178.46012592315674,0.8216,0.0
10.0,cifar10,0.5,1.0,opu,vgg16_bn_avgpool.npz,10000.0,0.01,0.8074,0.0,178.46012592315674,0.805,0.0
1.0,cifar10,0.5,1.0,opu,vgg16_bn_avgpool.npz,10000.0,0.01,0.8014,0.0,178.46012592315674,0.7878,0.0
0.1,cifar10,0.5,1.0,opu,vgg16_bn_avgpool.npz,10000.0,0.01,0.8005,0.0,178.46012592315674,0.785,0.0
0.01,cifar10,0.5,1.0,opu,vgg16_bn_avgpool.npz,10000.0,0.01,0.8003,0.0,178.46012592315674,0.7849,0.0
0.0,cifar10,0.5,1.0,opu,vgg16_bn_avgpool.npz,10000.0,0.01,0.8003,0.0,178.46012592315674,0.7848,0.0
100.0,cifar10,0.5,1.0,opu,vgg16_bn_avgpool.npz,10000.0,0.001,0.6564,0.0,171.86077976226807,0.6463,0.0
10.0,cifar10,0.5,1.0,opu,vgg16_bn_avgpool.npz,10000.0,0.001,0.7851,0.0,171.86077976226807,0.78,0.0
1.0,cifar10,0.5,1.0,opu,vgg16_bn_avgpool.npz,10000.0,0.001,0.8211,0.0,171.86077976226807,0.8216,0.0
0.1,cifar10,0.5,1.0,opu,vgg16_bn_avgpool.npz,10000.0,0.001,0.8074,0.0,171.86077976226807,0.8051,0.0
0.01,cifar10,0.5,1.0,opu,vgg16_bn_avgpool.npz,10000.0,0.001,0.8014,0.0,171.86077976226807,0.7878,0.0
0.0,cifar10,0.5,1.0,opu,vgg16_bn_avgpool.npz,10000.0,0.001,0.8003,0.0,171.86077976226807,0.7848,0.0
100.0,cifar10,0.5,1.0,opu,vgg16_bn_avgpool.npz,10000.0,0.0001,0.4364,0.0,173.734365940094,0.3732,0.0
10.0,cifar10,0.5,1.0,opu,vgg16_bn_avgpool.npz,10000.0,0.0001,0.4767,0.0,173.734365940094,0.4883,0.0
1.0,cifar10,0.5,1.0,opu,vgg16_bn_avgpool.npz,10000.0,0.0001,0.6564,0.0,173.734365940094,0.6463,0.0
0.1,cifar10,0.5,1.0,opu,vgg16_bn_avgpool.npz,10000.0,0.0001,0.7851,0.0,173.734365940094,0.78,0.0
0.01,cifar10,0.5,1.0,opu,vgg16_bn_avgpool.npz,10000.0,0.0001,0.8211,0.0,173.734365940094,0.8216,0.0
0.0,cifar10,0.5,1.0,opu,vgg16_bn_avgpool.npz,10000.0,0.0001,0.8003,0.0,173.734365940094,0.7848,0.0
100.0,cifar10,0.5,1.0,opu,vgg16_bn_avgpool.npz,10000.0,1e-05,0.4306,0.0,176.90824604034424,0.0952,0.0
10.0,cifar10,0.5,1.0,opu,vgg16_bn_avgpool.npz,10000.0,1e-05,0.4307,0.0,176.90824604034424,0.0952,0.0
1.0,cifar10,0.5,1.0,opu,vgg16_bn_avgpool.npz,10000.0,1e-05,0.4364,0.0,176.90824604034424,0.3732,0.0
0.1,cifar10,0.5,1.0,opu,vgg16_bn_avgpool.npz,10000.0,1e-05,0.4767,0.0,176.90824604034424,0.4883,0.0
0.01,cifar10,0.5,1.0,opu,vgg16_bn_avgpool.npz,10000.0,1e-05,0.6564,0.0,176.90824604034424,0.6463,0.0
0.0,cifar10,0.5,1.0,opu,vgg16_bn_avgpool.npz,10000.0,1e-05,0.8003,0.0,176.90824604034424,0.7848,0.0
100.0,cifar10,0.5,5.0,opu,vgg16_bn_avgpool.npz,10000.0,1.0,0.8022,0.0,176.2247154712677,0.7864,0.0
10.0,cifar10,0.5,5.0,opu,vgg16_bn_avgpool.npz,10000.0,1.0,0.8022,0.0,176.2247154712677,0.7861,0.0
1.0,cifar10,0.5,5.0,opu,vgg16_bn_avgpool.npz,10000.0,1.0,0.8022,0.0,176.2247154712677,0.7861,0.0
0.1,cifar10,0.5,5.0,opu,vgg16_bn_avgpool.npz,10000.0,1.0,0.8022,0.0,176.2247154712677,0.7861,0.0
0.01,cifar10,0.5,5.0,opu,vgg16_bn_avgpool.npz,10000.0,1.0,0.8022,0.0,176.2247154712677,0.7861,0.0
0.0,cifar10,0.5,5.0,opu,vgg16_bn_avgpool.npz,10000.0,1.0,0.8022,0.0,176.2247154712677,0.7861,0.0
100.0,cifar10,0.5,5.0,opu,vgg16_bn_avgpool.npz,10000.0,0.1,0.804,0.0,177.25104784965515,0.7894,0.0
10.0,cifar10,0.5,5.0,opu,vgg16_bn_avgpool.npz,10000.0,0.1,0.8023,0.0,177.25104784965515,0.787,0.0
1.0,cifar10,0.5,5.0,opu,vgg16_bn_avgpool.npz,10000.0,0.1,0.8022,0.0,177.25104784965515,0.7864,0.0
0.1,cifar10,0.5,5.0,opu,vgg16_bn_avgpool.npz,10000.0,0.1,0.8022,0.0,177.25104784965515,0.7861,0.0
0.01,cifar10,0.5,5.0,opu,vgg16_bn_avgpool.npz,10000.0,0.1,0.8022,0.0,177.25104784965515,0.7861,0.0
0.0,cifar10,0.5,5.0,opu,vgg16_bn_avgpool.npz,10000.0,0.1,0.8022,0.0,177.25104784965515,0.7861,0.0
100.0,cifar10,0.5,5.0,opu,vgg16_bn_avgpool.npz,10000.0,0.01,0.8278,0.0,176.72056221961975,0.8204,0.0
10.0,cifar10,0.5,5.0,opu,vgg16_bn_avgpool.npz,10000.0,0.01,0.8139,0.0,176.72056221961975,0.8064,0.0
1.0,cifar10,0.5,5.0,opu,vgg16_bn_avgpool.npz,10000.0,0.01,0.804,0.0,176.72056221961975,0.7894,0.0
0.1,cifar10,0.5,5.0,opu,vgg16_bn_avgpool.npz,10000.0,0.01,0.8023,0.0,176.72056221961975,0.787,0.0
0.01,cifar10,0.5,5.0,opu,vgg16_bn_avgpool.npz,10000.0,0.01,0.8022,0.0,176.72056221961975,0.7864,0.0
0.0,cifar10,0.5,5.0,opu,vgg16_bn_avgpool.npz,10000.0,0.01,0.8022,0.0,176.72056221961975,0.7861,0.0
100.0,cifar10,0.5,5.0,opu,vgg16_bn_avgpool.npz,10000.0,0.001,0.6529,0.0,174.78957390785217,0.6474,0.0
10.0,cifar10,0.5,5.0,opu,vgg16_bn_avgpool.npz,10000.0,0.001,0.7851,0.0,174.78957390785217,0.777,0.0
1.0,cifar10,0.5,5.0,opu,vgg16_bn_avgpool.npz,10000.0,0.001,0.8278,0.0,174.78957390785217,0.8204,0.0
0.1,cifar10,0.5,5.0,opu,vgg16_bn_avgpool.npz,10000.0,0.001,0.8139,0.0,174.78957390785217,0.8064,0.0
0.01,cifar10,0.5,5.0,opu,vgg16_bn_avgpool.npz,10000.0,0.001,0.804,0.0,174.78957390785217,0.7894,0.0
0.0,cifar10,0.5,5.0,opu,vgg16_bn_avgpool.npz,10000.0,0.001,0.8022,0.0,174.78957390785217,0.7861,0.0
100.0,cifar10,0.5,5.0,opu,vgg16_bn_avgpool.npz,10000.0,0.0001,0.4309,0.0,177.20069289207458,0.3781,0.0
10.0,cifar10,0.5,5.0,opu,vgg16_bn_avgpool.npz,10000.0,0.0001,0.4756,0.0,177.20069289207458,0.4876,0.0
1.0,cifar10,0.5,5.0,opu,vgg16_bn_avgpool.npz,10000.0,0.0001,0.6529,0.0,177.20069289207458,0.6474,0.0
0.1,cifar10,0.5,5.0,opu,vgg16_bn_avgpool.npz,10000.0,0.0001,0.7851,0.0,177.20069289207458,0.777,0.0
0.01,cifar10,0.5,5.0,opu,vgg16_bn_avgpool.npz,10000.0,0.0001,0.8278,0.0,177.20069289207458,0.8204,0.0
0.0,cifar10,0.5,5.0,opu,vgg16_bn_avgpool.npz,10000.0,0.0001,0.8022,0.0,177.20069289207458,0.7861,0.0
100.0,cifar10,0.5,5.0,opu,vgg16_bn_avgpool.npz,10000.0,1e-05,0.4238,0.0,178.04060697555542,0.0952,0.0
10.0,cifar10,0.5,5.0,opu,vgg16_bn_avgpool.npz,10000.0,1e-05,0.4244,0.0,178.04060697555542,0.0952,0.0
1.0,cifar10,0.5,5.0,opu,vgg16_bn_avgpool.npz,10000.0,1e-05,0.4309,0.0,178.04060697555542,0.3781,0.0
0.1,cifar10,0.5,5.0,opu,vgg16_bn_avgpool.npz,10000.0,1e-05,0.4756,0.0,178.04060697555542,0.4876,0.0
0.01,cifar10,0.5,5.0,opu,vgg16_bn_avgpool.npz,10000.0,1e-05,0.6529,0.0,178.04060697555542,0.6474,0.0
0.0,cifar10,0.5,5.0,opu,vgg16_bn_avgpool.npz,10000.0,1e-05,0.8022,0.0,178.04060697555542,0.7861,0.0
100.0,cifar10,0.5,10.0,opu,vgg16_bn_avgpool.npz,10000.0,1.0,0.7966,0.0,181.80770540237427,0.7885,0.0
10.0,cifar10,0.5,10.0,opu,vgg16_bn_avgpool.npz,10000.0,1.0,0.7965,0.0,181.80770540237427,0.7884,0.0
1.0,cifar10,0.5,10.0,opu,vgg16_bn_avgpool.npz,10000.0,1.0,0.7965,0.0,181.80770540237427,0.7884,0.0
0.1,cifar10,0.5,10.0,opu,vgg16_bn_avgpool.npz,10000.0,1.0,0.7965,0.0,181.80770540237427,0.7884,0.0
0.01,cifar10,0.5,10.0,opu,vgg16_bn_avgpool.npz,10000.0,1.0,0.7965,0.0,181.80770540237427,0.7884,0.0
0.0,cifar10,0.5,10.0,opu,vgg16_bn_avgpool.npz,10000.0,1.0,0.7965,0.0,181.80770540237427,0.7884,0.0
100.0,cifar10,0.5,10.0,opu,vgg16_bn_avgpool.npz,10000.0,0.1,0.7988,0.0,175.95457220077515,0.7927,0.0
10.0,cifar10,0.5,10.0,opu,vgg16_bn_avgpool.npz,10000.0,0.1,0.7967,0.0,175.95457220077515,0.789,0.0
1.0,cifar10,0.5,10.0,opu,vgg16_bn_avgpool.npz,10000.0,0.1,0.7966,0.0,175.95457220077515,0.7885,0.0
0.1,cifar10,0.5,10.0,opu,vgg16_bn_avgpool.npz,10000.0,0.1,0.7965,0.0,175.95457220077515,0.7884,0.0
0.01,cifar10,0.5,10.0,opu,vgg16_bn_avgpool.npz,10000.0,0.1,0.7965,0.0,175.95457220077515,0.7884,0.0
0.0,cifar10,0.5,10.0,opu,vgg16_bn_avgpool.npz,10000.0,0.1,0.7965,0.0,175.95457220077515,0.7884,0.0
100.0,cifar10,0.5,10.0,opu,vgg16_bn_avgpool.npz,10000.0,0.01,0.8208,0.0,175.76575756072998,0.825,0.0
10.0,cifar10,0.5,10.0,opu,vgg16_bn_avgpool.npz,10000.0,0.01,0.8061,0.0,175.76575756072998,0.8089,0.0
1.0,cifar10,0.5,10.0,opu,vgg16_bn_avgpool.npz,10000.0,0.01,0.7988,0.0,175.76575756072998,0.7927,0.0
0.1,cifar10,0.5,10.0,opu,vgg16_bn_avgpool.npz,10000.0,0.01,0.7967,0.0,175.76575756072998,0.789,0.0
0.01,cifar10,0.5,10.0,opu,vgg16_bn_avgpool.npz,10000.0,0.01,0.7966,0.0,175.76575756072998,0.7885,0.0
0.0,cifar10,0.5,10.0,opu,vgg16_bn_avgpool.npz,10000.0,0.01,0.7965,0.0,175.76575756072998,0.7884,0.0
100.0,cifar10,0.5,10.0,opu,vgg16_bn_avgpool.npz,10000.0,0.001,0.6614,0.0,175.33110570907593,0.6498,0.0
10.0,cifar10,0.5,10.0,opu,vgg16_bn_avgpool.npz,10000.0,0.001,0.7887,0.0,175.33110570907593,0.7804,0.0
1.0,cifar10,0.5,10.0,opu,vgg16_bn_avgpool.npz,10000.0,0.001,0.8208,0.0,175.33110570907593,0.825,0.0
0.1,cifar10,0.5,10.0,opu,vgg16_bn_avgpool.npz,10000.0,0.001,0.8061,0.0,175.33110570907593,0.8089,0.0
0.01,cifar10,0.5,10.0,opu,vgg16_bn_avgpool.npz,10000.0,0.001,0.7988,0.0,175.33110570907593,0.7927,0.0
0.0,cifar10,0.5,10.0,opu,vgg16_bn_avgpool.npz,10000.0,0.001,0.7965,0.0,175.33110570907593,0.7884,0.0
100.0,cifar10,0.5,10.0,opu,vgg16_bn_avgpool.npz,10000.0,0.0001,0.4472,0.0,174.28438329696655,0.3806,0.0
10.0,cifar10,0.5,10.0,opu,vgg16_bn_avgpool.npz,10000.0,0.0001,0.4884,0.0,174.28438329696655,0.4992,0.0
1.0,cifar10,0.5,10.0,opu,vgg16_bn_avgpool.npz,10000.0,0.0001,0.6614,0.0,174.28438329696655,0.6498,0.0
0.1,cifar10,0.5,10.0,opu,vgg16_bn_avgpool.npz,10000.0,0.0001,0.7887,0.0,174.28438329696655,0.7804,0.0
0.01,cifar10,0.5,10.0,opu,vgg16_bn_avgpool.npz,10000.0,0.0001,0.8208,0.0,174.28438329696655,0.825,0.0
0.0,cifar10,0.5,10.0,opu,vgg16_bn_avgpool.npz,10000.0,0.0001,0.7965,0.0,174.28438329696655,0.7884,0.0
100.0,cifar10,0.5,10.0,opu,vgg16_bn_avgpool.npz,10000.0,1e-05,0.4418,0.0,175.94769740104675,0.0952,0.0
10.0,cifar10,0.5,10.0,opu,vgg16_bn_avgpool.npz,10000.0,1e-05,0.4425,0.0,175.94769740104675,0.0952,0.0
1.0,cifar10,0.5,10.0,opu,vgg16_bn_avgpool.npz,10000.0,1e-05,0.4472,0.0,175.94769740104675,0.3806,0.0
0.1,cifar10,0.5,10.0,opu,vgg16_bn_avgpool.npz,10000.0,1e-05,0.4884,0.0,175.94769740104675,0.4992,0.0
0.01,cifar10,0.5,10.0,opu,vgg16_bn_avgpool.npz,10000.0,1e-05,0.6614,0.0,175.94769740104675,0.6498,0.0
0.0,cifar10,0.5,10.0,opu,vgg16_bn_avgpool.npz,10000.0,1e-05,0.7965,0.0,175.94769740104675,0.7884,0.0
100.0,cifar10,0.5,20.0,opu,vgg16_bn_avgpool.npz,10000.0,1.0,0.8039,0.0,175.8791880607605,0.793,0.0
10.0,cifar10,0.5,20.0,opu,vgg16_bn_avgpool.npz,10000.0,1.0,0.804,0.0,175.8791880607605,0.793,0.0
1.0,cifar10,0.5,20.0,opu,vgg16_bn_avgpool.npz,10000.0,1.0,0.804,0.0,175.8791880607605,0.793,0.0
0.1,cifar10,0.5,20.0,opu,vgg16_bn_avgpool.npz,10000.0,1.0,0.804,0.0,175.8791880607605,0.793,0.0
0.01,cifar10,0.5,20.0,opu,vgg16_bn_avgpool.npz,10000.0,1.0,0.804,0.0,175.8791880607605,0.793,0.0
0.0,cifar10,0.5,20.0,opu,vgg16_bn_avgpool.npz,10000.0,1.0,0.804,0.0,175.8791880607605,0.793,0.0
100.0,cifar10,0.5,20.0,opu,vgg16_bn_avgpool.npz,10000.0,0.1,0.8045,0.0,177.61368441581726,0.7953,0.0
10.0,cifar10,0.5,20.0,opu,vgg16_bn_avgpool.npz,10000.0,0.1,0.804,0.0,177.61368441581726,0.7931,0.0
1.0,cifar10,0.5,20.0,opu,vgg16_bn_avgpool.npz,10000.0,0.1,0.8039,0.0,177.61368441581726,0.793,0.0
0.1,cifar10,0.5,20.0,opu,vgg16_bn_avgpool.npz,10000.0,0.1,0.804,0.0,177.61368441581726,0.793,0.0
0.01,cifar10,0.5,20.0,opu,vgg16_bn_avgpool.npz,10000.0,0.1,0.804,0.0,177.61368441581726,0.793,0.0
0.0,cifar10,0.5,20.0,opu,vgg16_bn_avgpool.npz,10000.0,0.1,0.804,0.0,177.61368441581726,0.793,0.0
100.0,cifar10,0.5,20.0,opu,vgg16_bn_avgpool.npz,10000.0,0.01,0.8312,0.0,174.9963185787201,0.8253,0.0
10.0,cifar10,0.5,20.0,opu,vgg16_bn_avgpool.npz,10000.0,0.01,0.8148,0.0,174.9963185787201,0.8115,0.0
1.0,cifar10,0.5,20.0,opu,vgg16_bn_avgpool.npz,10000.0,0.01,0.8045,0.0,174.9963185787201,0.7953,0.0
0.1,cifar10,0.5,20.0,opu,vgg16_bn_avgpool.npz,10000.0,0.01,0.804,0.0,174.9963185787201,0.7931,0.0
0.01,cifar10,0.5,20.0,opu,vgg16_bn_avgpool.npz,10000.0,0.01,0.8039,0.0,174.9963185787201,0.793,0.0
0.0,cifar10,0.5,20.0,opu,vgg16_bn_avgpool.npz,10000.0,0.01,0.804,0.0,174.9963185787201,0.793,0.0
100.0,cifar10,0.5,20.0,opu,vgg16_bn_avgpool.npz,10000.0,0.001,0.6789,0.0,172.85377717018127,0.6731,0.0
10.0,cifar10,0.5,20.0,opu,vgg16_bn_avgpool.npz,10000.0,0.001,0.7932,0.0,172.85377717018127,0.7858,0.0
1.0,cifar10,0.5,20.0,opu,vgg16_bn_avgpool.npz,10000.0,0.001,0.8312,0.0,172.85377717018127,0.8253,0.0
0.1,cifar10,0.5,20.0,opu,vgg16_bn_avgpool.npz,10000.0,0.001,0.8148,0.0,172.85377717018127,0.8115,0.0
0.01,cifar10,0.5,20.0,opu,vgg16_bn_avgpool.npz,10000.0,0.001,0.8045,0.0,172.85377717018127,0.7953,0.0
0.0,cifar10,0.5,20.0,opu,vgg16_bn_avgpool.npz,10000.0,0.001,0.804,0.0,172.85377717018127,0.793,0.0
100.0,cifar10,0.5,20.0,opu,vgg16_bn_avgpool.npz,10000.0,0.0001,0.4755,0.0,178.49627375602722,0.4245,0.0
10.0,cifar10,0.5,20.0,opu,vgg16_bn_avgpool.npz,10000.0,0.0001,0.5157,0.0,178.49627375602722,0.5353,0.0
1.0,cifar10,0.5,20.0,opu,vgg16_bn_avgpool.npz,10000.0,0.0001,0.6789,0.0,178.49627375602722,0.6731,0.0
0.1,cifar10,0.5,20.0,opu,vgg16_bn_avgpool.npz,10000.0,0.0001,0.7932,0.0,178.49627375602722,0.7858,0.0
0.01,cifar10,0.5,20.0,opu,vgg16_bn_avgpool.npz,10000.0,0.0001,0.8312,0.0,178.49627375602722,0.8253,0.0
0.0,cifar10,0.5,20.0,opu,vgg16_bn_avgpool.npz,10000.0,0.0001,0.804,0.0,178.49627375602722,0.793,0.0
100.0,cifar10,0.5,20.0,opu,vgg16_bn_avgpool.npz,10000.0,1e-05,0.4711,0.0,174.97230434417725,0.0952,0.0
10.0,cifar10,0.5,20.0,opu,vgg16_bn_avgpool.npz,10000.0,1e-05,0.4717,0.0,174.97230434417725,0.0952,0.0
1.0,cifar10,0.5,20.0,opu,vgg16_bn_avgpool.npz,10000.0,1e-05,0.4755,0.0,174.97230434417725,0.4245,0.0
0.1,cifar10,0.5,20.0,opu,vgg16_bn_avgpool.npz,10000.0,1e-05,0.5157,0.0,174.97230434417725,0.5353,0.0
0.01,cifar10,0.5,20.0,opu,vgg16_bn_avgpool.npz,10000.0,1e-05,0.6789,0.0,174.97230434417725,0.6731,0.0
0.0,cifar10,0.5,20.0,opu,vgg16_bn_avgpool.npz,10000.0,1e-05,0.804,0.0,174.97230434417725,0.793,0.0
100.0,cifar10,1.0,0.0,opu,vgg16_bn_avgpool.npz,10000.0,1.0,0.7939,0.0,175.6637852191925,0.7823,0.0
10.0,cifar10,1.0,0.0,opu,vgg16_bn_avgpool.npz,10000.0,1.0,0.7939,0.0,175.6637852191925,0.7823,0.0
1.0,cifar10,1.0,0.0,opu,vgg16_bn_avgpool.npz,10000.0,1.0,0.7939,0.0,175.6637852191925,0.7823,0.0
0.1,cifar10,1.0,0.0,opu,vgg16_bn_avgpool.npz,10000.0,1.0,0.7939,0.0,175.6637852191925,0.7823,0.0
0.01,cifar10,1.0,0.0,opu,vgg16_bn_avgpool.npz,10000.0,1.0,0.7939,0.0,175.6637852191925,0.7823,0.0
0.0,cifar10,1.0,0.0,opu,vgg16_bn_avgpool.npz,10000.0,1.0,0.7939,0.0,175.6637852191925,0.7823,0.0
100.0,cifar10,1.0,0.0,opu,vgg16_bn_avgpool.npz,10000.0,0.1,0.7939,0.0,178.43120098114014,0.7823,0.0
10.0,cifar10,1.0,0.0,opu,vgg16_bn_avgpool.npz,10000.0,0.1,0.7939,0.0,178.43120098114014,0.7823,0.0
1.0,cifar10,1.0,0.0,opu,vgg16_bn_avgpool.npz,10000.0,0.1,0.7939,0.0,178.43120098114014,0.7823,0.0
0.1,cifar10,1.0,0.0,opu,vgg16_bn_avgpool.npz,10000.0,0.1,0.7939,0.0,178.43120098114014,0.7823,0.0
0.01,cifar10,1.0,0.0,opu,vgg16_bn_avgpool.npz,10000.0,0.1,0.7939,0.0,178.43120098114014,0.7823,0.0
0.0,cifar10,1.0,0.0,opu,vgg16_bn_avgpool.npz,10000.0,0.1,0.7939,0.0,178.43120098114014,0.7823,0.0
100.0,cifar10,1.0,0.0,opu,vgg16_bn_avgpool.npz,10000.0,0.01,0.7945,0.0,176.5211706161499,0.7831,0.0
10.0,cifar10,1.0,0.0,opu,vgg16_bn_avgpool.npz,10000.0,0.01,0.7941,0.0,176.5211706161499,0.7823,0.0
1.0,cifar10,1.0,0.0,opu,vgg16_bn_avgpool.npz,10000.0,0.01,0.7939,0.0,176.5211706161499,0.7823,0.0
0.1,cifar10,1.0,0.0,opu,vgg16_bn_avgpool.npz,10000.0,0.01,0.7939,0.0,176.5211706161499,0.7823,0.0
0.01,cifar10,1.0,0.0,opu,vgg16_bn_avgpool.npz,10000.0,0.01,0.7939,0.0,176.5211706161499,0.7823,0.0
0.0,cifar10,1.0,0.0,opu,vgg16_bn_avgpool.npz,10000.0,0.01,0.7939,0.0,176.5211706161499,0.7823,0.0
100.0,cifar10,1.0,0.0,opu,vgg16_bn_avgpool.npz,10000.0,0.001,0.8194,0.0,176.79384756088257,0.8172,0.0
10.0,cifar10,1.0,0.0,opu,vgg16_bn_avgpool.npz,10000.0,0.001,0.8014,0.0,176.79384756088257,0.7952,0.0
1.0,cifar10,1.0,0.0,opu,vgg16_bn_avgpool.npz,10000.0,0.001,0.7945,0.0,176.79384756088257,0.7831,0.0
0.1,cifar10,1.0,0.0,opu,vgg16_bn_avgpool.npz,10000.0,0.001,0.7941,0.0,176.79384756088257,0.7823,0.0
0.01,cifar10,1.0,0.0,opu,vgg16_bn_avgpool.npz,10000.0,0.001,0.7939,0.0,176.79384756088257,0.7823,0.0
0.0,cifar10,1.0,0.0,opu,vgg16_bn_avgpool.npz,10000.0,0.001,0.7939,0.0,176.79384756088257,0.7823,0.0
100.0,cifar10,1.0,0.0,opu,vgg16_bn_avgpool.npz,10000.0,0.0001,0.7214,0.0,175.36459302902222,0.7078,0.0
10.0,cifar10,1.0,0.0,opu,vgg16_bn_avgpool.npz,10000.0,0.0001,0.8082,0.0,175.36459302902222,0.8019,0.0
1.0,cifar10,1.0,0.0,opu,vgg16_bn_avgpool.npz,10000.0,0.0001,0.8194,0.0,175.36459302902222,0.8172,0.0
0.1,cifar10,1.0,0.0,opu,vgg16_bn_avgpool.npz,10000.0,0.0001,0.8014,0.0,175.36459302902222,0.7952,0.0
0.01,cifar10,1.0,0.0,opu,vgg16_bn_avgpool.npz,10000.0,0.0001,0.7945,0.0,175.36459302902222,0.7831,0.0
0.0,cifar10,1.0,0.0,opu,vgg16_bn_avgpool.npz,10000.0,0.0001,0.7939,0.0,175.36459302902222,0.7823,0.0
100.0,cifar10,1.0,0.0,opu,vgg16_bn_avgpool.npz,10000.0,1e-05,0.4334,0.0,175.1347291469574,0.4556,0.0
10.0,cifar10,1.0,0.0,opu,vgg16_bn_avgpool.npz,10000.0,1e-05,0.5187,0.0,175.1347291469574,0.5172,0.0
1.0,cifar10,1.0,0.0,opu,vgg16_bn_avgpool.npz,10000.0,1e-05,0.7214,0.0,175.1347291469574,0.7078,0.0
0.1,cifar10,1.0,0.0,opu,vgg16_bn_avgpool.npz,10000.0,1e-05,0.8082,0.0,175.1347291469574,0.8019,0.0
0.01,cifar10,1.0,0.0,opu,vgg16_bn_avgpool.npz,10000.0,1e-05,0.8194,0.0,175.1347291469574,0.8172,0.0
0.0,cifar10,1.0,0.0,opu,vgg16_bn_avgpool.npz,10000.0,1e-05,0.7939,0.0,175.1347291469574,0.7823,0.0
100.0,cifar10,1.0,1.0,opu,vgg16_bn_avgpool.npz,10000.0,1.0,0.7944,0.0,178.2366259098053,0.7819,0.0
10.0,cifar10,1.0,1.0,opu,vgg16_bn_avgpool.npz,10000.0,1.0,0.7944,0.0,178.2366259098053,0.7819,0.0
1.0,cifar10,1.0,1.0,opu,vgg16_bn_avgpool.npz,10000.0,1.0,0.7944,0.0,178.2366259098053,0.7819,0.0
0.1,cifar10,1.0,1.0,opu,vgg16_bn_avgpool.npz,10000.0,1.0,0.7944,0.0,178.2366259098053,0.7819,0.0
0.01,cifar10,1.0,1.0,opu,vgg16_bn_avgpool.npz,10000.0,1.0,0.7944,0.0,178.2366259098053,0.7819,0.0
0.0,cifar10,1.0,1.0,opu,vgg16_bn_avgpool.npz,10000.0,1.0,0.7944,0.0,178.2366259098053,0.7819,0.0
100.0,cifar10,1.0,1.0,opu,vgg16_bn_avgpool.npz,10000.0,0.1,0.7944,0.0,174.40591716766357,0.7819,0.0
10.0,cifar10,1.0,1.0,opu,vgg16_bn_avgpool.npz,10000.0,0.1,0.7944,0.0,174.40591716766357,0.7819,0.0
1.0,cifar10,1.0,1.0,opu,vgg16_bn_avgpool.npz,10000.0,0.1,0.7944,0.0,174.40591716766357,0.7819,0.0
0.1,cifar10,1.0,1.0,opu,vgg16_bn_avgpool.npz,10000.0,0.1,0.7944,0.0,174.40591716766357,0.7819,0.0
0.01,cifar10,1.0,1.0,opu,vgg16_bn_avgpool.npz,10000.0,0.1,0.7944,0.0,174.40591716766357,0.7819,0.0
0.0,cifar10,1.0,1.0,opu,vgg16_bn_avgpool.npz,10000.0,0.1,0.7944,0.0,174.40591716766357,0.7819,0.0
100.0,cifar10,1.0,1.0,opu,vgg16_bn_avgpool.npz,10000.0,0.01,0.7952,0.0,175.4539020061493,0.7822,0.0
10.0,cifar10,1.0,1.0,opu,vgg16_bn_avgpool.npz,10000.0,0.01,0.7944,0.0,175.4539020061493,0.7819,0.0
1.0,cifar10,1.0,1.0,opu,vgg16_bn_avgpool.npz,10000.0,0.01,0.7944,0.0,175.4539020061493,0.7819,0.0
0.1,cifar10,1.0,1.0,opu,vgg16_bn_avgpool.npz,10000.0,0.01,0.7944,0.0,175.4539020061493,0.7819,0.0
0.01,cifar10,1.0,1.0,opu,vgg16_bn_avgpool.npz,10000.0,0.01,0.7944,0.0,175.4539020061493,0.7819,0.0
0.0,cifar10,1.0,1.0,opu,vgg16_bn_avgpool.npz,10000.0,0.01,0.7944,0.0,175.4539020061493,0.7819,0.0
100.0,cifar10,1.0,1.0,opu,vgg16_bn_avgpool.npz,10000.0,0.001,0.8196,0.0,176.4049265384674,0.8169,0.0
10.0,cifar10,1.0,1.0,opu,vgg16_bn_avgpool.npz,10000.0,0.001,0.8008,0.0,176.4049265384674,0.7917,0.0
1.0,cifar10,1.0,1.0,opu,vgg16_bn_avgpool.npz,10000.0,0.001,0.7952,0.0,176.4049265384674,0.7822,0.0
0.1,cifar10,1.0,1.0,opu,vgg16_bn_avgpool.npz,10000.0,0.001,0.7944,0.0,176.4049265384674,0.7819,0.0
0.01,cifar10,1.0,1.0,opu,vgg16_bn_avgpool.npz,10000.0,0.001,0.7944,0.0,176.4049265384674,0.7819,0.0
0.0,cifar10,1.0,1.0,opu,vgg16_bn_avgpool.npz,10000.0,0.001,0.7944,0.0,176.4049265384674,0.7819,0.0
100.0,cifar10,1.0,1.0,opu,vgg16_bn_avgpool.npz,10000.0,0.0001,0.7259,0.0,170.74929451942444,0.7119,0.0
10.0,cifar10,1.0,1.0,opu,vgg16_bn_avgpool.npz,10000.0,0.0001,0.8089,0.0,170.74929451942444,0.7976,0.0
1.0,cifar10,1.0,1.0,opu,vgg16_bn_avgpool.npz,10000.0,0.0001,0.8196,0.0,170.74929451942444,0.8169,0.0
0.1,cifar10,1.0,1.0,opu,vgg16_bn_avgpool.npz,10000.0,0.0001,0.8008,0.0,170.74929451942444,0.7917,0.0
0.01,cifar10,1.0,1.0,opu,vgg16_bn_avgpool.npz,10000.0,0.0001,0.7952,0.0,170.74929451942444,0.7822,0.0
0.0,cifar10,1.0,1.0,opu,vgg16_bn_avgpool.npz,10000.0,0.0001,0.7944,0.0,170.74929451942444,0.7819,0.0
100.0,cifar10,1.0,1.0,opu,vgg16_bn_avgpool.npz,10000.0,1e-05,0.4269,0.0,174.42559838294983,0.4536,0.0
10.0,cifar10,1.0,1.0,opu,vgg16_bn_avgpool.npz,10000.0,1e-05,0.5181,0.0,174.42559838294983,0.5192,0.0
1.0,cifar10,1.0,1.0,opu,vgg16_bn_avgpool.npz,10000.0,1e-05,0.7259,0.0,174.42559838294983,0.7119,0.0
0.1,cifar10,1.0,1.0,opu,vgg16_bn_avgpool.npz,10000.0,1e-05,0.8089,0.0,174.42559838294983,0.7976,0.0
0.01,cifar10,1.0,1.0,opu,vgg16_bn_avgpool.npz,10000.0,1e-05,0.8196,0.0,174.42559838294983,0.8169,0.0
0.0,cifar10,1.0,1.0,opu,vgg16_bn_avgpool.npz,10000.0,1e-05,0.7944,0.0,174.42559838294983,0.7819,0.0
100.0,cifar10,1.0,5.0,opu,vgg16_bn_avgpool.npz,10000.0,1.0,0.7923,0.0,175.2827000617981,0.7817,0.0
10.0,cifar10,1.0,5.0,opu,vgg16_bn_avgpool.npz,10000.0,1.0,0.7923,0.0,175.2827000617981,0.7817,0.0
1.0,cifar10,1.0,5.0,opu,vgg16_bn_avgpool.npz,10000.0,1.0,0.7923,0.0,175.2827000617981,0.7817,0.0
0.1,cifar10,1.0,5.0,opu,vgg16_bn_avgpool.npz,10000.0,1.0,0.7923,0.0,175.2827000617981,0.7817,0.0
0.01,cifar10,1.0,5.0,opu,vgg16_bn_avgpool.npz,10000.0,1.0,0.7923,0.0,175.2827000617981,0.7817,0.0
0.0,cifar10,1.0,5.0,opu,vgg16_bn_avgpool.npz,10000.0,1.0,0.7923,0.0,175.2827000617981,0.7817,0.0
100.0,cifar10,1.0,5.0,opu,vgg16_bn_avgpool.npz,10000.0,0.1,0.7923,0.0,174.26514220237732,0.7817,0.0
10.0,cifar10,1.0,5.0,opu,vgg16_bn_avgpool.npz,10000.0,0.1,0.7923,0.0,174.26514220237732,0.7817,0.0
1.0,cifar10,1.0,5.0,opu,vgg16_bn_avgpool.npz,10000.0,0.1,0.7923,0.0,174.26514220237732,0.7817,0.0
0.1,cifar10,1.0,5.0,opu,vgg16_bn_avgpool.npz,10000.0,0.1,0.7923,0.0,174.26514220237732,0.7817,0.0
0.01,cifar10,1.0,5.0,opu,vgg16_bn_avgpool.npz,10000.0,0.1,0.7923,0.0,174.26514220237732,0.7817,0.0
0.0,cifar10,1.0,5.0,opu,vgg16_bn_avgpool.npz,10000.0,0.1,0.7923,0.0,174.26514220237732,0.7817,0.0
100.0,cifar10,1.0,5.0,opu,vgg16_bn_avgpool.npz,10000.0,0.01,0.7926,0.0,171.62846779823303,0.7824,0.0
10.0,cifar10,1.0,5.0,opu,vgg16_bn_avgpool.npz,10000.0,0.01,0.7923,0.0,171.62846779823303,0.7817,0.0
1.0,cifar10,1.0,5.0,opu,vgg16_bn_avgpool.npz,10000.0,0.01,0.7923,0.0,171.62846779823303,0.7817,0.0
0.1,cifar10,1.0,5.0,opu,vgg16_bn_avgpool.npz,10000.0,0.01,0.7923,0.0,171.62846779823303,0.7817,0.0
0.01,cifar10,1.0,5.0,opu,vgg16_bn_avgpool.npz,10000.0,0.01,0.7923,0.0,171.62846779823303,0.7817,0.0
0.0,cifar10,1.0,5.0,opu,vgg16_bn_avgpool.npz,10000.0,0.01,0.7923,0.0,171.62846779823303,0.7817,0.0
100.0,cifar10,1.0,5.0,opu,vgg16_bn_avgpool.npz,10000.0,0.001,0.818,0.0,173.05240440368652,0.8215,0.0
10.0,cifar10,1.0,5.0,opu,vgg16_bn_avgpool.npz,10000.0,0.001,0.7985,0.0,173.05240440368652,0.7939,0.0
1.0,cifar10,1.0,5.0,opu,vgg16_bn_avgpool.npz,10000.0,0.001,0.7926,0.0,173.05240440368652,0.7824,0.0
0.1,cifar10,1.0,5.0,opu,vgg16_bn_avgpool.npz,10000.0,0.001,0.7923,0.0,173.05240440368652,0.7817,0.0
0.01,cifar10,1.0,5.0,opu,vgg16_bn_avgpool.npz,10000.0,0.001,0.7923,0.0,173.05240440368652,0.7817,0.0
0.0,cifar10,1.0,5.0,opu,vgg16_bn_avgpool.npz,10000.0,0.001,0.7923,0.0,173.05240440368652,0.7817,0.0
100.0,cifar10,1.0,5.0,opu,vgg16_bn_avgpool.npz,10000.0,0.0001,0.7226,0.0,174.87687158584595,0.716,0.0
10.0,cifar10,1.0,5.0,opu,vgg16_bn_avgpool.npz,10000.0,0.0001,0.8071,0.0,174.87687158584595,0.8068,0.0
1.0,cifar10,1.0,5.0,opu,vgg16_bn_avgpool.npz,10000.0,0.0001,0.818,0.0,174.87687158584595,0.8215,0.0
0.1,cifar10,1.0,5.0,opu,vgg16_bn_avgpool.npz,10000.0,0.0001,0.7985,0.0,174.87687158584595,0.7939,0.0
0.01,cifar10,1.0,5.0,opu,vgg16_bn_avgpool.npz,10000.0,0.0001,0.7926,0.0,174.87687158584595,0.7824,0.0
0.0,cifar10,1.0,5.0,opu,vgg16_bn_avgpool.npz,10000.0,0.0001,0.7923,0.0,174.87687158584595,0.7817,0.0
100.0,cifar10,1.0,5.0,opu,vgg16_bn_avgpool.npz,10000.0,1e-05,0.4401,0.0,174.27569150924683,0.4623,0.0
10.0,cifar10,1.0,5.0,opu,vgg16_bn_avgpool.npz,10000.0,1e-05,0.524,0.0,174.27569150924683,0.5253,0.0
1.0,cifar10,1.0,5.0,opu,vgg16_bn_avgpool.npz,10000.0,1e-05,0.7226,0.0,174.27569150924683,0.716,0.0
0.1,cifar10,1.0,5.0,opu,vgg16_bn_avgpool.npz,10000.0,1e-05,0.8071,0.0,174.27569150924683,0.8068,0.0
0.01,cifar10,1.0,5.0,opu,vgg16_bn_avgpool.npz,10000.0,1e-05,0.818,0.0,174.27569150924683,0.8215,0.0
0.0,cifar10,1.0,5.0,opu,vgg16_bn_avgpool.npz,10000.0,1e-05,0.7923,0.0,174.27569150924683,0.7817,0.0
100.0,cifar10,1.0,10.0,opu,vgg16_bn_avgpool.npz,10000.0,1.0,0.7991,0.0,176.27214312553406,0.7796,0.0
10.0,cifar10,1.0,10.0,opu,vgg16_bn_avgpool.npz,10000.0,1.0,0.7991,0.0,176.27214312553406,0.7796,0.0
1.0,cifar10,1.0,10.0,opu,vgg16_bn_avgpool.npz,10000.0,1.0,0.7991,0.0,176.27214312553406,0.7796,0.0
0.1,cifar10,1.0,10.0,opu,vgg16_bn_avgpool.npz,10000.0,1.0,0.7991,0.0,176.27214312553406,0.7796,0.0
0.01,cifar10,1.0,10.0,opu,vgg16_bn_avgpool.npz,10000.0,1.0,0.7991,0.0,176.27214312553406,0.7796,0.0
0.0,cifar10,1.0,10.0,opu,vgg16_bn_avgpool.npz,10000.0,1.0,0.7991,0.0,176.27214312553406,0.7796,0.0
100.0,cifar10,1.0,10.0,opu,vgg16_bn_avgpool.npz,10000.0,0.1,0.7991,0.0,174.19331645965576,0.7797,0.0
10.0,cifar10,1.0,10.0,opu,vgg16_bn_avgpool.npz,10000.0,0.1,0.7991,0.0,174.19331645965576,0.7796,0.0
1.0,cifar10,1.0,10.0,opu,vgg16_bn_avgpool.npz,10000.0,0.1,0.7991,0.0,174.19331645965576,0.7796,0.0
0.1,cifar10,1.0,10.0,opu,vgg16_bn_avgpool.npz,10000.0,0.1,0.7991,0.0,174.19331645965576,0.7796,0.0
0.01,cifar10,1.0,10.0,opu,vgg16_bn_avgpool.npz,10000.0,0.1,0.7991,0.0,174.19331645965576,0.7796,0.0
0.0,cifar10,1.0,10.0,opu,vgg16_bn_avgpool.npz,10000.0,0.1,0.7991,0.0,174.19331645965576,0.7796,0.0
100.0,cifar10,1.0,10.0,opu,vgg16_bn_avgpool.npz,10000.0,0.01,0.7998,0.0,176.84791493415833,0.7808,0.0
10.0,cifar10,1.0,10.0,opu,vgg16_bn_avgpool.npz,10000.0,0.01,0.7992,0.0,176.84791493415833,0.7798,0.0
1.0,cifar10,1.0,10.0,opu,vgg16_bn_avgpool.npz,10000.0,0.01,0.7991,0.0,176.84791493415833,0.7797,0.0
0.1,cifar10,1.0,10.0,opu,vgg16_bn_avgpool.npz,10000.0,0.01,0.7991,0.0,176.84791493415833,0.7796,0.0
0.01,cifar10,1.0,10.0,opu,vgg16_bn_avgpool.npz,10000.0,0.01,0.7991,0.0,176.84791493415833,0.7796,0.0
0.0,cifar10,1.0,10.0,opu,vgg16_bn_avgpool.npz,10000.0,0.01,0.7991,0.0,176.84791493415833,0.7796,0.0
100.0,cifar10,1.0,10.0,opu,vgg16_bn_avgpool.npz,10000.0,0.001,0.8225,0.0,173.83524084091187,0.8182,0.0
10.0,cifar10,1.0,10.0,opu,vgg16_bn_avgpool.npz,10000.0,0.001,0.807,0.0,173.83524084091187,0.7903,0.0
1.0,cifar10,1.0,10.0,opu,vgg16_bn_avgpool.npz,10000.0,0.001,0.7998,0.0,173.83524084091187,0.7808,0.0
0.1,cifar10,1.0,10.0,opu,vgg16_bn_avgpool.npz,10000.0,0.001,0.7992,0.0,173.83524084091187,0.7798,0.0
0.01,cifar10,1.0,10.0,opu,vgg16_bn_avgpool.npz,10000.0,0.001,0.7991,0.0,173.83524084091187,0.7797,0.0
0.0,cifar10,1.0,10.0,opu,vgg16_bn_avgpool.npz,10000.0,0.001,0.7991,0.0,173.83524084091187,0.7796,0.0
100.0,cifar10,1.0,10.0,opu,vgg16_bn_avgpool.npz,10000.0,0.0001,0.7306,0.0,176.1598641872406,0.7178,0.0
10.0,cifar10,1.0,10.0,opu,vgg16_bn_avgpool.npz,10000.0,0.0001,0.8066,0.0,176.1598641872406,0.8078,0.0
1.0,cifar10,1.0,10.0,opu,vgg16_bn_avgpool.npz,10000.0,0.0001,0.8225,0.0,176.1598641872406,0.8182,0.0
0.1,cifar10,1.0,10.0,opu,vgg16_bn_avgpool.npz,10000.0,0.0001,0.807,0.0,176.1598641872406,0.7903,0.0
0.01,cifar10,1.0,10.0,opu,vgg16_bn_avgpool.npz,10000.0,0.0001,0.7998,0.0,176.1598641872406,0.7808,0.0
0.0,cifar10,1.0,10.0,opu,vgg16_bn_avgpool.npz,10000.0,0.0001,0.7991,0.0,176.1598641872406,0.7796,0.0
100.0,cifar10,1.0,10.0,opu,vgg16_bn_avgpool.npz,10000.0,1e-05,0.4453,0.0,176.8508176803589,0.4737,0.0
10.0,cifar10,1.0,10.0,opu,vgg16_bn_avgpool.npz,10000.0,1e-05,0.532,0.0,176.8508176803589,0.5352,0.0
1.0,cifar10,1.0,10.0,opu,vgg16_bn_avgpool.npz,10000.0,1e-05,0.7306,0.0,176.8508176803589,0.7178,0.0
0.1,cifar10,1.0,10.0,opu,vgg16_bn_avgpool.npz,10000.0,1e-05,0.8066,0.0,176.8508176803589,0.8078,0.0
0.01,cifar10,1.0,10.0,opu,vgg16_bn_avgpool.npz,10000.0,1e-05,0.8225,0.0,176.8508176803589,0.8182,0.0
0.0,cifar10,1.0,10.0,opu,vgg16_bn_avgpool.npz,10000.0,1e-05,0.7991,0.0,176.8508176803589,0.7796,0.0
100.0,cifar10,1.0,20.0,opu,vgg16_bn_avgpool.npz,10000.0,1.0,0.8024,0.0,178.58474373817444,0.7949,0.0
10.0,cifar10,1.0,20.0,opu,vgg16_bn_avgpool.npz,10000.0,1.0,0.8024,0.0,178.58474373817444,0.7949,0.0
1.0,cifar10,1.0,20.0,opu,vgg16_bn_avgpool.npz,10000.0,1.0,0.8024,0.0,178.58474373817444,0.7949,0.0
0.1,cifar10,1.0,20.0,opu,vgg16_bn_avgpool.npz,10000.0,1.0,0.8024,0.0,178.58474373817444,0.7949,0.0
0.01,cifar10,1.0,20.0,opu,vgg16_bn_avgpool.npz,10000.0,1.0,0.8024,0.0,178.58474373817444,0.7949,0.0
0.0,cifar10,1.0,20.0,opu,vgg16_bn_avgpool.npz,10000.0,1.0,0.8024,0.0,178.58474373817444,0.7949,0.0
100.0,cifar10,1.0,20.0,opu,vgg16_bn_avgpool.npz,10000.0,0.1,0.8024,0.0,175.78330969810486,0.7949,0.0
10.0,cifar10,1.0,20.0,opu,vgg16_bn_avgpool.npz,10000.0,0.1,0.8024,0.0,175.78330969810486,0.7949,0.0
1.0,cifar10,1.0,20.0,opu,vgg16_bn_avgpool.npz,10000.0,0.1,0.8024,0.0,175.78330969810486,0.7949,0.0
0.1,cifar10,1.0,20.0,opu,vgg16_bn_avgpool.npz,10000.0,0.1,0.8024,0.0,175.78330969810486,0.7949,0.0
0.01,cifar10,1.0,20.0,opu,vgg16_bn_avgpool.npz,10000.0,0.1,0.8024,0.0,175.78330969810486,0.7949,0.0
0.0,cifar10,1.0,20.0,opu,vgg16_bn_avgpool.npz,10000.0,0.1,0.8024,0.0,175.78330969810486,0.7949,0.0
100.0,cifar10,1.0,20.0,opu,vgg16_bn_avgpool.npz,10000.0,0.01,0.8036,0.0,174.26780104637146,0.796,0.0
10.0,cifar10,1.0,20.0,opu,vgg16_bn_avgpool.npz,10000.0,0.01,0.8025,0.0,174.26780104637146,0.7951,0.0
1.0,cifar10,1.0,20.0,opu,vgg16_bn_avgpool.npz,10000.0,0.01,0.8024,0.0,174.26780104637146,0.7949,0.0
0.1,cifar10,1.0,20.0,opu,vgg16_bn_avgpool.npz,10000.0,0.01,0.8024,0.0,174.26780104637146,0.7949,0.0
0.01,cifar10,1.0,20.0,opu,vgg16_bn_avgpool.npz,10000.0,0.01,0.8024,0.0,174.26780104637146,0.7949,0.0
0.0,cifar10,1.0,20.0,opu,vgg16_bn_avgpool.npz,10000.0,0.01,0.8024,0.0,174.26780104637146,0.7949,0.0
100.0,cifar10,1.0,20.0,opu,vgg16_bn_avgpool.npz,10000.0,0.001,0.827,0.0,174.47569251060486,0.8277,0.0
10.0,cifar10,1.0,20.0,opu,vgg16_bn_avgpool.npz,10000.0,0.001,0.8064,0.0,174.47569251060486,0.8046,0.0
1.0,cifar10,1.0,20.0,opu,vgg16_bn_avgpool.npz,10000.0,0.001,0.8036,0.0,174.47569251060486,0.796,0.0
0.1,cifar10,1.0,20.0,opu,vgg16_bn_avgpool.npz,10000.0,0.001,0.8025,0.0,174.47569251060486,0.7951,0.0
0.01,cifar10,1.0,20.0,opu,vgg16_bn_avgpool.npz,10000.0,0.001,0.8024,0.0,174.47569251060486,0.7949,0.0
0.0,cifar10,1.0,20.0,opu,vgg16_bn_avgpool.npz,10000.0,0.001,0.8024,0.0,174.47569251060486,0.7949,0.0
100.0,cifar10,1.0,20.0,opu,vgg16_bn_avgpool.npz,10000.0,0.0001,0.7419,0.0,174.7435803413391,0.7278,0.0
10.0,cifar10,1.0,20.0,opu,vgg16_bn_avgpool.npz,10000.0,0.0001,0.8143,0.0,174.7435803413391,0.807,0.0
1.0,cifar10,1.0,20.0,opu,vgg16_bn_avgpool.npz,10000.0,0.0001,0.827,0.0,174.7435803413391,0.8277,0.0
0.1,cifar10,1.0,20.0,opu,vgg16_bn_avgpool.npz,10000.0,0.0001,0.8065,0.0,174.7435803413391,0.8046,0.0
0.01,cifar10,1.0,20.0,opu,vgg16_bn_avgpool.npz,10000.0,0.0001,0.8036,0.0,174.7435803413391,0.796,0.0
0.0,cifar10,1.0,20.0,opu,vgg16_bn_avgpool.npz,10000.0,0.0001,0.8024,0.0,174.7435803413391,0.7949,0.0
100.0,cifar10,1.0,20.0,opu,vgg16_bn_avgpool.npz,10000.0,1e-05,0.4733,0.0,177.74598717689514,0.5046,0.0
10.0,cifar10,1.0,20.0,opu,vgg16_bn_avgpool.npz,10000.0,1e-05,0.5611,0.0,177.74598717689514,0.5662,0.0
1.0,cifar10,1.0,20.0,opu,vgg16_bn_avgpool.npz,10000.0,1e-05,0.7419,0.0,177.74598717689514,0.7278,0.0
0.1,cifar10,1.0,20.0,opu,vgg16_bn_avgpool.npz,10000.0,1e-05,0.8143,0.0,177.74598717689514,0.807,0.0
0.01,cifar10,1.0,20.0,opu,vgg16_bn_avgpool.npz,10000.0,1e-05,0.827,0.0,177.74598717689514,0.8277,0.0
0.0,cifar10,1.0,20.0,opu,vgg16_bn_avgpool.npz,10000.0,1e-05,0.8024,0.0,177.74598717689514,0.7949,0.0
100.0,cifar10,2.0,0.0,opu,vgg16_bn_avgpool.npz,10000.0,1.0,0.7555,0.0,176.24685740470886,0.7441,0.0
10.0,cifar10,2.0,0.0,opu,vgg16_bn_avgpool.npz,10000.0,1.0,0.7555,0.0,176.24685740470886,0.7441,0.0
1.0,cifar10,2.0,0.0,opu,vgg16_bn_avgpool.npz,10000.0,1.0,0.7555,0.0,176.24685740470886,0.7441,0.0
0.1,cifar10,2.0,0.0,opu,vgg16_bn_avgpool.npz,10000.0,1.0,0.7555,0.0,176.24685740470886,0.7441,0.0
0.01,cifar10,2.0,0.0,opu,vgg16_bn_avgpool.npz,10000.0,1.0,0.7555,0.0,176.24685740470886,0.7441,0.0
0.0,cifar10,2.0,0.0,opu,vgg16_bn_avgpool.npz,10000.0,1.0,0.7555,0.0,176.24685740470886,0.7441,0.0
100.0,cifar10,2.0,0.0,opu,vgg16_bn_avgpool.npz,10000.0,0.1,0.7555,0.0,172.30780577659607,0.7441,0.0
10.0,cifar10,2.0,0.0,opu,vgg16_bn_avgpool.npz,10000.0,0.1,0.7555,0.0,172.30780577659607,0.7441,0.0
1.0,cifar10,2.0,0.0,opu,vgg16_bn_avgpool.npz,10000.0,0.1,0.7555,0.0,172.30780577659607,0.7441,0.0
0.1,cifar10,2.0,0.0,opu,vgg16_bn_avgpool.npz,10000.0,0.1,0.7555,0.0,172.30780577659607,0.7441,0.0
0.01,cifar10,2.0,0.0,opu,vgg16_bn_avgpool.npz,10000.0,0.1,0.7555,0.0,172.30780577659607,0.7441,0.0
0.0,cifar10,2.0,0.0,opu,vgg16_bn_avgpool.npz,10000.0,0.1,0.7555,0.0,172.30780577659607,0.7441,0.0
100.0,cifar10,2.0,0.0,opu,vgg16_bn_avgpool.npz,10000.0,0.01,0.7555,0.0,170.860595703125,0.7441,0.0
10.0,cifar10,2.0,0.0,opu,vgg16_bn_avgpool.npz,10000.0,0.01,0.7555,0.0,170.860595703125,0.7441,0.0
1.0,cifar10,2.0,0.0,opu,vgg16_bn_avgpool.npz,10000.0,0.01,0.7555,0.0,170.860595703125,0.7441,0.0
0.1,cifar10,2.0,0.0,opu,vgg16_bn_avgpool.npz,10000.0,0.01,0.7555,0.0,170.860595703125,0.7441,0.0
0.01,cifar10,2.0,0.0,opu,vgg16_bn_avgpool.npz,10000.0,0.01,0.7555,0.0,170.860595703125,0.7441,0.0
0.0,cifar10,2.0,0.0,opu,vgg16_bn_avgpool.npz,10000.0,0.01,0.7555,0.0,170.860595703125,0.7441,0.0
100.0,cifar10,2.0,0.0,opu,vgg16_bn_avgpool.npz,10000.0,0.001,0.7555,0.0,176.38358068466187,0.7441,0.0
10.0,cifar10,2.0,0.0,opu,vgg16_bn_avgpool.npz,10000.0,0.001,0.7555,0.0,176.38358068466187,0.7441,0.0
1.0,cifar10,2.0,0.0,opu,vgg16_bn_avgpool.npz,10000.0,0.001,0.7555,0.0,176.38358068466187,0.7441,0.0
0.1,cifar10,2.0,0.0,opu,vgg16_bn_avgpool.npz,10000.0,0.001,0.7555,0.0,176.38358068466187,0.7441,0.0
0.01,cifar10,2.0,0.0,opu,vgg16_bn_avgpool.npz,10000.0,0.001,0.7555,0.0,176.38358068466187,0.7441,0.0
0.0,cifar10,2.0,0.0,opu,vgg16_bn_avgpool.npz,10000.0,0.001,0.7555,0.0,176.38358068466187,0.7441,0.0
100.0,cifar10,2.0,0.0,opu,vgg16_bn_avgpool.npz,10000.0,0.0001,0.7563,0.0,177.51038670539856,0.745,0.0
10.0,cifar10,2.0,0.0,opu,vgg16_bn_avgpool.npz,10000.0,0.0001,0.7555,0.0,177.51038670539856,0.7441,0.0
1.0,cifar10,2.0,0.0,opu,vgg16_bn_avgpool.npz,10000.0,0.0001,0.7555,0.0,177.51038670539856,0.7441,0.0
0.1,cifar10,2.0,0.0,opu,vgg16_bn_avgpool.npz,10000.0,0.0001,0.7555,0.0,177.51038670539856,0.7441,0.0
0.01,cifar10,2.0,0.0,opu,vgg16_bn_avgpool.npz,10000.0,0.0001,0.7555,0.0,177.51038670539856,0.7441,0.0
0.0,cifar10,2.0,0.0,opu,vgg16_bn_avgpool.npz,10000.0,0.0001,0.7555,0.0,177.51038670539856,0.7441,0.0
100.0,cifar10,2.0,0.0,opu,vgg16_bn_avgpool.npz,10000.0,1e-05,0.7804,0.0,172.5464324951172,0.7809,0.0
10.0,cifar10,2.0,0.0,opu,vgg16_bn_avgpool.npz,10000.0,1e-05,0.7611,0.0,172.5464324951172,0.7526,0.0
1.0,cifar10,2.0,0.0,opu,vgg16_bn_avgpool.npz,10000.0,1e-05,0.7563,0.0,172.5464324951172,0.745,0.0
0.1,cifar10,2.0,0.0,opu,vgg16_bn_avgpool.npz,10000.0,1e-05,0.7555,0.0,172.5464324951172,0.7441,0.0
0.01,cifar10,2.0,0.0,opu,vgg16_bn_avgpool.npz,10000.0,1e-05,0.7555,0.0,172.5464324951172,0.7441,0.0
0.0,cifar10,2.0,0.0,opu,vgg16_bn_avgpool.npz,10000.0,1e-05,0.7555,0.0,172.5464324951172,0.7441,0.0
100.0,cifar10,2.0,1.0,opu,vgg16_bn_avgpool.npz,10000.0,1.0,0.76,0.0,175.12501001358032,0.7401,0.0
10.0,cifar10,2.0,1.0,opu,vgg16_bn_avgpool.npz,10000.0,1.0,0.76,0.0,175.12501001358032,0.7401,0.0
1.0,cifar10,2.0,1.0,opu,vgg16_bn_avgpool.npz,10000.0,1.0,0.76,0.0,175.12501001358032,0.7401,0.0
0.1,cifar10,2.0,1.0,opu,vgg16_bn_avgpool.npz,10000.0,1.0,0.76,0.0,175.12501001358032,0.7401,0.0
0.01,cifar10,2.0,1.0,opu,vgg16_bn_avgpool.npz,10000.0,1.0,0.76,0.0,175.12501001358032,0.7401,0.0
0.0,cifar10,2.0,1.0,opu,vgg16_bn_avgpool.npz,10000.0,1.0,0.76,0.0,175.12501001358032,0.7401,0.0
100.0,cifar10,2.0,1.0,opu,vgg16_bn_avgpool.npz,10000.0,0.1,0.76,0.0,173.9188370704651,0.7401,0.0
10.0,cifar10,2.0,1.0,opu,vgg16_bn_avgpool.npz,10000.0,0.1,0.76,0.0,173.9188370704651,0.7401,0.0
1.0,cifar10,2.0,1.0,opu,vgg16_bn_avgpool.npz,10000.0,0.1,0.76,0.0,173.9188370704651,0.7401,0.0
0.1,cifar10,2.0,1.0,opu,vgg16_bn_avgpool.npz,10000.0,0.1,0.76,0.0,173.9188370704651,0.7401,0.0
0.01,cifar10,2.0,1.0,opu,vgg16_bn_avgpool.npz,10000.0,0.1,0.76,0.0,173.9188370704651,0.7401,0.0
0.0,cifar10,2.0,1.0,opu,vgg16_bn_avgpool.npz,10000.0,0.1,0.76,0.0,173.9188370704651,0.7401,0.0
100.0,cifar10,2.0,1.0,opu,vgg16_bn_avgpool.npz,10000.0,0.01,0.76,0.0,173.55069255828857,0.7401,0.0
10.0,cifar10,2.0,1.0,opu,vgg16_bn_avgpool.npz,10000.0,0.01,0.76,0.0,173.55069255828857,0.7401,0.0
1.0,cifar10,2.0,1.0,opu,vgg16_bn_avgpool.npz,10000.0,0.01,0.76,0.0,173.55069255828857,0.7401,0.0
0.1,cifar10,2.0,1.0,opu,vgg16_bn_avgpool.npz,10000.0,0.01,0.76,0.0,173.55069255828857,0.7401,0.0
0.01,cifar10,2.0,1.0,opu,vgg16_bn_avgpool.npz,10000.0,0.01,0.76,0.0,173.55069255828857,0.7401,0.0
0.0,cifar10,2.0,1.0,opu,vgg16_bn_avgpool.npz,10000.0,0.01,0.76,0.0,173.55069255828857,0.7401,0.0
100.0,cifar10,2.0,1.0,opu,vgg16_bn_avgpool.npz,10000.0,0.001,0.76,0.0,173.89869022369385,0.7401,0.0
10.0,cifar10,2.0,1.0,opu,vgg16_bn_avgpool.npz,10000.0,0.001,0.76,0.0,173.89869022369385,0.7401,0.0
1.0,cifar10,2.0,1.0,opu,vgg16_bn_avgpool.npz,10000.0,0.001,0.76,0.0,173.89869022369385,0.7401,0.0
0.1,cifar10,2.0,1.0,opu,vgg16_bn_avgpool.npz,10000.0,0.001,0.76,0.0,173.89869022369385,0.7401,0.0
0.01,cifar10,2.0,1.0,opu,vgg16_bn_avgpool.npz,10000.0,0.001,0.76,0.0,173.89869022369385,0.7401,0.0
0.0,cifar10,2.0,1.0,opu,vgg16_bn_avgpool.npz,10000.0,0.001,0.76,0.0,173.89869022369385,0.7401,0.0
100.0,cifar10,2.0,1.0,opu,vgg16_bn_avgpool.npz,10000.0,0.0001,0.7606,0.0,176.66304326057434,0.7412,0.0
10.0,cifar10,2.0,1.0,opu,vgg16_bn_avgpool.npz,10000.0,0.0001,0.76,0.0,176.66304326057434,0.7401,0.0
1.0,cifar10,2.0,1.0,opu,vgg16_bn_avgpool.npz,10000.0,0.0001,0.76,0.0,176.66304326057434,0.7401,0.0
0.1,cifar10,2.0,1.0,opu,vgg16_bn_avgpool.npz,10000.0,0.0001,0.76,0.0,176.66304326057434,0.7401,0.0
0.01,cifar10,2.0,1.0,opu,vgg16_bn_avgpool.npz,10000.0,0.0001,0.76,0.0,176.66304326057434,0.7401,0.0
0.0,cifar10,2.0,1.0,opu,vgg16_bn_avgpool.npz,10000.0,0.0001,0.76,0.0,176.66304326057434,0.7401,0.0
100.0,cifar10,2.0,1.0,opu,vgg16_bn_avgpool.npz,10000.0,1e-05,0.7846,0.0,175.4227738380432,0.778,0.0
10.0,cifar10,2.0,1.0,opu,vgg16_bn_avgpool.npz,10000.0,1e-05,0.7643,0.0,175.4227738380432,0.7497,0.0
1.0,cifar10,2.0,1.0,opu,vgg16_bn_avgpool.npz,10000.0,1e-05,0.7606,0.0,175.4227738380432,0.7412,0.0
0.1,cifar10,2.0,1.0,opu,vgg16_bn_avgpool.npz,10000.0,1e-05,0.76,0.0,175.4227738380432,0.7401,0.0
0.01,cifar10,2.0,1.0,opu,vgg16_bn_avgpool.npz,10000.0,1e-05,0.76,0.0,175.4227738380432,0.7401,0.0
0.0,cifar10,2.0,1.0,opu,vgg16_bn_avgpool.npz,10000.0,1e-05,0.76,0.0,175.4227738380432,0.7401,0.0
100.0,cifar10,2.0,5.0,opu,vgg16_bn_avgpool.npz,10000.0,1.0,0.7568,0.0,173.05641889572144,0.745,0.0
10.0,cifar10,2.0,5.0,opu,vgg16_bn_avgpool.npz,10000.0,1.0,0.7568,0.0,173.05641889572144,0.745,0.0
1.0,cifar10,2.0,5.0,opu,vgg16_bn_avgpool.npz,10000.0,1.0,0.7568,0.0,173.05641889572144,0.745,0.0
0.1,cifar10,2.0,5.0,opu,vgg16_bn_avgpool.npz,10000.0,1.0,0.7568,0.0,173.05641889572144,0.745,0.0
0.01,cifar10,2.0,5.0,opu,vgg16_bn_avgpool.npz,10000.0,1.0,0.7568,0.0,173.05641889572144,0.745,0.0
0.0,cifar10,2.0,5.0,opu,vgg16_bn_avgpool.npz,10000.0,1.0,0.7568,0.0,173.05641889572144,0.745,0.0
100.0,cifar10,2.0,5.0,opu,vgg16_bn_avgpool.npz,10000.0,0.1,0.7568,0.0,172.82824873924255,0.745,0.0
10.0,cifar10,2.0,5.0,opu,vgg16_bn_avgpool.npz,10000.0,0.1,0.7568,0.0,172.82824873924255,0.745,0.0
1.0,cifar10,2.0,5.0,opu,vgg16_bn_avgpool.npz,10000.0,0.1,0.7568,0.0,172.82824873924255,0.745,0.0
0.1,cifar10,2.0,5.0,opu,vgg16_bn_avgpool.npz,10000.0,0.1,0.7568,0.0,172.82824873924255,0.745,0.0
0.01,cifar10,2.0,5.0,opu,vgg16_bn_avgpool.npz,10000.0,0.1,0.7568,0.0,172.82824873924255,0.745,0.0
0.0,cifar10,2.0,5.0,opu,vgg16_bn_avgpool.npz,10000.0,0.1,0.7568,0.0,172.82824873924255,0.745,0.0
100.0,cifar10,2.0,5.0,opu,vgg16_bn_avgpool.npz,10000.0,0.01,0.7568,0.0,176.8826105594635,0.745,0.0
10.0,cifar10,2.0,5.0,opu,vgg16_bn_avgpool.npz,10000.0,0.01,0.7568,0.0,176.8826105594635,0.745,0.0
1.0,cifar10,2.0,5.0,opu,vgg16_bn_avgpool.npz,10000.0,0.01,0.7568,0.0,176.8826105594635,0.745,0.0
0.1,cifar10,2.0,5.0,opu,vgg16_bn_avgpool.npz,10000.0,0.01,0.7568,0.0,176.8826105594635,0.745,0.0
0.01,cifar10,2.0,5.0,opu,vgg16_bn_avgpool.npz,10000.0,0.01,0.7568,0.0,176.8826105594635,0.745,0.0
0.0,cifar10,2.0,5.0,opu,vgg16_bn_avgpool.npz,10000.0,0.01,0.7568,0.0,176.8826105594635,0.745,0.0
100.0,cifar10,2.0,5.0,opu,vgg16_bn_avgpool.npz,10000.0,0.001,0.7568,0.0,174.54224801063538,0.745,0.0
10.0,cifar10,2.0,5.0,opu,vgg16_bn_avgpool.npz,10000.0,0.001,0.7568,0.0,174.54224801063538,0.745,0.0
1.0,cifar10,2.0,5.0,opu,vgg16_bn_avgpool.npz,10000.0,0.001,0.7568,0.0,174.54224801063538,0.745,0.0
0.1,cifar10,2.0,5.0,opu,vgg16_bn_avgpool.npz,10000.0,0.001,0.7568,0.0,174.54224801063538,0.745,0.0
0.01,cifar10,2.0,5.0,opu,vgg16_bn_avgpool.npz,10000.0,0.001,0.7568,0.0,174.54224801063538,0.745,0.0
0.0,cifar10,2.0,5.0,opu,vgg16_bn_avgpool.npz,10000.0,0.001,0.7568,0.0,174.54224801063538,0.745,0.0
100.0,cifar10,2.0,5.0,opu,vgg16_bn_avgpool.npz,10000.0,0.0001,0.757,0.0,174.4262843132019,0.7456,0.0
10.0,cifar10,2.0,5.0,opu,vgg16_bn_avgpool.npz,10000.0,0.0001,0.7568,0.0,174.4262843132019,0.745,0.0
1.0,cifar10,2.0,5.0,opu,vgg16_bn_avgpool.npz,10000.0,0.0001,0.7568,0.0,174.4262843132019,0.745,0.0
0.1,cifar10,2.0,5.0,opu,vgg16_bn_avgpool.npz,10000.0,0.0001,0.7568,0.0,174.4262843132019,0.745,0.0
0.01,cifar10,2.0,5.0,opu,vgg16_bn_avgpool.npz,10000.0,0.0001,0.7568,0.0,174.4262843132019,0.745,0.0
0.0,cifar10,2.0,5.0,opu,vgg16_bn_avgpool.npz,10000.0,0.0001,0.7568,0.0,174.4262843132019,0.745,0.0
100.0,cifar10,2.0,5.0,opu,vgg16_bn_avgpool.npz,10000.0,1e-05,0.7853,0.0,173.30850410461426,0.7823,0.0
10.0,cifar10,2.0,5.0,opu,vgg16_bn_avgpool.npz,10000.0,1e-05,0.762,0.0,173.30850410461426,0.752,0.0
1.0,cifar10,2.0,5.0,opu,vgg16_bn_avgpool.npz,10000.0,1e-05,0.757,0.0,173.30850410461426,0.7456,0.0
0.1,cifar10,2.0,5.0,opu,vgg16_bn_avgpool.npz,10000.0,1e-05,0.7568,0.0,173.30850410461426,0.745,0.0
0.01,cifar10,2.0,5.0,opu,vgg16_bn_avgpool.npz,10000.0,1e-05,0.7568,0.0,173.30850410461426,0.745,0.0
0.0,cifar10,2.0,5.0,opu,vgg16_bn_avgpool.npz,10000.0,1e-05,0.7568,0.0,173.30850410461426,0.745,0.0
100.0,cifar10,2.0,10.0,opu,vgg16_bn_avgpool.npz,10000.0,1.0,0.7627,0.0,173.72810578346252,0.7514,0.0
10.0,cifar10,2.0,10.0,opu,vgg16_bn_avgpool.npz,10000.0,1.0,0.7627,0.0,173.72810578346252,0.7514,0.0
1.0,cifar10,2.0,10.0,opu,vgg16_bn_avgpool.npz,10000.0,1.0,0.7627,0.0,173.72810578346252,0.7514,0.0
0.1,cifar10,2.0,10.0,opu,vgg16_bn_avgpool.npz,10000.0,1.0,0.7627,0.0,173.72810578346252,0.7514,0.0
0.01,cifar10,2.0,10.0,opu,vgg16_bn_avgpool.npz,10000.0,1.0,0.7627,0.0,173.72810578346252,0.7514,0.0
0.0,cifar10,2.0,10.0,opu,vgg16_bn_avgpool.npz,10000.0,1.0,0.7627,0.0,173.72810578346252,0.7514,0.0
100.0,cifar10,2.0,10.0,opu,vgg16_bn_avgpool.npz,10000.0,0.1,0.7627,0.0,171.53291749954224,0.7514,0.0
10.0,cifar10,2.0,10.0,opu,vgg16_bn_avgpool.npz,10000.0,0.1,0.7627,0.0,171.53291749954224,0.7514,0.0
1.0,cifar10,2.0,10.0,opu,vgg16_bn_avgpool.npz,10000.0,0.1,0.7627,0.0,171.53291749954224,0.7514,0.0
0.1,cifar10,2.0,10.0,opu,vgg16_bn_avgpool.npz,10000.0,0.1,0.7627,0.0,171.53291749954224,0.7514,0.0
0.01,cifar10,2.0,10.0,opu,vgg16_bn_avgpool.npz,10000.0,0.1,0.7627,0.0,171.53291749954224,0.7514,0.0
0.0,cifar10,2.0,10.0,opu,vgg16_bn_avgpool.npz,10000.0,0.1,0.7627,0.0,171.53291749954224,0.7514,0.0
100.0,cifar10,2.0,10.0,opu,vgg16_bn_avgpool.npz,10000.0,0.01,0.7627,0.0,171.33585619926453,0.7514,0.0
10.0,cifar10,2.0,10.0,opu,vgg16_bn_avgpool.npz,10000.0,0.01,0.7627,0.0,171.33585619926453,0.7514,0.0
1.0,cifar10,2.0,10.0,opu,vgg16_bn_avgpool.npz,10000.0,0.01,0.7627,0.0,171.33585619926453,0.7514,0.0
0.1,cifar10,2.0,10.0,opu,vgg16_bn_avgpool.npz,10000.0,0.01,0.7627,0.0,171.33585619926453,0.7514,0.0
0.01,cifar10,2.0,10.0,opu,vgg16_bn_avgpool.npz,10000.0,0.01,0.7627,0.0,171.33585619926453,0.7514,0.0
0.0,cifar10,2.0,10.0,opu,vgg16_bn_avgpool.npz,10000.0,0.01,0.7627,0.0,171.33585619926453,0.7514,0.0
100.0,cifar10,2.0,10.0,opu,vgg16_bn_avgpool.npz,10000.0,0.001,0.7627,0.0,175.6960151195526,0.7514,0.0
10.0,cifar10,2.0,10.0,opu,vgg16_bn_avgpool.npz,10000.0,0.001,0.7627,0.0,175.6960151195526,0.7514,0.0
1.0,cifar10,2.0,10.0,opu,vgg16_bn_avgpool.npz,10000.0,0.001,0.7627,0.0,175.6960151195526,0.7514,0.0
0.1,cifar10,2.0,10.0,opu,vgg16_bn_avgpool.npz,10000.0,0.001,0.7627,0.0,175.6960151195526,0.7514,0.0
0.01,cifar10,2.0,10.0,opu,vgg16_bn_avgpool.npz,10000.0,0.001,0.7627,0.0,175.6960151195526,0.7514,0.0
0.0,cifar10,2.0,10.0,opu,vgg16_bn_avgpool.npz,10000.0,0.001,0.7627,0.0,175.6960151195526,0.7514,0.0
100.0,cifar10,2.0,10.0,opu,vgg16_bn_avgpool.npz,10000.0,0.0001,0.7632,0.0,173.46902990341187,0.7527,0.0
10.0,cifar10,2.0,10.0,opu,vgg16_bn_avgpool.npz,10000.0,0.0001,0.7628,0.0,173.46902990341187,0.7516,0.0
1.0,cifar10,2.0,10.0,opu,vgg16_bn_avgpool.npz,10000.0,0.0001,0.7627,0.0,173.46902990341187,0.7514,0.0
0.1,cifar10,2.0,10.0,opu,vgg16_bn_avgpool.npz,10000.0,0.0001,0.7627,0.0,173.46902990341187,0.7514,0.0
0.01,cifar10,2.0,10.0,opu,vgg16_bn_avgpool.npz,10000.0,0.0001,0.7627,0.0,173.46902990341187,0.7514,0.0
0.0,cifar10,2.0,10.0,opu,vgg16_bn_avgpool.npz,10000.0,0.0001,0.7627,0.0,173.46902990341187,0.7514,0.0
100.0,cifar10,2.0,10.0,opu,vgg16_bn_avgpool.npz,10000.0,1e-05,0.786,0.0,172.363995552063,0.7855,0.0
10.0,cifar10,2.0,10.0,opu,vgg16_bn_avgpool.npz,10000.0,1e-05,0.7663,0.0,172.363995552063,0.7578,0.0
1.0,cifar10,2.0,10.0,opu,vgg16_bn_avgpool.npz,10000.0,1e-05,0.7632,0.0,172.363995552063,0.7527,0.0
0.1,cifar10,2.0,10.0,opu,vgg16_bn_avgpool.npz,10000.0,1e-05,0.7628,0.0,172.363995552063,0.7516,0.0
0.01,cifar10,2.0,10.0,opu,vgg16_bn_avgpool.npz,10000.0,1e-05,0.7627,0.0,172.363995552063,0.7514,0.0
0.0,cifar10,2.0,10.0,opu,vgg16_bn_avgpool.npz,10000.0,1e-05,0.7627,0.0,172.363995552063,0.7514,0.0
100.0,cifar10,2.0,20.0,opu,vgg16_bn_avgpool.npz,10000.0,1.0,0.7709,0.0,176.25045347213745,0.7514,0.0
10.0,cifar10,2.0,20.0,opu,vgg16_bn_avgpool.npz,10000.0,1.0,0.7709,0.0,176.25045347213745,0.7514,0.0
1.0,cifar10,2.0,20.0,opu,vgg16_bn_avgpool.npz,10000.0,1.0,0.7709,0.0,176.25045347213745,0.7514,0.0
0.1,cifar10,2.0,20.0,opu,vgg16_bn_avgpool.npz,10000.0,1.0,0.7709,0.0,176.25045347213745,0.7514,0.0
0.01,cifar10,2.0,20.0,opu,vgg16_bn_avgpool.npz,10000.0,1.0,0.7709,0.0,176.25045347213745,0.7514,0.0
0.0,cifar10,2.0,20.0,opu,vgg16_bn_avgpool.npz,10000.0,1.0,0.7709,0.0,176.25045347213745,0.7514,0.0
100.0,cifar10,2.0,20.0,opu,vgg16_bn_avgpool.npz,10000.0,0.1,0.7709,0.0,173.13179540634155,0.7514,0.0
10.0,cifar10,2.0,20.0,opu,vgg16_bn_avgpool.npz,10000.0,0.1,0.7709,0.0,173.13179540634155,0.7514,0.0
1.0,cifar10,2.0,20.0,opu,vgg16_bn_avgpool.npz,10000.0,0.1,0.7709,0.0,173.13179540634155,0.7514,0.0
0.1,cifar10,2.0,20.0,opu,vgg16_bn_avgpool.npz,10000.0,0.1,0.7709,0.0,173.13179540634155,0.7514,0.0
0.01,cifar10,2.0,20.0,opu,vgg16_bn_avgpool.npz,10000.0,0.1,0.7709,0.0,173.13179540634155,0.7514,0.0
0.0,cifar10,2.0,20.0,opu,vgg16_bn_avgpool.npz,10000.0,0.1,0.7709,0.0,173.13179540634155,0.7514,0.0
100.0,cifar10,2.0,20.0,opu,vgg16_bn_avgpool.npz,10000.0,0.01,0.7709,0.0,173.3918194770813,0.7514,0.0
10.0,cifar10,2.0,20.0,opu,vgg16_bn_avgpool.npz,10000.0,0.01,0.7709,0.0,173.3918194770813,0.7514,0.0
1.0,cifar10,2.0,20.0,opu,vgg16_bn_avgpool.npz,10000.0,0.01,0.7709,0.0,173.3918194770813,0.7514,0.0
0.1,cifar10,2.0,20.0,opu,vgg16_bn_avgpool.npz,10000.0,0.01,0.7709,0.0,173.3918194770813,0.7514,0.0
0.01,cifar10,2.0,20.0,opu,vgg16_bn_avgpool.npz,10000.0,0.01,0.7709,0.0,173.3918194770813,0.7514,0.0
0.0,cifar10,2.0,20.0,opu,vgg16_bn_avgpool.npz,10000.0,0.01,0.7709,0.0,173.3918194770813,0.7514,0.0
100.0,cifar10,2.0,20.0,opu,vgg16_bn_avgpool.npz,10000.0,0.001,0.7709,0.0,175.6497447490692,0.7514,0.0
10.0,cifar10,2.0,20.0,opu,vgg16_bn_avgpool.npz,10000.0,0.001,0.7709,0.0,175.6497447490692,0.7514,0.0
1.0,cifar10,2.0,20.0,opu,vgg16_bn_avgpool.npz,10000.0,0.001,0.7709,0.0,175.6497447490692,0.7514,0.0
0.1,cifar10,2.0,20.0,opu,vgg16_bn_avgpool.npz,10000.0,0.001,0.7709,0.0,175.6497447490692,0.7514,0.0
0.01,cifar10,2.0,20.0,opu,vgg16_bn_avgpool.npz,10000.0,0.001,0.7709,0.0,175.6497447490692,0.7514,0.0
0.0,cifar10,2.0,20.0,opu,vgg16_bn_avgpool.npz,10000.0,0.001,0.7709,0.0,175.6497447490692,0.7514,0.0
100.0,cifar10,2.0,20.0,opu,vgg16_bn_avgpool.npz,10000.0,0.0001,0.771,0.0,175.2867476940155,0.7523,0.0
10.0,cifar10,2.0,20.0,opu,vgg16_bn_avgpool.npz,10000.0,0.0001,0.7709,0.0,175.2867476940155,0.7514,0.0
1.0,cifar10,2.0,20.0,opu,vgg16_bn_avgpool.npz,10000.0,0.0001,0.7709,0.0,175.2867476940155,0.7514,0.0
0.1,cifar10,2.0,20.0,opu,vgg16_bn_avgpool.npz,10000.0,0.0001,0.7709,0.0,175.2867476940155,0.7514,0.0
0.01,cifar10,2.0,20.0,opu,vgg16_bn_avgpool.npz,10000.0,0.0001,0.7709,0.0,175.2867476940155,0.7514,0.0
0.0,cifar10,2.0,20.0,opu,vgg16_bn_avgpool.npz,10000.0,0.0001,0.7709,0.0,175.2867476940155,0.7514,0.0
100.0,cifar10,2.0,20.0,opu,vgg16_bn_avgpool.npz,10000.0,1e-05,0.7937,0.0,174.0864222049713,0.7859,0.0
10.0,cifar10,2.0,20.0,opu,vgg16_bn_avgpool.npz,10000.0,1e-05,0.7743,0.0,174.0864222049713,0.7585,0.0
1.0,cifar10,2.0,20.0,opu,vgg16_bn_avgpool.npz,10000.0,1e-05,0.771,0.0,174.0864222049713,0.7523,0.0
0.1,cifar10,2.0,20.0,opu,vgg16_bn_avgpool.npz,10000.0,1e-05,0.7709,0.0,174.0864222049713,0.7514,0.0
0.01,cifar10,2.0,20.0,opu,vgg16_bn_avgpool.npz,10000.0,1e-05,0.7709,0.0,174.0864222049713,0.7514,0.0
0.0,cifar10,2.0,20.0,opu,vgg16_bn_avgpool.npz,10000.0,1e-05,0.7709,0.0,174.0864222049713,0.7514,0.0
