alpha,gamma,num_features,proj_time,projection,regr_time,scale,test_score,val_score
1e-06,0.000244140625,10000.0,3.576859951019287,rbf,1.902796983718872,0.001,0.8209,0.8288333333333333
1e-06,0.000244140625,10000.0,0.0,rbf,0.0,0.01,0.0,0.0
1e-06,0.000244140625,10000.0,0.0,rbf,0.0,0.1,0.0,0.0
1e-06,0.000244140625,10000.0,0.0,rbf,0.0,1.0,0.0,0.0
1e-06,0.000244140625,10000.0,0.0,rbf,0.0,10.0,0.0,0.0
1e-06,0.000244140625,10000.0,0.0,rbf,0.0,100.0,0.0,0.0
1e-06,0.00048828125,10000.0,0.10138797760009766,rbf,1.6758930683135986,0.001,0.8354,0.8429166666666666
1e-06,0.00048828125,10000.0,0.10822796821594238,rbf,1.8836231231689453,0.01,0.8742,0.8818333333333334
1e-06,0.00048828125,10000.0,0.0,rbf,0.0,0.1,0.0,0.0
1e-06,0.00048828125,10000.0,0.0,rbf,0.0,1.0,0.0,0.0
1e-06,0.00048828125,10000.0,0.0,rbf,0.0,10.0,0.0,0.0
1e-06,0.00048828125,10000.0,0.0,rbf,0.0,100.0,0.0,0.0
1e-06,0.0009765625,10000.0,0.10333728790283203,rbf,1.8336670398712158,0.001,0.8511,0.8526666666666667
1e-06,0.0009765625,10000.0,0.10256814956665039,rbf,1.7551023960113525,0.01,0.8803,0.8888333333333334
1e-06,0.0009765625,10000.0,0.14289283752441406,rbf,1.8168880939483643,0.1,0.879,0.8855833333333333
1e-06,0.0009765625,10000.0,0.10418343544006348,rbf,1.795224905014038,1.0,0.8811,0.8875833333333333
1e-06,0.0009765625,10000.0,0.14174103736877441,rbf,1.8180794715881348,10.0,0.8812,0.88725
1e-06,0.0009765625,10000.0,0.15513825416564941,rbf,1.737680435180664,100.0,0.8787,0.8845833333333334
1e-06,0.001953125,10000.0,0.11899542808532715,rbf,1.7584681510925293,0.001,0.8649,0.8695833333333334
1e-06,0.001953125,10000.0,0.13805484771728516,rbf,1.8093454837799072,0.01,0.8839,0.8908333333333334
1e-06,0.001953125,10000.0,0.10653328895568848,rbf,1.8810234069824219,0.1,0.8797,0.8856666666666667
1e-06,0.001953125,10000.0,0.1435253620147705,rbf,1.829507827758789,1.0,0.8788,0.8829166666666667
1e-06,0.001953125,10000.0,0.14646267890930176,rbf,1.7615001201629639,10.0,0.8802,0.8824166666666666
1e-06,0.001953125,10000.0,0.1704998016357422,rbf,1.8268382549285889,100.0,0.8829,0.8869166666666667
1e-06,0.00390625,10000.0,0.10869765281677246,rbf,1.7721993923187256,0.001,0.8729,0.8850833333333333
1e-06,0.00390625,10000.0,0.1102299690246582,rbf,1.8292996883392334,0.01,0.8859,0.8946666666666667
1e-06,0.00390625,10000.0,0.10274028778076172,rbf,1.908614158630371,0.1,0.8811,0.8885833333333333
1e-06,0.00390625,10000.0,0.11290669441223145,rbf,1.8331522941589355,1.0,0.8815,0.889
1e-06,0.00390625,10000.0,0.10175395011901855,rbf,1.8943521976470947,10.0,0.8838,0.8880833333333333
1e-06,0.00390625,10000.0,0.14788174629211426,rbf,1.673668384552002,100.0,0.8829,0.8888333333333334
1e-06,0.0078125,10000.0,0.10108399391174316,rbf,1.7203154563903809,0.001,0.8821,0.88475
1e-06,0.0078125,10000.0,0.1012110710144043,rbf,1.8125996589660645,0.01,0.878,0.88925
1e-06,0.0078125,10000.0,0.11024165153503418,rbf,1.7548859119415283,0.1,0.8831,0.88725
1e-06,0.0078125,10000.0,0.1378793716430664,rbf,1.9306626319885254,1.0,0.8836,0.8834166666666666
1e-06,0.0078125,10000.0,0.1389009952545166,rbf,1.81744384765625,10.0,0.8779,0.8895
1e-06,0.0078125,10000.0,0.1064605712890625,rbf,1.7006433010101318,100.0,0.8822,0.8906666666666667
1e-06,0.015625,10000.0,0.11138081550598145,rbf,1.8251943588256836,0.001,0.8811,0.8831666666666667
1e-06,0.015625,10000.0,0.10224723815917969,rbf,1.8160409927368164,0.01,0.8792,0.8854166666666666
1e-06,0.015625,10000.0,0.14054393768310547,rbf,1.8164939880371094,0.1,0.8801,0.8828333333333334
1e-06,0.015625,10000.0,0.1104116439819336,rbf,1.8385913372039795,1.0,0.8808,0.8858333333333334
1e-06,0.015625,10000.0,0.10393691062927246,rbf,1.7866418361663818,10.0,0.8786,0.8903333333333333
1e-06,0.015625,10000.0,0.10127472877502441,rbf,1.7941460609436035,100.0,0.8811,0.8828333333333334
1e-06,0.03125,10000.0,0.10307931900024414,rbf,1.7934095859527588,0.001,0.8646,0.8759166666666667
1e-06,0.03125,10000.0,0.11420416831970215,rbf,1.8372716903686523,0.01,0.8622,0.8670833333333333
1e-06,0.03125,10000.0,0.10234451293945312,rbf,1.7964191436767578,0.1,0.8631,0.8678333333333333
1e-06,0.03125,10000.0,0.10077738761901855,rbf,1.800126552581787,1.0,0.8597,0.8711666666666666
1e-06,0.03125,10000.0,0.10074567794799805,rbf,1.7954034805297852,10.0,0.8597,0.8653333333333333
1e-06,0.03125,10000.0,0.14583563804626465,rbf,1.8540632724761963,100.0,0.8615,0.8726666666666667
1e-06,0.0625,10000.0,0.13694119453430176,rbf,1.7908833026885986,0.001,0.7465,0.7549166666666667
1e-06,0.0625,10000.0,0.13801288604736328,rbf,1.811528205871582,0.01,0.7288,0.7425
1e-06,0.0625,10000.0,0.10172224044799805,rbf,1.7923064231872559,0.1,0.7273,0.7405
1e-06,0.0625,10000.0,0.10180234909057617,rbf,1.791792869567871,1.0,0.7295,0.7329166666666667
1e-06,0.0625,10000.0,0.1410374641418457,rbf,1.9276299476623535,10.0,0.7336,0.7375
1e-06,0.0625,10000.0,0.14827942848205566,rbf,1.8035569190979004,100.0,0.7286,0.7408333333333333
1e-05,0.000244140625,10000.0,0.10112714767456055,rbf,1.7609925270080566,0.001,0.7917,0.8064166666666667
1e-05,0.000244140625,10000.0,0.10213136672973633,rbf,1.7820336818695068,0.01,0.8476,0.8523333333333334
1e-05,0.000244140625,10000.0,0.0,rbf,0.0,0.1,0.0,0.0
1e-05,0.000244140625,10000.0,0.0,rbf,0.0,1.0,0.0,0.0
1e-05,0.000244140625,10000.0,0.0,rbf,0.0,10.0,0.0,0.0
1e-05,0.000244140625,10000.0,0.0,rbf,0.0,100.0,0.0,0.0
1e-05,0.00048828125,10000.0,0.10085535049438477,rbf,1.8061573505401611,0.001,0.8022,0.8125
1e-05,0.00048828125,10000.0,0.10181760787963867,rbf,1.7990615367889404,0.01,0.8606,0.8715833333333334
1e-05,0.00048828125,10000.0,0.0,rbf,0.0,0.1,0.0,0.0
1e-05,0.00048828125,10000.0,0.0,rbf,0.0,1.0,0.0,0.0
1e-05,0.00048828125,10000.0,0.0,rbf,0.0,10.0,0.0,0.0
1e-05,0.00048828125,10000.0,0.0,rbf,0.0,100.0,0.0,0.0
1e-05,0.0009765625,10000.0,0.10179424285888672,rbf,1.843790054321289,0.001,0.8173,0.8274166666666667
1e-05,0.0009765625,10000.0,0.14855098724365234,rbf,1.772700309753418,0.01,0.8696,0.881
1e-05,0.0009765625,10000.0,0.13889288902282715,rbf,1.8183631896972656,0.1,0.8812,0.8821666666666667
1e-05,0.0009765625,10000.0,0.10291671752929688,rbf,1.7899940013885498,1.0,0.8787,0.8868333333333334
1e-05,0.0009765625,10000.0,0.11144566535949707,rbf,1.822139024734497,10.0,0.879,0.8855
1e-05,0.0009765625,10000.0,0.10234332084655762,rbf,1.7927517890930176,100.0,0.8812,0.8900833333333333
1e-05,0.001953125,10000.0,0.10904479026794434,rbf,1.7756612300872803,0.001,0.8328,0.8368333333333333
1e-05,0.001953125,10000.0,0.10799479484558105,rbf,1.7843868732452393,0.01,0.88,0.8825
1e-05,0.001953125,10000.0,0.16188454627990723,rbf,1.7422008514404297,0.1,0.8814,0.8895
1e-05,0.001953125,10000.0,0.1012568473815918,rbf,1.8001019954681396,1.0,0.8816,0.8843333333333333
1e-05,0.001953125,10000.0,0.1358933448791504,rbf,1.8190765380859375,10.0,0.8825,0.8915
1e-05,0.001953125,10000.0,0.12852191925048828,rbf,1.785118818283081,100.0,0.8814,0.889
1e-05,0.00390625,10000.0,0.1018366813659668,rbf,1.7492613792419434,0.001,0.8509,0.8578333333333333
1e-05,0.00390625,10000.0,0.1019902229309082,rbf,1.7883987426757812,0.01,0.8823,0.88925
1e-05,0.00390625,10000.0,0.13712620735168457,rbf,1.8349254131317139,0.1,0.8797,0.8876666666666667
1e-05,0.00390625,10000.0,0.1122443675994873,rbf,1.7745275497436523,1.0,0.8798,0.8861666666666667
1e-05,0.00390625,10000.0,0.10897564888000488,rbf,1.8421757221221924,10.0,0.8828,0.8865833333333333
1e-05,0.00390625,10000.0,0.13692283630371094,rbf,1.8323500156402588,100.0,0.8832,0.88275
1e-05,0.0078125,10000.0,0.1397571563720703,rbf,1.8138923645019531,0.001,0.8606,0.86475
1e-05,0.0078125,10000.0,0.1126408576965332,rbf,1.8341331481933594,0.01,0.8861,0.8911666666666667
1e-05,0.0078125,10000.0,0.1021890640258789,rbf,1.792724847793579,0.1,0.8815,0.8875
1e-05,0.0078125,10000.0,0.14496874809265137,rbf,1.7346510887145996,1.0,0.8827,0.8885833333333333
1e-05,0.0078125,10000.0,0.15454339981079102,rbf,1.7747023105621338,10.0,0.8841,0.8874166666666666
1e-05,0.0078125,10000.0,0.1444683074951172,rbf,1.8369183540344238,100.0,0.8845,0.8896666666666667
1e-05,0.015625,10000.0,0.10190844535827637,rbf,1.7930700778961182,0.001,0.8649,0.87775
1e-05,0.015625,10000.0,0.14490056037902832,rbf,1.839284896850586,0.01,0.8833,0.888
1e-05,0.015625,10000.0,0.10732102394104004,rbf,1.8540284633636475,0.1,0.882,0.88525
1e-05,0.015625,10000.0,0.10216140747070312,rbf,1.776167392730713,1.0,0.8821,0.8859166666666667
1e-05,0.015625,10000.0,0.10435199737548828,rbf,1.7991747856140137,10.0,0.8796,0.8818333333333334
1e-05,0.015625,10000.0,0.14156556129455566,rbf,1.8161180019378662,100.0,0.879,0.8890833333333333
1e-05,0.03125,10000.0,0.14897966384887695,rbf,1.8178198337554932,0.001,0.8558,0.8586666666666667
1e-05,0.03125,10000.0,0.10216498374938965,rbf,1.7935397624969482,0.01,0.8634,0.8695
1e-05,0.03125,10000.0,0.12063264846801758,rbf,1.8197529315948486,0.1,0.8626,0.8703333333333333
1e-05,0.03125,10000.0,0.10626053810119629,rbf,1.786170244216919,1.0,0.8609,0.865
1e-05,0.03125,10000.0,0.10867047309875488,rbf,1.7746129035949707,10.0,0.863,0.8685833333333334
1e-05,0.03125,10000.0,0.10279464721679688,rbf,1.7956957817077637,100.0,0.8585,0.86875
1e-05,0.0625,10000.0,0.11356067657470703,rbf,1.7639892101287842,0.001,0.7369,0.7474166666666666
1e-05,0.0625,10000.0,0.10146212577819824,rbf,1.810544490814209,0.01,0.7318,0.73975
1e-05,0.0625,10000.0,0.10639286041259766,rbf,1.7848799228668213,0.1,0.7312,0.7414166666666666
1e-05,0.0625,10000.0,0.1010274887084961,rbf,1.8046133518218994,1.0,0.7327,0.7351666666666666
1e-05,0.0625,10000.0,0.11110043525695801,rbf,1.8298733234405518,10.0,0.7331,0.7378333333333333
1e-05,0.0625,10000.0,0.10512709617614746,rbf,1.7875983715057373,100.0,0.7332,0.7311666666666666
0.0001,0.000244140625,10000.0,0.1057882308959961,rbf,1.7822747230529785,0.001,0.7325,0.741
0.0001,0.000244140625,10000.0,0.13853096961975098,rbf,1.8267734050750732,0.01,0.818,0.826
0.0001,0.000244140625,10000.0,0.0,rbf,0.0,0.1,0.0,0.0
0.0001,0.000244140625,10000.0,0.0,rbf,0.0,1.0,0.0,0.0
0.0001,0.000244140625,10000.0,0.0,rbf,0.0,10.0,0.0,0.0
0.0001,0.000244140625,10000.0,0.0,rbf,0.0,100.0,0.0,0.0
0.0001,0.00048828125,10000.0,0.13979339599609375,rbf,1.8100087642669678,0.001,0.7559,0.7696666666666667
0.0001,0.00048828125,10000.0,0.1378004550933838,rbf,1.8246195316314697,0.01,0.8342,0.8429166666666666
0.0001,0.00048828125,10000.0,0.10749125480651855,rbf,1.8137059211730957,0.1,0.8759,0.88125
0.0001,0.00048828125,10000.0,0.0,rbf,0.0,1.0,0.0,0.0
0.0001,0.00048828125,10000.0,0.0,rbf,0.0,10.0,0.0,0.0
0.0001,0.00048828125,10000.0,0.0,rbf,0.0,100.0,0.0,0.0
0.0001,0.0009765625,10000.0,0.10178709030151367,rbf,1.7447419166564941,0.001,0.7747,0.7835
0.0001,0.0009765625,10000.0,0.10239148139953613,rbf,1.7887921333312988,0.01,0.8515,0.8568333333333333
0.0001,0.0009765625,10000.0,0.1383974552154541,rbf,1.824409008026123,0.1,0.883,0.8881666666666667
0.0001,0.0009765625,10000.0,0.14705657958984375,rbf,1.8094062805175781,1.0,0.879,0.8850833333333333
0.0001,0.0009765625,10000.0,0.1056661605834961,rbf,1.792856216430664,10.0,0.8806,0.888
0.0001,0.0009765625,10000.0,0.1373577117919922,rbf,1.8177149295806885,100.0,0.8807,0.8885833333333333
0.0001,0.001953125,10000.0,0.11206412315368652,rbf,1.77492356300354,0.001,0.7906,0.8003333333333333
0.0001,0.001953125,10000.0,0.10692763328552246,rbf,1.75351881980896,0.01,0.8648,0.87075
0.0001,0.001953125,10000.0,0.13780570030212402,rbf,1.8325111865997314,0.1,0.8828,0.8871666666666667
0.0001,0.001953125,10000.0,0.10211992263793945,rbf,1.7996647357940674,1.0,0.8822,0.88575
0.0001,0.001953125,10000.0,0.10145926475524902,rbf,1.7910411357879639,10.0,0.8814,0.8884166666666666
0.0001,0.001953125,10000.0,0.1056666374206543,rbf,1.7761287689208984,100.0,0.8829,0.88725
0.0001,0.00390625,10000.0,0.17878270149230957,rbf,1.7438907623291016,0.001,0.8037,0.80925
0.0001,0.00390625,10000.0,0.14664673805236816,rbf,1.7447302341461182,0.01,0.8733,0.88375
0.0001,0.00390625,10000.0,0.1380481719970703,rbf,1.820131540298462,0.1,0.8828,0.8856666666666667
0.0001,0.00390625,10000.0,0.11282134056091309,rbf,1.7852323055267334,1.0,0.8832,0.8886666666666667
0.0001,0.00390625,10000.0,0.11085653305053711,rbf,1.8357744216918945,10.0,0.8808,0.8909166666666667
0.0001,0.00390625,10000.0,0.11325454711914062,rbf,1.8343830108642578,100.0,0.8795,0.8898333333333334
0.0001,0.0078125,10000.0,0.14208292961120605,rbf,1.8240611553192139,0.001,0.8171,0.8295
0.0001,0.0078125,10000.0,0.11320948600769043,rbf,1.837207555770874,0.01,0.8794,0.88425
0.0001,0.0078125,10000.0,0.10550141334533691,rbf,1.7743945121765137,0.1,0.8822,0.8844166666666666
0.0001,0.0078125,10000.0,0.10091423988342285,rbf,1.8062374591827393,1.0,0.8821,0.8880833333333333
0.0001,0.0078125,10000.0,0.11046385765075684,rbf,1.8380279541015625,10.0,0.8819,0.8848333333333334
0.0001,0.0078125,10000.0,0.10086417198181152,rbf,1.7820401191711426,100.0,0.8818,0.8909166666666667
0.0001,0.015625,10000.0,0.1378779411315918,rbf,1.828683853149414,0.001,0.8254,0.832
0.0001,0.015625,10000.0,0.10952067375183105,rbf,1.8292531967163086,0.01,0.8791,0.887
0.0001,0.015625,10000.0,0.10212492942810059,rbf,1.7953932285308838,0.1,0.8796,0.8813333333333333
0.0001,0.015625,10000.0,0.11002349853515625,rbf,1.7470753192901611,1.0,0.8808,0.8865
0.0001,0.015625,10000.0,0.10549688339233398,rbf,1.782954216003418,10.0,0.8794,0.887
0.0001,0.015625,10000.0,0.10692000389099121,rbf,1.7884869575500488,100.0,0.8803,0.8813333333333333
0.0001,0.03125,10000.0,0.11135649681091309,rbf,1.776714563369751,0.001,0.8096,0.8173333333333334
0.0001,0.03125,10000.0,0.16927361488342285,rbf,1.828118085861206,0.01,0.8661,0.8694166666666666
0.0001,0.03125,10000.0,0.11215806007385254,rbf,1.775238275527954,0.1,0.862,0.8683333333333333
0.0001,0.03125,10000.0,0.1989293098449707,rbf,1.759812593460083,1.0,0.8631,0.8693333333333333
0.0001,0.03125,10000.0,0.14482522010803223,rbf,1.942575216293335,10.0,0.8623,0.8653333333333333
0.0001,0.03125,10000.0,0.159865140914917,rbf,1.8327062129974365,100.0,0.8609,0.8681666666666666
0.0001,0.0625,10000.0,0.14047908782958984,rbf,1.8230552673339844,0.001,0.6752,0.67525
0.0001,0.0625,10000.0,0.10965108871459961,rbf,1.7401247024536133,0.01,0.7448,0.74775
0.0001,0.0625,10000.0,0.13770437240600586,rbf,1.8409233093261719,0.1,0.7272,0.742
0.0001,0.0625,10000.0,0.11866044998168945,rbf,1.813398838043213,1.0,0.7321,0.7426666666666667
0.0001,0.0625,10000.0,0.10217833518981934,rbf,1.7905147075653076,10.0,0.7303,0.7403333333333333
0.0001,0.0625,10000.0,0.10187458992004395,rbf,1.7903614044189453,100.0,0.7396,0.7395
0.001,0.000244140625,10000.0,0.10187602043151855,rbf,1.7991681098937988,0.001,0.6521,0.658
0.001,0.000244140625,10000.0,0.1429753303527832,rbf,1.6819610595703125,0.01,0.7894,0.7988333333333333
0.001,0.000244140625,10000.0,0.10035538673400879,rbf,1.7813923358917236,0.1,0.8493,0.8536666666666667
0.001,0.000244140625,10000.0,0.0,rbf,0.0,1.0,0.0,0.0
0.001,0.000244140625,10000.0,0.0,rbf,0.0,10.0,0.0,0.0
0.001,0.000244140625,10000.0,0.0,rbf,0.0,100.0,0.0,0.0
0.001,0.00048828125,10000.0,0.10299539566040039,rbf,1.8112328052520752,0.001,0.6693,0.6763333333333333
0.001,0.00048828125,10000.0,0.10314011573791504,rbf,1.7936720848083496,0.01,0.8027,0.8115
0.001,0.00048828125,10000.0,0.11085653305053711,rbf,1.7774314880371094,0.1,0.8629,0.8734166666666666
0.001,0.00048828125,10000.0,0.0,rbf,0.0,1.0,0.0,0.0
0.001,0.00048828125,10000.0,0.0,rbf,0.0,10.0,0.0,0.0
0.001,0.00048828125,10000.0,0.0,rbf,0.0,100.0,0.0,0.0
0.001,0.0009765625,10000.0,0.14058947563171387,rbf,1.7590816020965576,0.001,0.6933,0.7006666666666667
0.001,0.0009765625,10000.0,0.10219597816467285,rbf,1.803680419921875,0.01,0.8175,0.82025
0.001,0.0009765625,10000.0,0.10615968704223633,rbf,1.809973955154419,0.1,0.8729,0.88275
0.001,0.0009765625,10000.0,0.10453248023986816,rbf,1.7744991779327393,1.0,0.8822,0.88675
0.001,0.0009765625,10000.0,0.10223102569580078,rbf,1.7963008880615234,10.0,0.8788,0.88425
0.001,0.0009765625,10000.0,0.10466575622558594,rbf,1.7785451412200928,100.0,0.884,0.8863333333333333
0.001,0.001953125,10000.0,0.10152149200439453,rbf,1.9098913669586182,0.001,0.7173,0.723
0.001,0.001953125,10000.0,0.10207176208496094,rbf,1.823014736175537,0.01,0.8334,0.83975
0.001,0.001953125,10000.0,0.10131168365478516,rbf,1.7819323539733887,0.1,0.8785,0.8825
0.001,0.001953125,10000.0,0.10152697563171387,rbf,1.798452377319336,1.0,0.8825,0.8873333333333333
0.001,0.001953125,10000.0,0.10589265823364258,rbf,1.6831495761871338,10.0,0.8825,0.8830833333333333
0.001,0.001953125,10000.0,0.10358047485351562,rbf,1.7944824695587158,100.0,0.8847,0.8874166666666666
0.001,0.00390625,10000.0,0.10300683975219727,rbf,1.6823973655700684,0.001,0.7441,0.7494166666666666
0.001,0.00390625,10000.0,0.2154223918914795,rbf,1.6621251106262207,0.01,0.8512,0.8589166666666667
0.001,0.00390625,10000.0,0.10133743286132812,rbf,1.7504851818084717,0.1,0.8832,0.8941666666666667
0.001,0.00390625,10000.0,0.10221147537231445,rbf,1.7825639247894287,1.0,0.8837,0.88825
0.001,0.00390625,10000.0,0.10378789901733398,rbf,1.7743041515350342,10.0,0.884,0.88675
0.001,0.00390625,10000.0,0.10475373268127441,rbf,1.7979471683502197,100.0,0.8822,0.8910833333333333
0.001,0.0078125,10000.0,0.10271883010864258,rbf,1.7899489402770996,0.001,0.7542,0.76575
0.001,0.0078125,10000.0,0.14309072494506836,rbf,1.8276143074035645,0.01,0.8622,0.8700833333333333
0.001,0.0078125,10000.0,0.1379845142364502,rbf,1.8231828212738037,0.1,0.883,0.8874166666666666
0.001,0.0078125,10000.0,0.10335063934326172,rbf,1.7955081462860107,1.0,0.8831,0.8878333333333334
0.001,0.0078125,10000.0,0.10191679000854492,rbf,1.7934074401855469,10.0,0.8809,0.8881666666666667
0.001,0.0078125,10000.0,0.10502052307128906,rbf,1.7832715511322021,100.0,0.881,0.8846666666666667
0.001,0.015625,10000.0,0.10190796852111816,rbf,1.7041304111480713,0.001,0.7547,0.7634166666666666
0.001,0.015625,10000.0,0.10074615478515625,rbf,1.8035507202148438,0.01,0.8624,0.8710833333333333
0.001,0.015625,10000.0,0.10124897956848145,rbf,1.6707062721252441,0.1,0.8797,0.8836666666666667
0.001,0.015625,10000.0,0.1008296012878418,rbf,1.7844007015228271,1.0,0.8798,0.8875
0.001,0.015625,10000.0,0.10100841522216797,rbf,1.792145013809204,10.0,0.8793,0.8874166666666666
0.001,0.015625,10000.0,0.1011359691619873,rbf,1.7946596145629883,100.0,0.8782,0.8861666666666667
0.001,0.03125,10000.0,0.10123467445373535,rbf,1.7894923686981201,0.001,0.7341,0.7388333333333333
0.001,0.03125,10000.0,0.10377717018127441,rbf,1.8026502132415771,0.01,0.8538,0.8664166666666666
0.001,0.03125,10000.0,0.10048604011535645,rbf,1.6863412857055664,0.1,0.8624,0.8721666666666666
0.001,0.03125,10000.0,0.10048866271972656,rbf,1.7123279571533203,1.0,0.8609,0.8679166666666667
0.001,0.03125,10000.0,0.1420590877532959,rbf,1.7308096885681152,10.0,0.8621,0.86275
0.001,0.03125,10000.0,0.10285043716430664,rbf,1.5959367752075195,100.0,0.863,0.8715833333333334
0.001,0.0625,10000.0,0.10185003280639648,rbf,1.618549108505249,0.001,0.6269,0.6341666666666667
0.001,0.0625,10000.0,0.10137128829956055,rbf,1.7033076286315918,0.01,0.7355,0.7491666666666666
0.001,0.0625,10000.0,0.10172462463378906,rbf,1.7207300662994385,0.1,0.7325,0.7413333333333333
0.001,0.0625,10000.0,0.10631656646728516,rbf,1.7762837409973145,1.0,0.7323,0.7374166666666667
0.001,0.0625,10000.0,0.11118030548095703,rbf,1.69157075881958,10.0,0.7291,0.7329166666666667
0.001,0.0625,10000.0,0.10553622245788574,rbf,1.6559417247772217,100.0,0.7344,0.74425
0.01,0.000244140625,10000.0,0.10196304321289062,rbf,1.7047078609466553,0.001,0.5823,0.5798333333333333
0.01,0.000244140625,10000.0,0.10138392448425293,rbf,1.6959271430969238,0.01,0.7358,0.7459166666666667
0.01,0.000244140625,10000.0,0.14263129234313965,rbf,1.8256292343139648,0.1,0.8201,0.8316666666666667
0.01,0.000244140625,10000.0,0.0,rbf,0.0,1.0,0.0,0.0
0.01,0.000244140625,10000.0,0.0,rbf,0.0,10.0,0.0,0.0
0.01,0.000244140625,10000.0,0.0,rbf,0.0,100.0,0.0,0.0
0.01,0.00048828125,10000.0,0.10511398315429688,rbf,1.7110328674316406,0.001,0.62,0.6219166666666667
0.01,0.00048828125,10000.0,0.1013336181640625,rbf,1.6983633041381836,0.01,0.7539,0.75775
0.01,0.00048828125,10000.0,0.10180330276489258,rbf,1.790999174118042,0.1,0.8344,0.8455833333333334
0.01,0.00048828125,10000.0,0.11151909828186035,rbf,1.6668508052825928,1.0,0.8746,0.88125
0.01,0.00048828125,10000.0,0.0,rbf,0.0,10.0,0.0,0.0
0.01,0.00048828125,10000.0,0.0,rbf,0.0,100.0,0.0,0.0
0.01,0.0009765625,10000.0,0.10295581817626953,rbf,1.6986768245697021,0.001,0.6258,0.6344166666666666
0.01,0.0009765625,10000.0,0.10162878036499023,rbf,1.8076493740081787,0.01,0.7739,0.78725
0.01,0.0009765625,10000.0,0.1016075611114502,rbf,1.8275182247161865,0.1,0.8518,0.8635
0.01,0.0009765625,10000.0,0.1017770767211914,rbf,1.7284319400787354,1.0,0.88,0.8936666666666667
0.01,0.0009765625,10000.0,0.10545134544372559,rbf,1.795957326889038,10.0,0.8802,0.8870833333333333
0.01,0.0009765625,10000.0,0.13579845428466797,rbf,1.7373337745666504,100.0,0.8801,0.8875833333333333
0.01,0.001953125,10000.0,0.13600778579711914,rbf,1.7429742813110352,0.001,0.6396,0.64725
0.01,0.001953125,10000.0,0.10784053802490234,rbf,1.6691944599151611,0.01,0.7894,0.8001666666666667
0.01,0.001953125,10000.0,0.10093426704406738,rbf,1.7856194972991943,0.1,0.8622,0.8705
0.01,0.001953125,10000.0,0.1414632797241211,rbf,1.7198171615600586,1.0,0.8833,0.8869166666666667
0.01,0.001953125,10000.0,0.10240721702575684,rbf,1.8039798736572266,10.0,0.8807,0.8835
0.01,0.001953125,10000.0,0.14007782936096191,rbf,1.7981500625610352,100.0,0.8815,0.8833333333333333
0.01,0.00390625,10000.0,0.10137486457824707,rbf,1.7919576168060303,0.001,0.6506,0.6564166666666666
0.01,0.00390625,10000.0,0.1013636589050293,rbf,1.7958166599273682,0.01,0.8037,0.8141666666666667
0.01,0.00390625,10000.0,0.10939621925354004,rbf,1.840693712234497,0.1,0.873,0.8819166666666667
0.01,0.00390625,10000.0,0.10227370262145996,rbf,1.9040606021881104,1.0,0.8812,0.88825
0.01,0.00390625,10000.0,0.10292267799377441,rbf,1.700063943862915,10.0,0.8806,0.8888333333333334
0.01,0.00390625,10000.0,0.10850358009338379,rbf,1.6689181327819824,100.0,0.8818,0.8845
0.01,0.0078125,10000.0,0.21759557723999023,rbf,1.753833532333374,0.001,0.6696,0.683
0.01,0.0078125,10000.0,0.10593771934509277,rbf,1.750065803527832,0.01,0.8176,0.8265833333333333
0.01,0.0078125,10000.0,0.14080524444580078,rbf,1.7563416957855225,0.1,0.8805,0.8890833333333333
0.01,0.0078125,10000.0,0.14237356185913086,rbf,1.8343682289123535,1.0,0.8824,0.8884166666666666
0.01,0.0078125,10000.0,0.10580062866210938,rbf,1.7856695652008057,10.0,0.8825,0.887
0.01,0.0078125,10000.0,0.11288571357727051,rbf,1.7773239612579346,100.0,0.8801,0.8893333333333333
0.01,0.015625,10000.0,0.14047718048095703,rbf,1.7654638290405273,0.001,0.6938,0.7079166666666666
0.01,0.015625,10000.0,0.14368557929992676,rbf,1.8180255889892578,0.01,0.8268,0.8328333333333333
0.01,0.015625,10000.0,0.14126133918762207,rbf,1.826840877532959,0.1,0.8797,0.8858333333333334
0.01,0.015625,10000.0,0.11164712905883789,rbf,1.8173236846923828,1.0,0.8798,0.8831666666666667
0.01,0.015625,10000.0,0.10340094566345215,rbf,1.7994251251220703,10.0,0.881,0.8838333333333334
0.01,0.015625,10000.0,0.1104886531829834,rbf,1.7519779205322266,100.0,0.8767,0.88425
0.01,0.03125,10000.0,0.10237932205200195,rbf,1.7635862827301025,0.001,0.703,0.7080833333333333
0.01,0.03125,10000.0,0.1025247573852539,rbf,1.7931976318359375,0.01,0.8084,0.8144166666666667
0.01,0.03125,10000.0,0.10174250602722168,rbf,1.8006393909454346,0.1,0.864,0.87475
0.01,0.03125,10000.0,0.11105656623840332,rbf,1.7512922286987305,1.0,0.8564,0.8719166666666667
0.01,0.03125,10000.0,0.10561466217041016,rbf,1.759162425994873,10.0,0.8608,0.8719166666666667
0.01,0.03125,10000.0,0.10537409782409668,rbf,1.7855281829833984,100.0,0.8624,0.8661666666666666
0.01,0.0625,10000.0,0.10154891014099121,rbf,1.7942252159118652,0.001,0.6153,0.6211666666666666
0.01,0.0625,10000.0,0.11194038391113281,rbf,1.7764010429382324,0.01,0.6766,0.6731666666666667
0.01,0.0625,10000.0,0.10803842544555664,rbf,1.7935948371887207,0.1,0.7408,0.7511666666666666
0.01,0.0625,10000.0,0.11182928085327148,rbf,1.8293297290802002,1.0,0.7313,0.7339166666666667
0.01,0.0625,10000.0,0.10495424270629883,rbf,1.7856419086456299,10.0,0.7298,0.7348333333333333
0.01,0.0625,10000.0,0.10939431190490723,rbf,1.7771883010864258,100.0,0.7291,0.7370833333333333
0.1,0.000244140625,10000.0,0.10207653045654297,rbf,1.7874116897583008,0.001,0.5459,0.5466666666666666
0.1,0.000244140625,10000.0,0.10254430770874023,rbf,1.7962422370910645,0.01,0.6399,0.6385
0.1,0.000244140625,10000.0,0.19401049613952637,rbf,1.7954256534576416,0.1,0.7885,0.8000833333333334
0.1,0.000244140625,10000.0,0.10240674018859863,rbf,1.755728006362915,1.0,0.8484,0.8559166666666667
0.1,0.000244140625,10000.0,0.0,rbf,0.0,10.0,0.0,0.0
0.1,0.000244140625,10000.0,0.0,rbf,0.0,100.0,0.0,0.0
0.1,0.00048828125,10000.0,0.10147261619567871,rbf,1.8117432594299316,0.001,0.5702,0.5645833333333333
0.1,0.00048828125,10000.0,0.10187339782714844,rbf,1.8882238864898682,0.01,0.6751,0.682
0.1,0.00048828125,10000.0,0.1383507251739502,rbf,1.8149855136871338,0.1,0.8021,0.80725
0.1,0.00048828125,10000.0,0.138458251953125,rbf,1.6533527374267578,1.0,0.8599,0.8655833333333334
0.1,0.00048828125,10000.0,0.0,rbf,0.0,10.0,0.0,0.0
0.1,0.00048828125,10000.0,0.0,rbf,0.0,100.0,0.0,0.0
0.1,0.0009765625,10000.0,0.1642286777496338,rbf,1.7395052909851074,0.001,0.6118,0.6185
0.1,0.0009765625,10000.0,0.10265827178955078,rbf,1.7553651332855225,0.01,0.699,0.7064166666666667
0.1,0.0009765625,10000.0,0.10192108154296875,rbf,1.7947850227355957,0.1,0.8177,0.829
0.1,0.0009765625,10000.0,0.14141321182250977,rbf,1.7565562725067139,1.0,0.8717,0.87725
0.1,0.0009765625,10000.0,0.10283780097961426,rbf,1.7233753204345703,10.0,0.8832,0.8884166666666666
0.1,0.0009765625,10000.0,0.10193920135498047,rbf,1.7787914276123047,100.0,0.8824,0.8860833333333333
0.1,0.001953125,10000.0,0.10271358489990234,rbf,1.779219150543213,0.001,0.6008,0.598
0.1,0.001953125,10000.0,0.1020200252532959,rbf,1.8315026760101318,0.01,0.7201,0.7325833333333334
0.1,0.001953125,10000.0,0.15137887001037598,rbf,1.7918269634246826,0.1,0.8351,0.8398333333333333
0.1,0.001953125,10000.0,0.10558676719665527,rbf,1.7462763786315918,1.0,0.8794,0.887
0.1,0.001953125,10000.0,0.10289287567138672,rbf,1.7926676273345947,10.0,0.8814,0.8883333333333333
0.1,0.001953125,10000.0,0.14673948287963867,rbf,1.8009648323059082,100.0,0.8832,0.884
0.1,0.00390625,10000.0,0.10342025756835938,rbf,1.7890071868896484,0.001,0.6241,0.63375
0.1,0.00390625,10000.0,0.10619211196899414,rbf,1.749563455581665,0.01,0.7415,0.7478333333333333
0.1,0.00390625,10000.0,0.10186982154846191,rbf,1.7859184741973877,0.1,0.8493,0.8550833333333333
0.1,0.00390625,10000.0,0.10130143165588379,rbf,1.7893989086151123,1.0,0.8831,0.8889166666666667
0.1,0.00390625,10000.0,0.10792803764343262,rbf,1.7936089038848877,10.0,0.8813,0.888
0.1,0.00390625,10000.0,0.1016838550567627,rbf,1.8168365955352783,100.0,0.8816,0.8890833333333333
0.1,0.0078125,10000.0,0.10222411155700684,rbf,1.7974920272827148,0.001,0.6402,0.6553333333333333
0.1,0.0078125,10000.0,0.10207104682922363,rbf,1.6965911388397217,0.01,0.7535,0.7673333333333333
0.1,0.0078125,10000.0,0.10333633422851562,rbf,1.7832770347595215,0.1,0.8609,0.8725833333333334
0.1,0.0078125,10000.0,0.13693904876708984,rbf,1.8249800205230713,1.0,0.8858,0.8921666666666667
0.1,0.0078125,10000.0,0.13640642166137695,rbf,1.7394111156463623,10.0,0.8817,0.886
0.1,0.0078125,10000.0,0.12519168853759766,rbf,1.776951789855957,100.0,0.8802,0.89025
0.1,0.015625,10000.0,0.10241532325744629,rbf,1.7857789993286133,0.001,0.6738,0.6848333333333333
0.1,0.015625,10000.0,0.10012340545654297,rbf,1.8005435466766357,0.01,0.755,0.7609166666666667
0.1,0.015625,10000.0,0.13635969161987305,rbf,1.7827420234680176,0.1,0.8666,0.8723333333333333
0.1,0.015625,10000.0,0.10109710693359375,rbf,1.791604995727539,1.0,0.8804,0.888
0.1,0.015625,10000.0,0.10198473930358887,rbf,1.7782986164093018,10.0,0.8825,0.88475
0.1,0.015625,10000.0,0.10187315940856934,rbf,1.828540325164795,100.0,0.8794,0.8875833333333333
0.1,0.03125,10000.0,0.1015617847442627,rbf,1.7997493743896484,0.001,0.6948,0.7095
0.1,0.03125,10000.0,0.1387925148010254,rbf,1.8089628219604492,0.01,0.7338,0.73975
0.1,0.03125,10000.0,0.10418558120727539,rbf,1.7960631847381592,0.1,0.8548,0.8668333333333333
0.1,0.03125,10000.0,0.10954570770263672,rbf,1.7427873611450195,1.0,0.8625,0.8700833333333333
0.1,0.03125,10000.0,0.1020193099975586,rbf,1.8017680644989014,10.0,0.861,0.8694166666666666
0.1,0.03125,10000.0,0.10184979438781738,rbf,1.7950327396392822,100.0,0.861,0.8721666666666666
0.1,0.0625,10000.0,0.10172224044799805,rbf,1.8101551532745361,0.001,0.62,0.6289166666666667
0.1,0.0625,10000.0,0.10314369201660156,rbf,1.7804417610168457,0.01,0.6262,0.6378333333333334
0.1,0.0625,10000.0,0.1381700038909912,rbf,1.7404978275299072,0.1,0.7406,0.7501666666666666
0.1,0.0625,10000.0,0.1022043228149414,rbf,1.7883141040802002,1.0,0.7322,0.7411666666666666
0.1,0.0625,10000.0,0.11025714874267578,rbf,1.7419743537902832,10.0,0.735,0.742
0.1,0.0625,10000.0,0.1017141342163086,rbf,1.9905040264129639,100.0,0.731,0.7354166666666667
1.0,0.000244140625,10000.0,0.13755416870117188,rbf,1.7364323139190674,0.001,0.5687,0.5664166666666667
1.0,0.000244140625,10000.0,0.10132217407226562,rbf,1.7909972667694092,0.01,0.6285,0.637
1.0,0.000244140625,10000.0,0.10145187377929688,rbf,1.7858498096466064,0.1,0.7351,0.7461666666666666
1.0,0.000244140625,10000.0,0.13743281364440918,rbf,1.8044555187225342,1.0,0.8194,0.8311666666666667
1.0,0.000244140625,10000.0,0.10165667533874512,rbf,1.7986583709716797,10.0,0.8693,0.8743333333333333
1.0,0.000244140625,10000.0,0.0,rbf,0.0,100.0,0.0,0.0
1.0,0.00048828125,10000.0,0.10122108459472656,rbf,1.7926113605499268,0.001,0.6101,0.6140833333333333
1.0,0.00048828125,10000.0,0.10291314125061035,rbf,1.7883689403533936,0.01,0.6101,0.61
1.0,0.00048828125,10000.0,0.10099053382873535,rbf,1.8064651489257812,0.1,0.7569,0.76075
1.0,0.00048828125,10000.0,0.10068464279174805,rbf,1.789954662322998,1.0,0.8344,0.83475
1.0,0.00048828125,10000.0,0.10280227661132812,rbf,1.794980764389038,10.0,0.8743,0.8818333333333334
1.0,0.00048828125,10000.0,0.0,rbf,0.0,100.0,0.0,0.0
1.0,0.0009765625,10000.0,0.13940978050231934,rbf,1.739743947982788,0.001,0.5731,0.5805833333333333
1.0,0.0009765625,10000.0,0.10295271873474121,rbf,1.7883620262145996,0.01,0.6234,0.6223333333333333
1.0,0.0009765625,10000.0,0.1029672622680664,rbf,1.7923779487609863,0.1,0.7743,0.7798333333333334
1.0,0.0009765625,10000.0,0.10943889617919922,rbf,1.8275587558746338,1.0,0.8525,0.8581666666666666
1.0,0.0009765625,10000.0,0.13821816444396973,rbf,1.81661057472229,10.0,0.882,0.8879166666666667
1.0,0.0009765625,10000.0,0.10284042358398438,rbf,1.7994039058685303,100.0,0.8812,0.889
1.0,0.001953125,10000.0,0.1372530460357666,rbf,1.7346887588500977,0.001,0.6077,0.612
1.0,0.001953125,10000.0,0.10106158256530762,rbf,1.8078234195709229,0.01,0.6308,0.6293333333333333
1.0,0.001953125,10000.0,0.1032860279083252,rbf,1.7926170825958252,0.1,0.7919,0.80975
1.0,0.001953125,10000.0,0.12291121482849121,rbf,1.7707710266113281,1.0,0.8647,0.8784166666666666
1.0,0.001953125,10000.0,0.1017911434173584,rbf,1.695838212966919,10.0,0.882,0.8846666666666667
1.0,0.001953125,10000.0,0.10158300399780273,rbf,1.7921228408813477,100.0,0.8816,0.8864166666666666
1.0,0.00390625,10000.0,0.12299156188964844,rbf,1.7588884830474854,0.001,0.6148,0.622
1.0,0.00390625,10000.0,0.11498475074768066,rbf,1.7459850311279297,0.01,0.6534,0.6595833333333333
1.0,0.00390625,10000.0,0.10117244720458984,rbf,1.7978777885437012,0.1,0.8045,0.8155833333333333
1.0,0.00390625,10000.0,0.127943754196167,rbf,1.7719378471374512,1.0,0.8728,0.8764166666666666
1.0,0.00390625,10000.0,0.10246849060058594,rbf,1.8012971878051758,10.0,0.8833,0.8885833333333333
1.0,0.00390625,10000.0,0.1013193130493164,rbf,1.784580945968628,100.0,0.8809,0.8883333333333333
1.0,0.0078125,10000.0,0.10107135772705078,rbf,1.7944996356964111,0.001,0.6278,0.6314166666666666
1.0,0.0078125,10000.0,0.10155534744262695,rbf,1.7962722778320312,0.01,0.6729,0.686
1.0,0.0078125,10000.0,0.11035561561584473,rbf,1.7503533363342285,0.1,0.8177,0.8211666666666667
1.0,0.0078125,10000.0,0.1200265884399414,rbf,1.7726781368255615,1.0,0.8803,0.889
1.0,0.0078125,10000.0,0.10193657875061035,rbf,1.790623664855957,10.0,0.8843,0.8939166666666667
1.0,0.0078125,10000.0,0.10320687294006348,rbf,1.7926909923553467,100.0,0.8836,0.8881666666666667
1.0,0.015625,10000.0,0.10129404067993164,rbf,1.7933223247528076,0.001,0.6717,0.68425
1.0,0.015625,10000.0,0.10115385055541992,rbf,1.7889952659606934,0.01,0.6955,0.7074166666666667
1.0,0.015625,10000.0,0.10319352149963379,rbf,1.8091371059417725,0.1,0.8249,0.8295833333333333
1.0,0.015625,10000.0,0.10314655303955078,rbf,1.7157657146453857,1.0,0.8813,0.88375
1.0,0.015625,10000.0,0.10169243812561035,rbf,1.8041472434997559,10.0,0.8786,0.8880833333333333
1.0,0.015625,10000.0,0.1476454734802246,rbf,1.7458224296569824,100.0,0.8832,0.8875833333333333
1.0,0.03125,10000.0,0.10112547874450684,rbf,1.845203161239624,0.001,0.6988,0.7078333333333333
1.0,0.03125,10000.0,0.16434717178344727,rbf,1.8407845497131348,0.01,0.7025,0.70925
1.0,0.03125,10000.0,0.14562034606933594,rbf,1.7548115253448486,0.1,0.8029,0.81275
1.0,0.03125,10000.0,0.10162615776062012,rbf,1.7118926048278809,1.0,0.866,0.872
1.0,0.03125,10000.0,0.10938143730163574,rbf,1.798231840133667,10.0,0.8624,0.8634166666666667
1.0,0.03125,10000.0,0.10100293159484863,rbf,1.743001937866211,100.0,0.8616,0.865
1.0,0.0625,10000.0,0.14264297485351562,rbf,1.816664218902588,0.001,0.6136,0.6176666666666667
1.0,0.0625,10000.0,0.11635804176330566,rbf,1.771239995956421,0.01,0.6171,0.6235
1.0,0.0625,10000.0,0.10232090950012207,rbf,1.797652244567871,0.1,0.6741,0.6749166666666667
1.0,0.0625,10000.0,0.11728596687316895,rbf,1.6604182720184326,1.0,0.7412,0.7515
1.0,0.0625,10000.0,0.10216665267944336,rbf,1.7727937698364258,10.0,0.73,0.73775
1.0,0.0625,10000.0,0.10174775123596191,rbf,1.792043924331665,100.0,0.7291,0.744
10.0,0.000244140625,10000.0,0.10182809829711914,rbf,1.684450626373291,0.001,0.5335,0.53075
10.0,0.000244140625,10000.0,0.10209274291992188,rbf,1.7972180843353271,0.01,0.5893,0.584
10.0,0.000244140625,10000.0,0.136702299118042,rbf,1.8099474906921387,0.1,0.6426,0.6416666666666667
10.0,0.000244140625,10000.0,0.10216617584228516,rbf,1.7092235088348389,1.0,0.7899,0.8021666666666667
10.0,0.000244140625,10000.0,0.10776114463806152,rbf,1.742382526397705,10.0,0.8472,0.8563333333333333
10.0,0.000244140625,10000.0,0.0,rbf,0.0,100.0,0.0,0.0
10.0,0.00048828125,10000.0,0.1018526554107666,rbf,1.749504804611206,0.001,0.6101,0.6044166666666667
10.0,0.00048828125,10000.0,0.14323186874389648,rbf,1.7944574356079102,0.01,0.6094,0.6078333333333333
10.0,0.00048828125,10000.0,0.10827994346618652,rbf,1.781902551651001,0.1,0.6654,0.6790833333333334
10.0,0.00048828125,10000.0,0.14412784576416016,rbf,1.5758106708526611,1.0,0.8027,0.8
10.0,0.00048828125,10000.0,0.10103058815002441,rbf,1.6908848285675049,10.0,0.8638,0.8664166666666666
10.0,0.00048828125,10000.0,0.10129904747009277,rbf,1.6939656734466553,100.0,0.8811,0.8845
10.0,0.0009765625,10000.0,0.11334586143493652,rbf,1.7443263530731201,0.001,0.5962,0.6103333333333333
10.0,0.0009765625,10000.0,0.14043879508972168,rbf,1.6978347301483154,0.01,0.5985,0.6040833333333333
10.0,0.0009765625,10000.0,0.10363149642944336,rbf,1.716425895690918,0.1,0.6925,0.6986666666666667
10.0,0.0009765625,10000.0,0.10100865364074707,rbf,1.7948298454284668,1.0,0.8182,0.825
10.0,0.0009765625,10000.0,0.14252185821533203,rbf,1.674717664718628,10.0,0.8707,0.8789166666666667
10.0,0.0009765625,10000.0,0.10119938850402832,rbf,1.671555519104004,100.0,0.8808,0.889
10.0,0.001953125,10000.0,0.18324828147888184,rbf,1.706017017364502,0.001,0.6042,0.60425
10.0,0.001953125,10000.0,0.11131954193115234,rbf,1.7655823230743408,0.01,0.6038,0.6099166666666667
10.0,0.001953125,10000.0,0.10289311408996582,rbf,1.7554006576538086,0.1,0.7216,0.7320833333333333
10.0,0.001953125,10000.0,0.13788080215454102,rbf,1.7043051719665527,1.0,0.8338,0.8439166666666666
10.0,0.001953125,10000.0,0.1018683910369873,rbf,1.829726219177246,10.0,0.8779,0.8874166666666666
10.0,0.001953125,10000.0,0.10860228538513184,rbf,1.6657757759094238,100.0,0.8822,0.8845833333333334
10.0,0.00390625,10000.0,0.10513973236083984,rbf,1.784571647644043,0.001,0.6193,0.6368333333333334
10.0,0.00390625,10000.0,0.10193753242492676,rbf,1.8143577575683594,0.01,0.6217,0.6206666666666667
10.0,0.00390625,10000.0,0.11078786849975586,rbf,1.733628273010254,0.1,0.7428,0.75
10.0,0.00390625,10000.0,0.10632705688476562,rbf,1.7883086204528809,1.0,0.8496,0.85475
10.0,0.00390625,10000.0,0.10153079032897949,rbf,1.797780990600586,10.0,0.8811,0.8879166666666667
10.0,0.00390625,10000.0,0.14011216163635254,rbf,1.8241784572601318,100.0,0.8811,0.8870833333333333
10.0,0.0078125,10000.0,0.1109457015991211,rbf,1.744631290435791,0.001,0.6249,0.6305
10.0,0.0078125,10000.0,0.10645389556884766,rbf,1.7740960121154785,0.01,0.6361,0.6466666666666666
10.0,0.0078125,10000.0,0.10279059410095215,rbf,1.7894976139068604,0.1,0.7535,0.7586666666666667
10.0,0.0078125,10000.0,0.10256743431091309,rbf,1.7952830791473389,1.0,0.8617,0.87375
10.0,0.0078125,10000.0,0.10296082496643066,rbf,1.7753405570983887,10.0,0.8843,0.8920833333333333
10.0,0.0078125,10000.0,0.10627365112304688,rbf,1.7468724250793457,100.0,0.8842,0.8871666666666667
10.0,0.015625,10000.0,0.10271453857421875,rbf,1.7856988906860352,0.001,0.6685,0.6829166666666666
10.0,0.015625,10000.0,0.10276174545288086,rbf,1.7803888320922852,0.01,0.6711,0.6849166666666666
10.0,0.015625,10000.0,0.10278940200805664,rbf,1.7865979671478271,0.1,0.758,0.7661666666666667
10.0,0.015625,10000.0,0.10118770599365234,rbf,1.7914249897003174,1.0,0.8658,0.872
10.0,0.015625,10000.0,0.11424875259399414,rbf,1.7693397998809814,10.0,0.8796,0.8824166666666666
10.0,0.015625,10000.0,0.10158443450927734,rbf,1.7369084358215332,100.0,0.8799,0.8865
10.0,0.03125,10000.0,0.10191106796264648,rbf,1.8000295162200928,0.001,0.6995,0.7023333333333334
10.0,0.03125,10000.0,0.2060091495513916,rbf,1.7556860446929932,0.01,0.6954,0.6958333333333333
10.0,0.03125,10000.0,0.11805844306945801,rbf,1.8179645538330078,0.1,0.7307,0.74575
10.0,0.03125,10000.0,0.10666537284851074,rbf,1.8297810554504395,1.0,0.8535,0.8654166666666666
10.0,0.03125,10000.0,0.10317730903625488,rbf,1.7828888893127441,10.0,0.8634,0.8706666666666667
10.0,0.03125,10000.0,0.10245537757873535,rbf,1.7892935276031494,100.0,0.8616,0.8673333333333333
10.0,0.0625,10000.0,0.10195374488830566,rbf,1.7782220840454102,0.001,0.6165,0.6230833333333333
10.0,0.0625,10000.0,0.11713933944702148,rbf,1.8197689056396484,0.01,0.6143,0.6160833333333333
10.0,0.0625,10000.0,0.10345721244812012,rbf,1.779118299484253,0.1,0.6261,0.63075
10.0,0.0625,10000.0,0.10260486602783203,rbf,1.7804834842681885,1.0,0.7401,0.7436666666666667
10.0,0.0625,10000.0,0.11015009880065918,rbf,1.8381152153015137,10.0,0.7371,0.7384166666666667
10.0,0.0625,10000.0,0.10360956192016602,rbf,1.788273572921753,100.0,0.7345,0.7375
